<?xml version="1.0" encoding="UTF-8"?>
<gpx version="1.1" creator="Thumel-Circuit" xmlns="http://www.topografix.com/GPX/1/1">
  <trk><name>Circuit Thumel — Boucle 4 jours (Bénévolo · Bezzi · Épée)</name>
  <desc>Thumel→Benevolo→Bezzi→Epee→ColFenetre→Thumel · Parco Nazionale Gran Paradiso · Valgrisenche</desc>
  <trkseg>
    <trkpt lat="45.5387617" lon="7.1014612"/>
    <trkpt lat="45.5387065" lon="7.1014073"/>
    <trkpt lat="45.5385751" lon="7.1012792"/>
    <trkpt lat="45.5384234" lon="7.1011554"/>
    <trkpt lat="45.5382959" lon="7.1010686"/>
    <trkpt lat="45.5382047" lon="7.1010169"/>
    <trkpt lat="45.5381456" lon="7.1010035"/>
    <trkpt lat="45.5380538" lon="7.1009906"/>
    <trkpt lat="45.5380274" lon="7.1009754"/>
    <trkpt lat="45.5380087" lon="7.1009466"/>
    <trkpt lat="45.5378332" lon="7.1010342"/>
    <trkpt lat="45.5374808" lon="7.1011288"/>
    <trkpt lat="45.5371814" lon="7.1012702"/>
    <trkpt lat="45.5367919" lon="7.1015712"/>
    <trkpt lat="45.5366648" lon="7.1017156"/>
    <trkpt lat="45.5366052" lon="7.1017458"/>
    <trkpt lat="45.536497" lon="7.1017647"/>
    <trkpt lat="45.5362518" lon="7.101863"/>
    <trkpt lat="45.5360131" lon="7.1018968"/>
    <trkpt lat="45.5359465" lon="7.1018875"/>
    <trkpt lat="45.5358282" lon="7.1017555"/>
    <trkpt lat="45.535783" lon="7.1017156"/>
    <trkpt lat="45.5356939" lon="7.1016633"/>
    <trkpt lat="45.5355507" lon="7.1016174"/>
    <trkpt lat="45.5352733" lon="7.1015314"/>
    <trkpt lat="45.5350328" lon="7.1014426"/>
    <trkpt lat="45.534941" lon="7.1014287"/>
    <trkpt lat="45.5348988" lon="7.1014158"/>
    <trkpt lat="45.5348554" lon="7.1013532"/>
    <trkpt lat="45.534795" lon="7.1012704"/>
    <trkpt lat="45.534676" lon="7.1011305"/>
    <trkpt lat="45.5345988" lon="7.1010215"/>
    <trkpt lat="45.5345405" lon="7.1009571"/>
    <trkpt lat="45.5344616" lon="7.100933"/>
    <trkpt lat="45.5344015" lon="7.1009249"/>
    <trkpt lat="45.5342925" lon="7.1008954"/>
    <trkpt lat="45.5342108" lon="7.100902"/>
    <trkpt lat="45.5340538" lon="7.1008989"/>
    <trkpt lat="45.5339248" lon="7.1008897"/>
    <trkpt lat="45.5337743" lon="7.1008528"/>
    <trkpt lat="45.5336722" lon="7.1007728"/>
    <trkpt lat="45.5335822" lon="7.1007549"/>
    <trkpt lat="45.5334934" lon="7.1008341"/>
    <trkpt lat="45.5334325" lon="7.1008447"/>
    <trkpt lat="45.5332589" lon="7.100762"/>
    <trkpt lat="45.5332166" lon="7.1006886"/>
    <trkpt lat="45.5331519" lon="7.1006007"/>
    <trkpt lat="45.533021" lon="7.1004271"/>
    <trkpt lat="45.533014" lon="7.1002517"/>
    <trkpt lat="45.5330334" lon="7.1000539"/>
    <trkpt lat="45.5330938" lon="7.0998976"/>
    <trkpt lat="45.533137" lon="7.0998091"/>
    <trkpt lat="45.5331314" lon="7.0997555"/>
    <trkpt lat="45.533075" lon="7.0996911"/>
    <trkpt lat="45.5329829" lon="7.0995811"/>
    <trkpt lat="45.5329549" lon="7.0993757"/>
    <trkpt lat="45.5329243" lon="7.0991965"/>
    <trkpt lat="45.5329008" lon="7.099034"/>
    <trkpt lat="45.5328363" lon="7.0989573"/>
    <trkpt lat="45.5328171" lon="7.098895"/>
    <trkpt lat="45.5327934" lon="7.0987388"/>
    <trkpt lat="45.5327823" lon="7.0986655"/>
    <trkpt lat="45.5327475" lon="7.0985315"/>
    <trkpt lat="45.5326842" lon="7.0983956"/>
    <trkpt lat="45.5326211" lon="7.0982188"/>
    <trkpt lat="45.5325326" lon="7.098128"/>
    <trkpt lat="45.5324473" lon="7.0979011"/>
    <trkpt lat="45.5323601" lon="7.0977811"/>
    <trkpt lat="45.5323155" lon="7.0976517"/>
    <trkpt lat="45.5320898" lon="7.0973822"/>
    <trkpt lat="45.5319174" lon="7.0972834"/>
    <trkpt lat="45.5318835" lon="7.097125"/>
    <trkpt lat="45.5318911" lon="7.0969211"/>
    <trkpt lat="45.5319061" lon="7.0967602"/>
    <trkpt lat="45.5319512" lon="7.0965349"/>
    <trkpt lat="45.5319512" lon="7.0963096"/>
    <trkpt lat="45.5319361" lon="7.096095"/>
    <trkpt lat="45.5318835" lon="7.0959555"/>
    <trkpt lat="45.5317783" lon="7.0957195"/>
    <trkpt lat="45.5316581" lon="7.09558"/>
    <trkpt lat="45.5316355" lon="7.0954298"/>
    <trkpt lat="45.5316355" lon="7.0952796"/>
    <trkpt lat="45.5315234" lon="7.095102"/>
    <trkpt lat="45.5314572" lon="7.0948828"/>
    <trkpt lat="45.5314401" lon="7.0947432"/>
    <trkpt lat="45.5314298" lon="7.0946136"/>
    <trkpt lat="45.5313842" lon="7.0944334"/>
    <trkpt lat="45.5313048" lon="7.0942067"/>
    <trkpt lat="45.5312093" lon="7.0940013"/>
    <trkpt lat="45.531118" lon="7.0938276"/>
    <trkpt lat="45.5310019" lon="7.0936749"/>
    <trkpt lat="45.5309511" lon="7.0935466"/>
    <trkpt lat="45.5309385" lon="7.0933717"/>
    <trkpt lat="45.5307195" lon="7.0931708"/>
    <trkpt lat="45.5306283" lon="7.0930114"/>
    <trkpt lat="45.5304856" lon="7.0928227"/>
    <trkpt lat="45.5303278" lon="7.0926618"/>
    <trkpt lat="45.5302283" lon="7.0925207"/>
    <trkpt lat="45.5301507" lon="7.092373"/>
    <trkpt lat="45.5301324" lon="7.0922755"/>
    <trkpt lat="45.5301249" lon="7.0921624"/>
    <trkpt lat="45.5301005" lon="7.0921392"/>
    <trkpt lat="45.5300884" lon="7.0921277"/>
    <trkpt lat="45.5300564" lon="7.0921147"/>
    <trkpt lat="45.529952" lon="7.0920288"/>
    <trkpt lat="45.5299226" lon="7.091967"/>
    <trkpt lat="45.5298998" lon="7.0918476"/>
    <trkpt lat="45.5298511" lon="7.0916501"/>
    <trkpt lat="45.5297827" lon="7.0915111"/>
    <trkpt lat="45.5296664" lon="7.0913528"/>
    <trkpt lat="45.5295515" lon="7.0912723"/>
    <trkpt lat="45.5294785" lon="7.0911919"/>
    <trkpt lat="45.5294108" lon="7.0910524"/>
    <trkpt lat="45.5293883" lon="7.0909237"/>
    <trkpt lat="45.5293131" lon="7.0908271"/>
    <trkpt lat="45.5292455" lon="7.0907306"/>
    <trkpt lat="45.5291402" lon="7.0905911"/>
    <trkpt lat="45.5290891" lon="7.0904976"/>
    <trkpt lat="45.5290061" lon="7.0903412"/>
    <trkpt lat="45.5289827" lon="7.0902237"/>
    <trkpt lat="45.528946" lon="7.0900093"/>
    <trkpt lat="45.528833" lon="7.0898415"/>
    <trkpt lat="45.5286128" lon="7.0896892"/>
    <trkpt lat="45.5285232" lon="7.0896585"/>
    <trkpt lat="45.5284713" lon="7.0895933"/>
    <trkpt lat="45.5284077" lon="7.089467"/>
    <trkpt lat="45.5283736" lon="7.0893036"/>
    <trkpt lat="45.5283287" lon="7.089279"/>
    <trkpt lat="45.5282653" lon="7.0892276"/>
    <trkpt lat="45.5282156" lon="7.0893461"/>
    <trkpt lat="45.5281659" lon="7.089446"/>
    <trkpt lat="45.5280006" lon="7.0895699"/>
    <trkpt lat="45.5279143" lon="7.0896521"/>
    <trkpt lat="45.5277876" lon="7.0896283"/>
    <trkpt lat="45.5276732" lon="7.0895529"/>
    <trkpt lat="45.5276001" lon="7.0894281"/>
    <trkpt lat="45.5275455" lon="7.0892595"/>
    <trkpt lat="45.5275531" lon="7.0891318"/>
    <trkpt lat="45.5275374" lon="7.0890843"/>
    <trkpt lat="45.5274853" lon="7.088892"/>
    <trkpt lat="45.5274737" lon="7.0887263"/>
    <trkpt lat="45.5274708" lon="7.0885398"/>
    <trkpt lat="45.5274911" lon="7.0882663"/>
    <trkpt lat="45.5275854" lon="7.0881281"/>
    <trkpt lat="45.5274743" lon="7.0878635"/>
    <trkpt lat="45.5273762" lon="7.0876327"/>
    <trkpt lat="45.5271944" lon="7.0872989"/>
    <trkpt lat="45.5271044" lon="7.0872052"/>
    <trkpt lat="45.5270838" lon="7.0871411"/>
    <trkpt lat="45.5270613" lon="7.0870956"/>
    <trkpt lat="45.5269789" lon="7.0870956"/>
    <trkpt lat="45.5268421" lon="7.0871945"/>
    <trkpt lat="45.5267859" lon="7.0871758"/>
    <trkpt lat="45.5266509" lon="7.0871598"/>
    <trkpt lat="45.5265891" lon="7.0871598"/>
    <trkpt lat="45.5265516" lon="7.0871357"/>
    <trkpt lat="45.5264992" lon="7.0871143"/>
    <trkpt lat="45.5264017" lon="7.0871384"/>
    <trkpt lat="45.5263249" lon="7.0871732"/>
    <trkpt lat="45.5261092" lon="7.08719"/>
    <trkpt lat="45.5259535" lon="7.087111"/>
    <trkpt lat="45.5258361" lon="7.0869774"/>
    <trkpt lat="45.5257128" lon="7.086836"/>
    <trkpt lat="45.5256002" lon="7.0867095"/>
    <trkpt lat="45.5255174" lon="7.0866107"/>
    <trkpt lat="45.5253308" lon="7.0863253"/>
    <trkpt lat="45.5251267" lon="7.0861704"/>
    <trkpt lat="45.5250943" lon="7.086065"/>
    <trkpt lat="45.5250468" lon="7.085941"/>
    <trkpt lat="45.5249957" lon="7.0858845"/>
    <trkpt lat="45.5248739" lon="7.0856481"/>
    <trkpt lat="45.5246784" lon="7.0854443"/>
    <trkpt lat="45.5245356" lon="7.0852619"/>
    <trkpt lat="45.5243004" lon="7.0850966"/>
    <trkpt lat="45.5242454" lon="7.0850203"/>
    <trkpt lat="45.5241864" lon="7.085"/>
    <trkpt lat="45.5241256" lon="7.0849594"/>
    <trkpt lat="45.5240202" lon="7.0849016"/>
    <trkpt lat="45.5239477" lon="7.0848333"/>
    <trkpt lat="45.5238358" lon="7.0847334"/>
    <trkpt lat="45.5237839" lon="7.0847252"/>
    <trkpt lat="45.5237063" lon="7.0847228"/>
    <trkpt lat="45.5236159" lon="7.0847176"/>
    <trkpt lat="45.5235426" lon="7.0847019"/>
    <trkpt lat="45.5234795" lon="7.0846869"/>
    <trkpt lat="45.5234332" lon="7.084613"/>
    <trkpt lat="45.5233453" lon="7.084538"/>
    <trkpt lat="45.5233137" lon="7.0844737"/>
    <trkpt lat="45.5233117" lon="7.0843942"/>
    <trkpt lat="45.523319" lon="7.0842633"/>
    <trkpt lat="45.5232957" lon="7.084178"/>
    <trkpt lat="45.5232081" lon="7.0839792"/>
    <trkpt lat="45.5231401" lon="7.083885"/>
    <trkpt lat="45.5230971" lon="7.0837716"/>
    <trkpt lat="45.5230966" lon="7.0837224"/>
    <trkpt lat="45.5230454" lon="7.0836817"/>
    <trkpt lat="45.5229488" lon="7.0836359"/>
    <trkpt lat="45.5229047" lon="7.0836582"/>
    <trkpt lat="45.5227266" lon="7.0838065"/>
    <trkpt lat="45.5225353" lon="7.083879"/>
    <trkpt lat="45.5223752" lon="7.0839068"/>
    <trkpt lat="45.5219517" lon="7.0841408"/>
    <trkpt lat="45.5217292" lon="7.08423"/>
    <trkpt lat="45.5216212" lon="7.084279"/>
    <trkpt lat="45.5215776" lon="7.0843699"/>
    <trkpt lat="45.5215926" lon="7.0845197"/>
    <trkpt lat="45.5216277" lon="7.0846701"/>
    <trkpt lat="45.5214944" lon="7.0847118"/>
    <trkpt lat="45.5213537" lon="7.0847118"/>
    <trkpt lat="45.5212985" lon="7.084787"/>
    <trkpt lat="45.5211679" lon="7.0848695"/>
    <trkpt lat="45.5210347" lon="7.0849233"/>
    <trkpt lat="45.520982" lon="7.0850057"/>
    <trkpt lat="45.5208715" lon="7.0851169"/>
    <trkpt lat="45.5207059" lon="7.0851646"/>
    <trkpt lat="45.5207741" lon="7.0853633"/>
    <trkpt lat="45.5207792" lon="7.08547"/>
    <trkpt lat="45.5206984" lon="7.0854834"/>
    <trkpt lat="45.5206053" lon="7.0855373"/>
    <trkpt lat="45.5205324" lon="7.0856976"/>
    <trkpt lat="45.5203993" lon="7.0857407"/>
    <trkpt lat="45.5203113" lon="7.085927"/>
    <trkpt lat="45.520288" lon="7.0859711"/>
    <trkpt lat="45.5202023" lon="7.0859984"/>
    <trkpt lat="45.5201308" lon="7.0860896"/>
    <trkpt lat="45.5200651" lon="7.0862425"/>
    <trkpt lat="45.5200825" lon="7.0863227"/>
    <trkpt lat="45.5200435" lon="7.0863713"/>
    <trkpt lat="45.52002" lon="7.0863847"/>
    <trkpt lat="45.5199871" lon="7.086378"/>
    <trkpt lat="45.51991" lon="7.0863458"/>
    <trkpt lat="45.5198818" lon="7.0863431"/>
    <trkpt lat="45.519785" lon="7.0863833"/>
    <trkpt lat="45.5197381" lon="7.0863914"/>
    <trkpt lat="45.5196883" lon="7.0863874"/>
    <trkpt lat="45.519646" lon="7.0863739"/>
    <trkpt lat="45.5195454" lon="7.0862881"/>
    <trkpt lat="45.5194806" lon="7.0862197"/>
    <trkpt lat="45.519428" lon="7.0861822"/>
    <trkpt lat="45.5193857" lon="7.0861688"/>
    <trkpt lat="45.519303" lon="7.0861862"/>
    <trkpt lat="45.5189985" lon="7.0861111"/>
    <trkpt lat="45.5187796" lon="7.0860078"/>
    <trkpt lat="45.5186161" lon="7.0859247"/>
    <trkpt lat="45.5184695" lon="7.0858576"/>
    <trkpt lat="45.5182928" lon="7.0856243"/>
    <trkpt lat="45.5181876" lon="7.0855626"/>
    <trkpt lat="45.5180034" lon="7.0855143"/>
    <trkpt lat="45.5179001" lon="7.0854392"/>
    <trkpt lat="45.5177975" lon="7.0852903"/>
    <trkpt lat="45.5177159" lon="7.085171"/>
    <trkpt lat="45.5176031" lon="7.08512"/>
    <trkpt lat="45.517511" lon="7.0851495"/>
    <trkpt lat="45.5174321" lon="7.0852675"/>
    <trkpt lat="45.5174176" lon="7.0850811"/>
    <trkpt lat="45.5173816" lon="7.0849959"/>
    <trkpt lat="45.5173456" lon="7.0849768"/>
    <trkpt lat="45.5172809" lon="7.0849843"/>
    <trkpt lat="45.5172331" lon="7.0850309"/>
    <trkpt lat="45.5172006" lon="7.0850394"/>
    <trkpt lat="45.5170825" lon="7.0850111"/>
    <trkpt lat="45.5170383" lon="7.084952"/>
    <trkpt lat="45.516901" lon="7.0848659"/>
    <trkpt lat="45.5168692" lon="7.0848125"/>
    <trkpt lat="45.5168313" lon="7.0847838"/>
    <trkpt lat="45.5167645" lon="7.084807"/>
    <trkpt lat="45.5166609" lon="7.0848698"/>
    <trkpt lat="45.5166097" lon="7.0849095"/>
    <trkpt lat="45.5165882" lon="7.08495"/>
    <trkpt lat="45.5165598" lon="7.0849451"/>
    <trkpt lat="45.5165655" lon="7.0849031"/>
    <trkpt lat="45.5164952" lon="7.0849176"/>
    <trkpt lat="45.5164646" lon="7.0849629"/>
    <trkpt lat="45.5164204" lon="7.084937"/>
    <trkpt lat="45.5162652" lon="7.084937"/>
    <trkpt lat="45.5161461" lon="7.0849273"/>
    <trkpt lat="45.5160419" lon="7.0849257"/>
    <trkpt lat="45.5159387" lon="7.0849548"/>
    <trkpt lat="45.5158832" lon="7.084992"/>
    <trkpt lat="45.5158231" lon="7.085081"/>
    <trkpt lat="45.5157846" lon="7.0851117"/>
    <trkpt lat="45.5156837" lon="7.0851603"/>
    <trkpt lat="45.5155534" lon="7.0851522"/>
    <trkpt lat="45.5154638" lon="7.0851619"/>
    <trkpt lat="45.5153902" lon="7.085101"/>
    <trkpt lat="45.5153933" lon="7.0850338"/>
    <trkpt lat="45.5154048" lon="7.0847821"/>
    <trkpt lat="45.5154161" lon="7.0847082"/>
    <trkpt lat="45.5154389" lon="7.0846524"/>
    <trkpt lat="45.515489" lon="7.0845775"/>
    <trkpt lat="45.5155837" lon="7.084446"/>
    <trkpt lat="45.5155837" lon="7.084446"/>
    <trkpt lat="45.5155929" lon="7.0843944"/>
    <trkpt lat="45.5156012" lon="7.0843399"/>
    <trkpt lat="45.5154944" lon="7.0840701"/>
    <trkpt lat="45.5154124" lon="7.0839288"/>
    <trkpt lat="45.515104" lon="7.0836357"/>
    <trkpt lat="45.5150603" lon="7.0834772"/>
    <trkpt lat="45.5149961" lon="7.0830766"/>
    <trkpt lat="45.5150116" lon="7.0827955"/>
    <trkpt lat="45.5150048" lon="7.082692"/>
    <trkpt lat="45.5149753" lon="7.0825755"/>
    <trkpt lat="45.5149082" lon="7.0825031"/>
    <trkpt lat="45.5147954" lon="7.0824267"/>
    <trkpt lat="45.5147429" lon="7.0823559"/>
    <trkpt lat="45.5147337" lon="7.0822904"/>
    <trkpt lat="45.5149278" lon="7.0819234"/>
    <trkpt lat="45.5149357" lon="7.0818916"/>
    <trkpt lat="45.5149292" lon="7.0818347"/>
    <trkpt lat="45.5148965" lon="7.0817563"/>
    <trkpt lat="45.5148948" lon="7.0816628"/>
    <trkpt lat="45.5149579" lon="7.0816083"/>
    <trkpt lat="45.5149678" lon="7.0815785"/>
    <trkpt lat="45.5150029" lon="7.0815488"/>
    <trkpt lat="45.5150216" lon="7.0814986"/>
    <trkpt lat="45.5150106" lon="7.0814767"/>
    <trkpt lat="45.5149854" lon="7.0814532"/>
    <trkpt lat="45.5149733" lon="7.0814062"/>
    <trkpt lat="45.5149854" lon="7.0813404"/>
    <trkpt lat="45.5149689" lon="7.081309"/>
    <trkpt lat="45.51516" lon="7.0811006"/>
    <trkpt lat="45.5153587" lon="7.0809768"/>
    <trkpt lat="45.5154004" lon="7.0809126"/>
    <trkpt lat="45.515418" lon="7.0808671"/>
    <trkpt lat="45.5154432" lon="7.0808593"/>
    <trkpt lat="45.5154893" lon="7.0808076"/>
    <trkpt lat="45.5154926" lon="7.0807778"/>
    <trkpt lat="45.5155486" lon="7.0807747"/>
    <trkpt lat="45.5156474" lon="7.0807402"/>
    <trkpt lat="45.5158407" lon="7.0806305"/>
    <trkpt lat="45.5159022" lon="7.0805804"/>
    <trkpt lat="45.5159713" lon="7.0805835"/>
    <trkpt lat="45.5160273" lon="7.0805679"/>
    <trkpt lat="45.516068" lon="7.0805397"/>
    <trkpt lat="45.5163578" lon="7.0805255"/>
    <trkpt lat="45.5164149" lon="7.0805052"/>
    <trkpt lat="45.5165313" lon="7.0804174"/>
    <trkpt lat="45.5165906" lon="7.0804394"/>
    <trkpt lat="45.5166093" lon="7.0804284"/>
    <trkpt lat="45.5166158" lon="7.0803814"/>
    <trkpt lat="45.5166367" lon="7.0803281"/>
    <trkpt lat="45.5167092" lon="7.0802999"/>
    <trkpt lat="45.5168278" lon="7.0802748"/>
    <trkpt lat="45.516887" lon="7.0802513"/>
    <trkpt lat="45.5168772" lon="7.0802169"/>
    <trkpt lat="45.5168969" lon="7.0801714"/>
    <trkpt lat="45.5170056" lon="7.0801291"/>
    <trkpt lat="45.5170704" lon="7.0801229"/>
    <trkpt lat="45.5170825" lon="7.0800774"/>
    <trkpt lat="45.5171132" lon="7.0800429"/>
    <trkpt lat="45.5171846" lon="7.0799834"/>
    <trkpt lat="45.5172483" lon="7.0799144"/>
    <trkpt lat="45.5173394" lon="7.0798518"/>
    <trkpt lat="45.5173581" lon="7.0798283"/>
    <trkpt lat="45.5173789" lon="7.0798157"/>
    <trkpt lat="45.5173635" lon="7.0797656"/>
    <trkpt lat="45.5172801" lon="7.0797045"/>
    <trkpt lat="45.517279" lon="7.0796622"/>
    <trkpt lat="45.5171681" lon="7.0795572"/>
    <trkpt lat="45.5171341" lon="7.0794961"/>
    <trkpt lat="45.517077" lon="7.0794365"/>
    <trkpt lat="45.5170045" lon="7.0793864"/>
    <trkpt lat="45.5169507" lon="7.0793237"/>
    <trkpt lat="45.5169024" lon="7.0792814"/>
    <trkpt lat="45.5168958" lon="7.0792172"/>
    <trkpt lat="45.5168497" lon="7.0791921"/>
    <trkpt lat="45.5168278" lon="7.07912"/>
    <trkpt lat="45.5167048" lon="7.0790197"/>
    <trkpt lat="45.516685" lon="7.0789915"/>
    <trkpt lat="45.5166367" lon="7.0790197"/>
    <trkpt lat="45.5166137" lon="7.0790182"/>
    <trkpt lat="45.5165752" lon="7.0789524"/>
    <trkpt lat="45.5165434" lon="7.078943"/>
    <trkpt lat="45.5165104" lon="7.0789821"/>
    <trkpt lat="45.5164852" lon="7.0789774"/>
    <trkpt lat="45.5163732" lon="7.0788395"/>
    <trkpt lat="45.5162392" lon="7.0787737"/>
    <trkpt lat="45.5162041" lon="7.0787408"/>
    <trkpt lat="45.516046" lon="7.0787189"/>
    <trkpt lat="45.5159285" lon="7.0786734"/>
    <trkpt lat="45.5158023" lon="7.0786421"/>
    <trkpt lat="45.5157342" lon="7.0786014"/>
    <trkpt lat="45.5156277" lon="7.0784995"/>
    <trkpt lat="45.5154202" lon="7.0785262"/>
    <trkpt lat="45.51534" lon="7.0785074"/>
    <trkpt lat="45.5152555" lon="7.0785293"/>
    <trkpt lat="45.5152116" lon="7.0785528"/>
    <trkpt lat="45.5151786" lon="7.078545"/>
    <trkpt lat="45.515093" lon="7.0784964"/>
    <trkpt lat="45.5150545" lon="7.0784995"/>
    <trkpt lat="45.5150304" lon="7.0784478"/>
    <trkpt lat="45.514981" lon="7.0784494"/>
    <trkpt lat="45.5149458" lon="7.0784885"/>
    <trkpt lat="45.5149085" lon="7.0784791"/>
    <trkpt lat="45.5148492" lon="7.0784274"/>
    <trkpt lat="45.514791" lon="7.0784494"/>
    <trkpt lat="45.5147416" lon="7.0784854"/>
    <trkpt lat="45.5147175" lon="7.0784697"/>
    <trkpt lat="45.5146648" lon="7.0784964"/>
    <trkpt lat="45.514645" lon="7.0784854"/>
    <trkpt lat="45.5145835" lon="7.0785058"/>
    <trkpt lat="45.5145506" lon="7.0785042"/>
    <trkpt lat="45.514533" lon="7.0784901"/>
    <trkpt lat="45.5144858" lon="7.0785183"/>
    <trkpt lat="45.5143914" lon="7.0784165"/>
    <trkpt lat="45.5143463" lon="7.0784274"/>
    <trkpt lat="45.5142882" lon="7.0784086"/>
    <trkpt lat="45.5142673" lon="7.0783742"/>
    <trkpt lat="45.514197" lon="7.0783789"/>
    <trkpt lat="45.5141531" lon="7.0782896"/>
    <trkpt lat="45.5141103" lon="7.0782504"/>
    <trkpt lat="45.5141169" lon="7.0781767"/>
    <trkpt lat="45.5141224" lon="7.0780874"/>
    <trkpt lat="45.5141191" lon="7.0780044"/>
    <trkpt lat="45.5140598" lon="7.0778398"/>
    <trkpt lat="45.5140191" lon="7.0777787"/>
    <trkpt lat="45.5140169" lon="7.0777537"/>
    <trkpt lat="45.5140817" lon="7.0777286"/>
    <trkpt lat="45.5140894" lon="7.0777051"/>
    <trkpt lat="45.5141235" lon="7.0777255"/>
    <trkpt lat="45.5142245" lon="7.0776675"/>
    <trkpt lat="45.5142794" lon="7.0776832"/>
    <trkpt lat="45.5143057" lon="7.0776408"/>
    <trkpt lat="45.514331" lon="7.0776565"/>
    <trkpt lat="45.5143452" lon="7.0776252"/>
    <trkpt lat="45.5143771" lon="7.0776455"/>
    <trkpt lat="45.5143881" lon="7.0776064"/>
    <trkpt lat="45.5144309" lon="7.0775923"/>
    <trkpt lat="45.514455" lon="7.0775954"/>
    <trkpt lat="45.5144056" lon="7.0774559"/>
    <trkpt lat="45.5144715" lon="7.0774669"/>
    <trkpt lat="45.5145088" lon="7.0774199"/>
    <trkpt lat="45.5145132" lon="7.0773886"/>
    <trkpt lat="45.5144737" lon="7.0773839"/>
    <trkpt lat="45.514477" lon="7.0773275"/>
    <trkpt lat="45.5145407" lon="7.0772381"/>
    <trkpt lat="45.514544" lon="7.077177"/>
    <trkpt lat="45.5145374" lon="7.077141"/>
    <trkpt lat="45.5145198" lon="7.0771629"/>
    <trkpt lat="45.5144847" lon="7.0771692"/>
    <trkpt lat="45.5144968" lon="7.0771159"/>
    <trkpt lat="45.5145637" lon="7.0770548"/>
    <trkpt lat="45.514589" lon="7.0770579"/>
    <trkpt lat="45.5146274" lon="7.0770188"/>
    <trkpt lat="45.514757" lon="7.0769326"/>
    <trkpt lat="45.5147374" lon="7.0769079"/>
    <trkpt lat="45.5147005" lon="7.0769029"/>
    <trkpt lat="45.514675" lon="7.0768878"/>
    <trkpt lat="45.5146399" lon="7.0768803"/>
    <trkpt lat="45.5145889" lon="7.0768239"/>
    <trkpt lat="45.5145546" lon="7.0768314"/>
    <trkpt lat="45.5145274" lon="7.0768038"/>
    <trkpt lat="45.5144879" lon="7.0768189"/>
    <trkpt lat="45.5144475" lon="7.0768001"/>
    <trkpt lat="45.514429" lon="7.07677"/>
    <trkpt lat="45.5144001" lon="7.0767888"/>
    <trkpt lat="45.514379" lon="7.0767788"/>
    <trkpt lat="45.5143825" lon="7.0767286"/>
    <trkpt lat="45.5144273" lon="7.0766308"/>
    <trkpt lat="45.5144071" lon="7.0766133"/>
    <trkpt lat="45.5144194" lon="7.0765757"/>
    <trkpt lat="45.5144914" lon="7.0764842"/>
    <trkpt lat="45.5145186" lon="7.076424"/>
    <trkpt lat="45.5145503" lon="7.0764027"/>
    <trkpt lat="45.5148674" lon="7.0764441"/>
    <trkpt lat="45.5148981" lon="7.0764203"/>
    <trkpt lat="45.5149403" lon="7.0764403"/>
    <trkpt lat="45.5150193" lon="7.0765393"/>
    <trkpt lat="45.5150949" lon="7.0765431"/>
    <trkpt lat="45.5151783" lon="7.0765318"/>
    <trkpt lat="45.515238" lon="7.0765331"/>
    <trkpt lat="45.5152591" lon="7.076523"/>
    <trkpt lat="45.515318" lon="7.0765343"/>
    <trkpt lat="45.5153645" lon="7.0765205"/>
    <trkpt lat="45.5154216" lon="7.0765168"/>
    <trkpt lat="45.5154831" lon="7.0764716"/>
    <trkpt lat="45.5155349" lon="7.0764579"/>
    <trkpt lat="45.5155718" lon="7.0764152"/>
    <trkpt lat="45.5155982" lon="7.0764152"/>
    <trkpt lat="45.5156315" lon="7.0763977"/>
    <trkpt lat="45.5157185" lon="7.0763363"/>
    <trkpt lat="45.5157607" lon="7.0763513"/>
    <trkpt lat="45.5157896" lon="7.076345"/>
    <trkpt lat="45.5158134" lon="7.0762786"/>
    <trkpt lat="45.5158459" lon="7.0762673"/>
    <trkpt lat="45.5159548" lon="7.0762974"/>
    <trkpt lat="45.5159688" lon="7.0762974"/>
    <trkpt lat="45.5159846" lon="7.0762799"/>
    <trkpt lat="45.516011" lon="7.0762799"/>
    <trkpt lat="45.516011" lon="7.0762109"/>
    <trkpt lat="45.5159908" lon="7.0761984"/>
    <trkpt lat="45.5159724" lon="7.076167"/>
    <trkpt lat="45.515989" lon="7.0761507"/>
    <trkpt lat="45.516011" lon="7.0761482"/>
    <trkpt lat="45.5160163" lon="7.0761131"/>
    <trkpt lat="45.5159961" lon="7.076078"/>
    <trkpt lat="45.5160119" lon="7.076048"/>
    <trkpt lat="45.5160347" lon="7.0760655"/>
    <trkpt lat="45.516076" lon="7.076053"/>
    <trkpt lat="45.5160751" lon="7.0760241"/>
    <trkpt lat="45.5160505" lon="7.0760166"/>
    <trkpt lat="45.5160215" lon="7.0759539"/>
    <trkpt lat="45.5160391" lon="7.0759326"/>
    <trkpt lat="45.5160848" lon="7.0759527"/>
    <trkpt lat="45.5161138" lon="7.0759489"/>
    <trkpt lat="45.5161208" lon="7.075885"/>
    <trkpt lat="45.5161594" lon="7.0758775"/>
    <trkpt lat="45.5162253" lon="7.0758875"/>
    <trkpt lat="45.516307" lon="7.0759276"/>
    <trkpt lat="45.5163369" lon="7.0759477"/>
    <trkpt lat="45.5163439" lon="7.0760129"/>
    <trkpt lat="45.5164027" lon="7.0760179"/>
    <trkpt lat="45.516437" lon="7.0760617"/>
    <trkpt lat="45.516466" lon="7.076063"/>
    <trkpt lat="45.5165248" lon="7.0761144"/>
    <trkpt lat="45.5165679" lon="7.076167"/>
    <trkpt lat="45.5165916" lon="7.0761633"/>
    <trkpt lat="45.5166145" lon="7.0760351"/>
    <trkpt lat="45.5166368" lon="7.0760204"/>
    <trkpt lat="45.5166454" lon="7.0759886"/>
    <trkpt lat="45.5167106" lon="7.0759911"/>
    <trkpt lat="45.5167981" lon="7.0760131"/>
    <trkpt lat="45.5168718" lon="7.075996"/>
    <trkpt lat="45.5169679" lon="7.075947"/>
    <trkpt lat="45.5169748" lon="7.0759225"/>
    <trkpt lat="45.5170417" lon="7.0759298"/>
    <trkpt lat="45.5170897" lon="7.0759568"/>
    <trkpt lat="45.5171648" lon="7.0759278"/>
    <trkpt lat="45.5172043" lon="7.0759278"/>
    <trkpt lat="45.5172658" lon="7.075898"/>
    <trkpt lat="45.517347" lon="7.0759106"/>
    <trkpt lat="45.5173854" lon="7.0758855"/>
    <trkpt lat="45.5174195" lon="7.0757382"/>
    <trkpt lat="45.5173549" lon="7.075614"/>
    <trkpt lat="45.5173097" lon="7.0755376"/>
    <trkpt lat="45.5172658" lon="7.0755032"/>
    <trkpt lat="45.5172043" lon="7.0755235"/>
    <trkpt lat="45.5171143" lon="7.0755"/>
    <trkpt lat="45.5170407" lon="7.0754311"/>
    <trkpt lat="45.5169836" lon="7.0753512"/>
    <trkpt lat="45.5169419" lon="7.0752493"/>
    <trkpt lat="45.5168562" lon="7.075149"/>
    <trkpt lat="45.5167827" lon="7.0751067"/>
    <trkpt lat="45.5167278" lon="7.0750628"/>
    <trkpt lat="45.5166916" lon="7.075008"/>
    <trkpt lat="45.5166663" lon="7.075019"/>
    <trkpt lat="45.5166279" lon="7.0749861"/>
    <trkpt lat="45.5165708" lon="7.0748936"/>
    <trkpt lat="45.5164972" lon="7.0748607"/>
    <trkpt lat="45.5164302" lon="7.0747824"/>
    <trkpt lat="45.5164127" lon="7.0747902"/>
    <trkpt lat="45.5163775" lon="7.0747275"/>
    <trkpt lat="45.5163325" lon="7.0746727"/>
    <trkpt lat="45.5163117" lon="7.0746821"/>
    <trkpt lat="45.5162809" lon="7.0746445"/>
    <trkpt lat="45.5162458" lon="7.0747134"/>
    <trkpt lat="45.5161909" lon="7.0746978"/>
    <trkpt lat="45.515946" lon="7.0744737"/>
    <trkpt lat="45.5159289" lon="7.0744328"/>
    <trkpt lat="45.5159481" lon="7.0744073"/>
    <trkpt lat="45.5158795" lon="7.0742545"/>
    <trkpt lat="45.5157999" lon="7.0741586"/>
    <trkpt lat="45.5157532" lon="7.0740587"/>
    <trkpt lat="45.5157148" lon="7.0739235"/>
    <trkpt lat="45.5156736" lon="7.0737375"/>
    <trkpt lat="45.5156046" lon="7.0729873"/>
    <trkpt lat="45.5155906" lon="7.0729276"/>
    <trkpt lat="45.5155634" lon="7.0728853"/>
    <trkpt lat="45.5155316" lon="7.0728629"/>
    <trkpt lat="45.5154885" lon="7.0727836"/>
    <trkpt lat="45.5153959" lon="7.072613"/>
    <trkpt lat="45.515402" lon="7.0725346"/>
    <trkpt lat="45.5153715" lon="7.0724667"/>
    <trkpt lat="45.5153147" lon="7.0724192"/>
    <trkpt lat="45.5152142" lon="7.0721602"/>
    <trkpt lat="45.515147" lon="7.0720528"/>
    <trkpt lat="45.5151368" lon="7.0719034"/>
    <trkpt lat="45.5151567" lon="7.0718557"/>
    <trkpt lat="45.5151732" lon="7.0717958"/>
    <trkpt lat="45.5151519" lon="7.0717322"/>
    <trkpt lat="45.5151232" lon="7.0717021"/>
    <trkpt lat="45.5150912" lon="7.0715787"/>
    <trkpt lat="45.5150577" lon="7.0713898"/>
    <trkpt lat="45.5150505" lon="7.0712931"/>
    <trkpt lat="45.5150192" lon="7.0712474"/>
    <trkpt lat="45.5149596" lon="7.0711875"/>
    <trkpt lat="45.5148869" lon="7.0711172"/>
    <trkpt lat="45.514841" lon="7.0710772"/>
    <trkpt lat="45.5147447" lon="7.0707989"/>
    <trkpt lat="45.5147141" lon="7.0707076"/>
    <trkpt lat="45.514706" lon="7.0705889"/>
    <trkpt lat="45.5147458" lon="7.0704882"/>
    <trkpt lat="45.5147712" lon="7.0702497"/>
    <trkpt lat="45.5147385" lon="7.0700683"/>
    <trkpt lat="45.5145024" lon="7.0697676"/>
    <trkpt lat="45.514452" lon="7.0696481"/>
    <trkpt lat="45.5144056" lon="7.069603"/>
    <trkpt lat="45.5143453" lon="7.0695005"/>
    <trkpt lat="45.5142669" lon="7.0694105"/>
    <trkpt lat="45.5141496" lon="7.069158"/>
    <trkpt lat="45.5141157" lon="7.0690452"/>
    <trkpt lat="45.5141052" lon="7.0688036"/>
    <trkpt lat="45.5140374" lon="7.0685181"/>
    <trkpt lat="45.5140123" lon="7.0681377"/>
    <trkpt lat="45.5140112" lon="7.0679469"/>
    <trkpt lat="45.5139724" lon="7.0679135"/>
    <trkpt lat="45.5139447" lon="7.0678347"/>
    <trkpt lat="45.5139197" lon="7.0676002"/>
    <trkpt lat="45.5138477" lon="7.0674347"/>
    <trkpt lat="45.5137656" lon="7.0673206"/>
    <trkpt lat="45.5137245" lon="7.0671097"/>
    <trkpt lat="45.5136816" lon="7.0669794"/>
    <trkpt lat="45.5136032" lon="7.0665875"/>
    <trkpt lat="45.5133669" lon="7.0661899"/>
    <trkpt lat="45.5133162" lon="7.0659714"/>
    <trkpt lat="45.5132622" lon="7.0658872"/>
    <trkpt lat="45.5130728" lon="7.0656642"/>
    <trkpt lat="45.5129818" lon="7.0655168"/>
    <trkpt lat="45.51287" lon="7.065396"/>
    <trkpt lat="45.5128021" lon="7.0653818"/>
    <trkpt lat="45.512595" lon="7.0651443"/>
    <trkpt lat="45.5124096" lon="7.0649341"/>
    <trkpt lat="45.5123382" lon="7.0647974"/>
    <trkpt lat="45.5120186" lon="7.0644165"/>
    <trkpt lat="45.5120041" lon="7.0643517"/>
    <trkpt lat="45.5118246" lon="7.0640743"/>
    <trkpt lat="45.5117298" lon="7.0639729"/>
    <trkpt lat="45.5116643" lon="7.0639588"/>
    <trkpt lat="45.5116068" lon="7.0639068"/>
    <trkpt lat="45.5116192" lon="7.0638545"/>
    <trkpt lat="45.5116877" lon="7.0637274"/>
    <trkpt lat="45.5115952" lon="7.0629634"/>
    <trkpt lat="45.5116066" lon="7.0628277"/>
    <trkpt lat="45.5116417" lon="7.0627171"/>
    <trkpt lat="45.5116529" lon="7.0626443"/>
    <trkpt lat="45.5116994" lon="7.062539"/>
    <trkpt lat="45.5118874" lon="7.0624443"/>
    <trkpt lat="45.5119312" lon="7.0623695"/>
    <trkpt lat="45.5120332" lon="7.0621362"/>
    <trkpt lat="45.512038" lon="7.0620393"/>
    <trkpt lat="45.5119878" lon="7.0619598"/>
    <trkpt lat="45.5119377" lon="7.0617665"/>
    <trkpt lat="45.5119202" lon="7.0616671"/>
    <trkpt lat="45.5118018" lon="7.0614489"/>
    <trkpt lat="45.5117769" lon="7.0613567"/>
    <trkpt lat="45.5116468" lon="7.0611835"/>
    <trkpt lat="45.5115295" lon="7.0609626"/>
    <trkpt lat="45.5114258" lon="7.0607281"/>
    <trkpt lat="45.5114212" lon="7.0605941"/>
    <trkpt lat="45.5114567" lon="7.060423"/>
    <trkpt lat="45.5114431" lon="7.0603215"/>
    <trkpt lat="45.5114036" lon="7.0601946"/>
    <trkpt lat="45.5112503" lon="7.0599569"/>
    <trkpt lat="45.5111978" lon="7.0598474"/>
    <trkpt lat="45.5111158" lon="7.0597691"/>
    <trkpt lat="45.5110295" lon="7.0596407"/>
    <trkpt lat="45.5108595" lon="7.059493"/>
    <trkpt lat="45.5108044" lon="7.0593728"/>
    <trkpt lat="45.5107473" lon="7.0592919"/>
    <trkpt lat="45.5106068" lon="7.0592539"/>
    <trkpt lat="45.5105093" lon="7.0591666"/>
    <trkpt lat="45.5104375" lon="7.0590715"/>
    <trkpt lat="45.5104233" lon="7.0589894"/>
    <trkpt lat="45.5102906" lon="7.0587981"/>
    <trkpt lat="45.5095968" lon="7.0580565"/>
    <trkpt lat="45.5094569" lon="7.0578274"/>
    <trkpt lat="45.5094272" lon="7.0577781"/>
    <trkpt lat="45.5093814" lon="7.0575232"/>
    <trkpt lat="45.5093304" lon="7.057414"/>
    <trkpt lat="45.509276" lon="7.0573179"/>
    <trkpt lat="45.5092348" lon="7.057166"/>
    <trkpt lat="45.5091952" lon="7.0571197"/>
    <trkpt lat="45.5091441" lon="7.0569778"/>
    <trkpt lat="45.5091238" lon="7.0567111"/>
    <trkpt lat="45.5089672" lon="7.0565457"/>
    <trkpt lat="45.5088701" lon="7.0560675"/>
    <trkpt lat="45.5087949" lon="7.0557501"/>
    <trkpt lat="45.5088763" lon="7.0556786"/>
    <trkpt lat="45.508845" lon="7.0554953"/>
    <trkpt lat="45.5089018" lon="7.0553322"/>
    <trkpt lat="45.5087923" lon="7.0549591"/>
    <trkpt lat="45.5084305" lon="7.0540565"/>
    <trkpt lat="45.5082097" lon="7.0530511"/>
    <trkpt lat="45.5082608" lon="7.0524515"/>
    <trkpt lat="45.5080609" lon="7.0518471"/>
    <trkpt lat="45.5079369" lon="7.0510299"/>
    <trkpt lat="45.5078634" lon="7.0501973"/>
    <trkpt lat="45.5077401" lon="7.049772"/>
    <trkpt lat="45.5076312" lon="7.0494367"/>
    <trkpt lat="45.5077029" lon="7.0490483"/>
    <trkpt lat="45.5076599" lon="7.0487416"/>
    <trkpt lat="45.5074851" lon="7.0484022"/>
    <trkpt lat="45.5072397" lon="7.0478271"/>
    <trkpt lat="45.5070171" lon="7.0475651"/>
    <trkpt lat="45.5068085" lon="7.0471245"/>
    <trkpt lat="45.5066193" lon="7.0466799"/>
    <trkpt lat="45.5063745" lon="7.0462155"/>
    <trkpt lat="45.5061831" lon="7.0460996"/>
    <trkpt lat="45.5059832" lon="7.046088"/>
    <trkpt lat="45.5057753" lon="7.0460302"/>
    <trkpt lat="45.5056997" lon="7.0458645"/>
    <trkpt lat="45.5057024" lon="7.0457759"/>
    <trkpt lat="45.505408" lon="7.0456102"/>
    <trkpt lat="45.5053216" lon="7.0453674"/>
    <trkpt lat="45.5052433" lon="7.0451169"/>
    <trkpt lat="45.5048723" lon="7.0447008"/>
    <trkpt lat="45.5047669" lon="7.0443258"/>
    <trkpt lat="45.504734" lon="7.0442158"/>
    <trkpt lat="45.5047181" lon="7.0440871"/>
    <trkpt lat="45.504719" lon="7.0439838"/>
    <trkpt lat="45.504703" lon="7.0439409"/>
    <trkpt lat="45.5046476" lon="7.043906"/>
    <trkpt lat="45.5046466" lon="7.0438202"/>
    <trkpt lat="45.5046485" lon="7.0437357"/>
    <trkpt lat="45.5046316" lon="7.0436606"/>
    <trkpt lat="45.5045771" lon="7.0435882"/>
    <trkpt lat="45.5045607" lon="7.0435279"/>
    <trkpt lat="45.5045423" lon="7.0434313"/>
    <trkpt lat="45.5045395" lon="7.0432998"/>
    <trkpt lat="45.504516" lon="7.0431979"/>
    <trkpt lat="45.5045376" lon="7.043159"/>
    <trkpt lat="45.5044953" lon="7.0431215"/>
    <trkpt lat="45.5044972" lon="7.0430544"/>
    <trkpt lat="45.5045216" lon="7.0430343"/>
    <trkpt lat="45.5045122" lon="7.0430142"/>
    <trkpt lat="45.5045282" lon="7.0429873"/>
    <trkpt lat="45.5045047" lon="7.0429592"/>
    <trkpt lat="45.504531" lon="7.0429149"/>
    <trkpt lat="45.5045122" lon="7.042876"/>
    <trkpt lat="45.504531" lon="7.0428573"/>
    <trkpt lat="45.5045103" lon="7.0428237"/>
    <trkpt lat="45.5045395" lon="7.0427594"/>
    <trkpt lat="45.5045714" lon="7.0427366"/>
    <trkpt lat="45.5045414" lon="7.0426641"/>
    <trkpt lat="45.5045498" lon="7.042636"/>
    <trkpt lat="45.5045301" lon="7.042581"/>
    <trkpt lat="45.5045075" lon="7.0425045"/>
    <trkpt lat="45.5044633" lon="7.0424482"/>
    <trkpt lat="45.5044107" lon="7.0423812"/>
    <trkpt lat="45.504343" lon="7.042345"/>
    <trkpt lat="45.5042885" lon="7.0423597"/>
    <trkpt lat="45.5042754" lon="7.0423476"/>
    <trkpt lat="45.5042782" lon="7.0423168"/>
    <trkpt lat="45.5043017" lon="7.0422927"/>
    <trkpt lat="45.5042866" lon="7.0422497"/>
    <trkpt lat="45.5042747" lon="7.0420597"/>
    <trkpt lat="45.5044931" lon="7.0418148"/>
    <trkpt lat="45.5046846" lon="7.0417837"/>
    <trkpt lat="45.5051623" lon="7.0410434"/>
    <trkpt lat="45.5053817" lon="7.0404247"/>
    <trkpt lat="45.505537" lon="7.0398212"/>
    <trkpt lat="45.5058472" lon="7.0392605"/>
    <trkpt lat="45.5061486" lon="7.0389491"/>
    <trkpt lat="45.5064913" lon="7.038638"/>
    <trkpt lat="45.5066209" lon="7.0385856"/>
    <trkpt lat="45.5066862" lon="7.0385338"/>
    <trkpt lat="45.5066858" lon="7.0384775"/>
    <trkpt lat="45.5067028" lon="7.038449"/>
    <trkpt lat="45.506741" lon="7.0383559"/>
    <trkpt lat="45.5067973" lon="7.0383036"/>
    <trkpt lat="45.5069266" lon="7.0379074"/>
    <trkpt lat="45.5069372" lon="7.0378238"/>
    <trkpt lat="45.5069324" lon="7.0376769"/>
    <trkpt lat="45.5069748" lon="7.0373252"/>
    <trkpt lat="45.5071723" lon="7.036821"/>
    <trkpt lat="45.5073698" lon="7.0365837"/>
    <trkpt lat="45.5074886" lon="7.0365207"/>
    <trkpt lat="45.5075272" lon="7.0364386"/>
    <trkpt lat="45.507568" lon="7.0363812"/>
    <trkpt lat="45.5076555" lon="7.0363344"/>
    <trkpt lat="45.5077347" lon="7.036242"/>
    <trkpt lat="45.5078292" lon="7.0360844"/>
    <trkpt lat="45.5078944" lon="7.0360046"/>
    <trkpt lat="45.5079677" lon="7.035866"/>
    <trkpt lat="45.5080042" lon="7.0357667"/>
    <trkpt lat="45.5080401" lon="7.0356267"/>
    <trkpt lat="45.5080436" lon="7.0355514"/>
    <trkpt lat="45.5081503" lon="7.035563"/>
    <trkpt lat="45.5082043" lon="7.0355732"/>
    <trkpt lat="45.5084345" lon="7.0356141"/>
    <trkpt lat="45.5081818" lon="7.0358064"/>
    <trkpt lat="45.5082384" lon="7.0357905"/>
    <trkpt lat="45.5083059" lon="7.0357064"/>
    <trkpt lat="45.5083539" lon="7.0356618"/>
    <trkpt lat="45.5084345" lon="7.0356141"/>
    <trkpt lat="45.5084875" lon="7.0355439"/>
    <trkpt lat="45.5084877" lon="7.0354609"/>
    <trkpt lat="45.5085233" lon="7.0354605"/>
    <trkpt lat="45.5085335" lon="7.0354391"/>
    <trkpt lat="45.5085676" lon="7.0354359"/>
    <trkpt lat="45.5087799" lon="7.0352587"/>
    <trkpt lat="45.5088858" lon="7.0351928"/>
    <trkpt lat="45.5089238" lon="7.0351195"/>
    <trkpt lat="45.5089782" lon="7.0350374"/>
    <trkpt lat="45.5090045" lon="7.0350095"/>
    <trkpt lat="45.5091078" lon="7.0348832"/>
    <trkpt lat="45.5091271" lon="7.0348037"/>
    <trkpt lat="45.5091736" lon="7.0347531"/>
    <trkpt lat="45.5092171" lon="7.0347358"/>
    <trkpt lat="45.5095342" lon="7.0343616"/>
    <trkpt lat="45.5099075" lon="7.0340881"/>
    <trkpt lat="45.5102656" lon="7.0339297"/>
    <trkpt lat="45.5104407" lon="7.0338612"/>
    <trkpt lat="45.5106281" lon="7.0337878"/>
    <trkpt lat="45.5107946" lon="7.0335992"/>
    <trkpt lat="45.5109709" lon="7.0336201"/>
    <trkpt lat="45.5110786" lon="7.0334384"/>
    <trkpt lat="45.511206" lon="7.0333057"/>
    <trkpt lat="45.51149" lon="7.0332707"/>
    <trkpt lat="45.5117054" lon="7.0332917"/>
    <trkpt lat="45.5119894" lon="7.0332568"/>
    <trkpt lat="45.5122343" lon="7.0332987"/>
    <trkpt lat="45.5125623" lon="7.0334384"/>
    <trkpt lat="45.5127848" lon="7.0334222"/>
    <trkpt lat="45.513013" lon="7.0335918"/>
    <trkpt lat="45.5133885" lon="7.0336935"/>
    <trkpt lat="45.513688" lon="7.0338767"/>
    <trkpt lat="45.5139019" lon="7.0340123"/>
    <trkpt lat="45.5141395" lon="7.0342837"/>
    <trkpt lat="45.5143677" lon="7.0344193"/>
    <trkpt lat="45.5145055" lon="7.0341751"/>
    <trkpt lat="45.5147765" lon="7.0339784"/>
    <trkpt lat="45.5150494" lon="7.0339933"/>
    <trkpt lat="45.5153032" lon="7.0341711"/>
    <trkpt lat="45.5154877" lon="7.034013"/>
    <trkpt lat="45.5159676" lon="7.0336443"/>
    <trkpt lat="45.5160968" lon="7.0334665"/>
    <trkpt lat="45.5164706" lon="7.0331965"/>
    <trkpt lat="45.5166967" lon="7.0331636"/>
    <trkpt lat="45.5167705" lon="7.0330648"/>
    <trkpt lat="45.5168812" lon="7.0330516"/>
    <trkpt lat="45.5171442" lon="7.0328211"/>
    <trkpt lat="45.5175481" lon="7.0325839"/>
    <trkpt lat="45.5181707" lon="7.0323857"/>
    <trkpt lat="45.5185693" lon="7.0318999"/>
    <trkpt lat="45.5190352" lon="7.0309922"/>
    <trkpt lat="45.5192994" lon="7.0307301"/>
    <trkpt lat="45.5195785" lon="7.0304827"/>
    <trkpt lat="45.5198611" lon="7.0305695"/>
    <trkpt lat="45.5201481" lon="7.0305137"/>
    <trkpt lat="45.5201742" lon="7.0301972"/>
    <trkpt lat="45.5205133" lon="7.0303027"/>
    <trkpt lat="45.5206133" lon="7.0299738"/>
    <trkpt lat="45.5207351" lon="7.030011"/>
    <trkpt lat="45.5209742" lon="7.0299552"/>
    <trkpt lat="45.5210308" lon="7.0296449"/>
    <trkpt lat="45.5209351" lon="7.0293967"/>
    <trkpt lat="45.5209177" lon="7.0288071"/>
    <trkpt lat="45.5213916" lon="7.029074"/>
    <trkpt lat="45.521781" lon="7.0291141"/>
    <trkpt lat="45.5221947" lon="7.0292165"/>
    <trkpt lat="45.522469" lon="7.0291744"/>
    <trkpt lat="45.5227392" lon="7.0290659"/>
    <trkpt lat="45.5225788" lon="7.0287888"/>
    <trkpt lat="45.5227856" lon="7.0286442"/>
    <trkpt lat="45.5227518" lon="7.0285719"/>
    <trkpt lat="45.5228953" lon="7.0284454"/>
    <trkpt lat="45.5228405" lon="7.0283249"/>
    <trkpt lat="45.5229502" lon="7.0282044"/>
    <trkpt lat="45.5228278" lon="7.028102"/>
    <trkpt lat="45.5229502" lon="7.0280418"/>
    <trkpt lat="45.5232372" lon="7.0280117"/>
    <trkpt lat="45.5235453" lon="7.0280056"/>
    <trkpt lat="45.5239951" lon="7.028236"/>
    <trkpt lat="45.5240484" lon="7.0281541"/>
    <trkpt lat="45.5242655" lon="7.0281482"/>
    <trkpt lat="45.5244663" lon="7.0279319"/>
    <trkpt lat="45.5246603" lon="7.0280729"/>
    <trkpt lat="45.5247648" lon="7.0277134"/>
    <trkpt lat="45.5248504" lon="7.0278084"/>
    <trkpt lat="45.525088" lon="7.027537"/>
    <trkpt lat="45.5252591" lon="7.0275099"/>
    <trkpt lat="45.5255085" lon="7.0272578"/>
    <trkpt lat="45.5261082" lon="7.0269663"/>
    <trkpt lat="45.5265856" lon="7.0269399"/>
    <trkpt lat="45.5267263" lon="7.0270297"/>
    <trkpt lat="45.5272" lon="7.0270139"/>
    <trkpt lat="45.527374" lon="7.0269452"/>
    <trkpt lat="45.5277663" lon="7.0269452"/>
    <trkpt lat="45.5283561" lon="7.0267363"/>
    <trkpt lat="45.5288519" lon="7.0264286"/>
    <trkpt lat="45.5292004" lon="7.0261312"/>
    <trkpt lat="45.529967" lon="7.0254805"/>
    <trkpt lat="45.5302774" lon="7.0254157"/>
    <trkpt lat="45.5303855" lon="7.0254605"/>
    <trkpt lat="45.5305041" lon="7.0254008"/>
    <trkpt lat="45.5306436" lon="7.025361"/>
    <trkpt lat="45.5308005" lon="7.0254755"/>
    <trkpt lat="45.5310063" lon="7.0256248"/>
    <trkpt lat="45.5311841" lon="7.0257095"/>
    <trkpt lat="45.5314338" lon="7.02572"/>
    <trkpt lat="45.5317757" lon="7.0256476"/>
    <trkpt lat="45.5323716" lon="7.0251981"/>
    <trkpt lat="45.5325003" lon="7.0249467"/>
    <trkpt lat="45.5326289" lon="7.0248694"/>
    <trkpt lat="45.5327982" lon="7.0248163"/>
    <trkpt lat="45.5329336" lon="7.0248984"/>
    <trkpt lat="45.5332248" lon="7.0247196"/>
    <trkpt lat="45.5334652" lon="7.0246664"/>
    <trkpt lat="45.5335193" lon="7.0245456"/>
    <trkpt lat="45.5336615" lon="7.0245069"/>
    <trkpt lat="45.5337326" lon="7.0242894"/>
    <trkpt lat="45.5338206" lon="7.0242991"/>
    <trkpt lat="45.5339983" lon="7.0239866"/>
    <trkpt lat="45.534147" lon="7.0238593"/>
    <trkpt lat="45.5342362" lon="7.0238593"/>
    <trkpt lat="45.5343007" lon="7.0239017"/>
    <trkpt lat="45.5343948" lon="7.0238239"/>
    <trkpt lat="45.5344345" lon="7.0233285"/>
    <trkpt lat="45.5343007" lon="7.0232436"/>
    <trkpt lat="45.53438" lon="7.0231516"/>
    <trkpt lat="45.5343254" lon="7.0231092"/>
    <trkpt lat="45.5345138" lon="7.0227978"/>
    <trkpt lat="45.5345931" lon="7.0228049"/>
    <trkpt lat="45.5346575" lon="7.0224511"/>
    <trkpt lat="45.5347616" lon="7.0223874"/>
    <trkpt lat="45.5347071" lon="7.02226"/>
    <trkpt lat="45.5348508" lon="7.0222671"/>
    <trkpt lat="45.5349995" lon="7.0221539"/>
    <trkpt lat="45.5353663" lon="7.0217152"/>
    <trkpt lat="45.5357282" lon="7.0214109"/>
    <trkpt lat="45.5360057" lon="7.0211845"/>
    <trkpt lat="45.5361197" lon="7.0212482"/>
    <trkpt lat="45.536204" lon="7.0214038"/>
    <trkpt lat="45.5364964" lon="7.0210925"/>
    <trkpt lat="45.5367889" lon="7.0209368"/>
    <trkpt lat="45.5369078" lon="7.0207599"/>
    <trkpt lat="45.5370863" lon="7.0204769"/>
    <trkpt lat="45.5372548" lon="7.0203636"/>
    <trkpt lat="45.5374332" lon="7.0202433"/>
    <trkpt lat="45.5377752" lon="7.0201372"/>
    <trkpt lat="45.5379982" lon="7.0202929"/>
    <trkpt lat="45.5380875" lon="7.0201372"/>
    <trkpt lat="45.5382411" lon="7.0200169"/>
    <trkpt lat="45.5385187" lon="7.0199178"/>
    <trkpt lat="45.5387268" lon="7.019748"/>
    <trkpt lat="45.5388706" lon="7.0194933"/>
    <trkpt lat="45.5389846" lon="7.0195853"/>
    <trkpt lat="45.5392324" lon="7.019465"/>
    <trkpt lat="45.5396437" lon="7.0192173"/>
    <trkpt lat="45.5400148" lon="7.0188323"/>
    <trkpt lat="45.5402553" lon="7.0186329"/>
    <trkpt lat="45.5404686" lon="7.0183568"/>
    <trkpt lat="45.5406582" lon="7.0181395"/>
    <trkpt lat="45.540723" lon="7.0180515"/>
    <trkpt lat="45.5407287" lon="7.0181072"/>
    <trkpt lat="45.5407485" lon="7.0181447"/>
    <trkpt lat="45.540723" lon="7.0180515"/>
    <trkpt lat="45.5407287" lon="7.0181072"/>
    <trkpt lat="45.5407485" lon="7.0181447"/>
    <trkpt lat="45.5407524" lon="7.018175"/>
    <trkpt lat="45.5407122" lon="7.0184365"/>
    <trkpt lat="45.5406889" lon="7.0186344"/>
    <trkpt lat="45.5406705" lon="7.0187894"/>
    <trkpt lat="45.5406104" lon="7.0190683"/>
    <trkpt lat="45.5405135" lon="7.0193305"/>
    <trkpt lat="45.5404551" lon="7.0194617"/>
    <trkpt lat="45.5403783" lon="7.0195117"/>
    <trkpt lat="45.5403449" lon="7.0195761"/>
    <trkpt lat="45.540248" lon="7.0196071"/>
    <trkpt lat="45.5402263" lon="7.0196333"/>
    <trkpt lat="45.5401512" lon="7.0196667"/>
    <trkpt lat="45.5400944" lon="7.0197406"/>
    <trkpt lat="45.5400009" lon="7.0199027"/>
    <trkpt lat="45.5399458" lon="7.0201483"/>
    <trkpt lat="45.5399141" lon="7.0202841"/>
    <trkpt lat="45.5398206" lon="7.0204796"/>
    <trkpt lat="45.5397655" lon="7.0206084"/>
    <trkpt lat="45.5398306" lon="7.0206179"/>
    <trkpt lat="45.539864" lon="7.0206513"/>
    <trkpt lat="45.5398022" lon="7.0208277"/>
    <trkpt lat="45.5397922" lon="7.0208825"/>
    <trkpt lat="45.5398339" lon="7.0208849"/>
    <trkpt lat="45.5397955" lon="7.021016"/>
    <trkpt lat="45.5397772" lon="7.0210899"/>
    <trkpt lat="45.5398273" lon="7.0211472"/>
    <trkpt lat="45.5398824" lon="7.0212306"/>
    <trkpt lat="45.5398289" lon="7.0213188"/>
    <trkpt lat="45.5398005" lon="7.0214571"/>
    <trkpt lat="45.5397621" lon="7.0215095"/>
    <trkpt lat="45.53945" lon="7.021517"/>
    <trkpt lat="45.5392544" lon="7.0216857"/>
    <trkpt lat="45.5389975" lon="7.0218895"/>
    <trkpt lat="45.5389935" lon="7.0220117"/>
    <trkpt lat="45.5388385" lon="7.0222561"/>
    <trkpt lat="45.5389038" lon="7.0223085"/>
    <trkpt lat="45.5388671" lon="7.0223958"/>
    <trkpt lat="45.5390016" lon="7.022454"/>
    <trkpt lat="45.5391239" lon="7.0226752"/>
    <trkpt lat="45.5392544" lon="7.0227625"/>
    <trkpt lat="45.5391244" lon="7.0230236"/>
    <trkpt lat="45.5391171" lon="7.0230468"/>
    <trkpt lat="45.5391291" lon="7.0230565"/>
    <trkpt lat="45.5391671" lon="7.0230538"/>
    <trkpt lat="45.5391821" lon="7.0230854"/>
    <trkpt lat="45.5391601" lon="7.0231196"/>
    <trkpt lat="45.5391452" lon="7.023154"/>
    <trkpt lat="45.5392548" lon="7.0231743"/>
    <trkpt lat="45.5392822" lon="7.0231947"/>
    <trkpt lat="45.5393047" lon="7.0231886"/>
    <trkpt lat="45.5393094" lon="7.0232027"/>
    <trkpt lat="45.5392695" lon="7.0233699"/>
    <trkpt lat="45.5392712" lon="7.0234213"/>
    <trkpt lat="45.5393108" lon="7.0234247"/>
    <trkpt lat="45.5393418" lon="7.0234079"/>
    <trkpt lat="45.5393935" lon="7.0234086"/>
    <trkpt lat="45.5394254" lon="7.0233972"/>
    <trkpt lat="45.5394827" lon="7.0233969"/>
    <trkpt lat="45.5394582" lon="7.0235017"/>
    <trkpt lat="45.5393807" lon="7.0236647"/>
    <trkpt lat="45.5394786" lon="7.0237229"/>
    <trkpt lat="45.5394663" lon="7.0241361"/>
    <trkpt lat="45.5394704" lon="7.0244446"/>
    <trkpt lat="45.5394052" lon="7.0246075"/>
    <trkpt lat="45.5392258" lon="7.0249335"/>
    <trkpt lat="45.5390587" lon="7.0251139"/>
    <trkpt lat="45.5390424" lon="7.0252885"/>
    <trkpt lat="45.5391565" lon="7.0253758"/>
    <trkpt lat="45.5391239" lon="7.0254922"/>
    <trkpt lat="45.5393277" lon="7.025597"/>
    <trkpt lat="45.5395683" lon="7.0255039"/>
    <trkpt lat="45.539662" lon="7.0255563"/>
    <trkpt lat="45.5397639" lon="7.0254748"/>
    <trkpt lat="45.5398618" lon="7.0255563"/>
    <trkpt lat="45.5399148" lon="7.0255155"/>
    <trkpt lat="45.5400411" lon="7.025597"/>
    <trkpt lat="45.5401594" lon="7.0255854"/>
    <trkpt lat="45.5404447" lon="7.0256494"/>
    <trkpt lat="45.5406445" lon="7.0256494"/>
    <trkpt lat="45.5408605" lon="7.0256668"/>
    <trkpt lat="45.5409862" lon="7.0256981"/>
    <trkpt lat="45.541111" lon="7.0256616"/>
    <trkpt lat="45.5411533" lon="7.0256053"/>
    <trkpt lat="45.5412059" lon="7.0255892"/>
    <trkpt lat="45.5412519" lon="7.0255865"/>
    <trkpt lat="45.5412867" lon="7.0255664"/>
    <trkpt lat="45.5413083" lon="7.0255034"/>
    <trkpt lat="45.54139" lon="7.0254564"/>
    <trkpt lat="45.5414285" lon="7.0253693"/>
    <trkpt lat="45.5414727" lon="7.0253304"/>
    <trkpt lat="45.5415318" lon="7.0252137"/>
    <trkpt lat="45.5415685" lon="7.0251788"/>
    <trkpt lat="45.5415957" lon="7.0251426"/>
    <trkpt lat="45.5416314" lon="7.0250903"/>
    <trkpt lat="45.5416652" lon="7.0250273"/>
    <trkpt lat="45.5417159" lon="7.0249911"/>
    <trkpt lat="45.5418211" lon="7.0248838"/>
    <trkpt lat="45.5418813" lon="7.0248409"/>
    <trkpt lat="45.541993" lon="7.0248355"/>
    <trkpt lat="45.5420604" lon="7.0248562"/>
    <trkpt lat="45.5420785" lon="7.0248811"/>
    <trkpt lat="45.5421283" lon="7.0248972"/>
    <trkpt lat="45.5421649" lon="7.0249307"/>
    <trkpt lat="45.5422297" lon="7.0249213"/>
    <trkpt lat="45.54237" lon="7.0249313"/>
    <trkpt lat="45.5424458" lon="7.0249589"/>
    <trkpt lat="45.5425265" lon="7.0249656"/>
    <trkpt lat="45.5425636" lon="7.0250028"/>
    <trkpt lat="45.5426393" lon="7.0249951"/>
    <trkpt lat="45.5427411" lon="7.0250492"/>
    <trkpt lat="45.5429145" lon="7.0251292"/>
    <trkpt lat="45.5430281" lon="7.0253146"/>
    <trkpt lat="45.5430933" lon="7.0254729"/>
    <trkpt lat="45.5432029" lon="7.0256438"/>
    <trkpt lat="45.543315" lon="7.0258035"/>
    <trkpt lat="45.5433868" lon="7.0259618"/>
    <trkpt lat="45.5434235" lon="7.0260425"/>
    <trkpt lat="45.5434739" lon="7.0260993"/>
    <trkpt lat="45.5435793" lon="7.0262243"/>
    <trkpt lat="45.5436001" lon="7.0262906"/>
    <trkpt lat="45.5436029" lon="7.0264006"/>
    <trkpt lat="45.5435824" lon="7.02646"/>
    <trkpt lat="45.5435879" lon="7.0265199"/>
    <trkpt lat="45.5435372" lon="7.0266205"/>
    <trkpt lat="45.5435042" lon="7.0268046"/>
    <trkpt lat="45.543509" lon="7.0268995"/>
    <trkpt lat="45.5434743" lon="7.026996"/>
    <trkpt lat="45.5434978" lon="7.0270765"/>
    <trkpt lat="45.5434913" lon="7.0271184"/>
    <trkpt lat="45.543502" lon="7.0271894"/>
    <trkpt lat="45.5434517" lon="7.0273326"/>
    <trkpt lat="45.5434508" lon="7.027389"/>
    <trkpt lat="45.5434134" lon="7.0275044"/>
    <trkpt lat="45.5433985" lon="7.0276259"/>
    <trkpt lat="45.5434442" lon="7.0276853"/>
    <trkpt lat="45.5434931" lon="7.027684"/>
    <trkpt lat="45.5435296" lon="7.0277814"/>
    <trkpt lat="45.5434553" lon="7.0280804"/>
    <trkpt lat="45.5435659" lon="7.028161"/>
    <trkpt lat="45.5436801" lon="7.028161"/>
    <trkpt lat="45.543782" lon="7.0281668"/>
    <trkpt lat="45.5439043" lon="7.0282832"/>
    <trkpt lat="45.5440877" lon="7.0284113"/>
    <trkpt lat="45.5442263" lon="7.028516"/>
    <trkpt lat="45.5443201" lon="7.0286907"/>
    <trkpt lat="45.5444342" lon="7.028842"/>
    <trkpt lat="45.544532" lon="7.0289991"/>
    <trkpt lat="45.5446836" lon="7.0291835"/>
    <trkpt lat="45.5447804" lon="7.0295181"/>
    <trkpt lat="45.5448364" lon="7.0295545"/>
    <trkpt lat="45.5448976" lon="7.0296782"/>
    <trkpt lat="45.5451014" lon="7.0295836"/>
    <trkpt lat="45.5452339" lon="7.0294454"/>
    <trkpt lat="45.545402" lon="7.0293435"/>
    <trkpt lat="45.5455804" lon="7.0292126"/>
    <trkpt lat="45.5458096" lon="7.0290234"/>
    <trkpt lat="45.5460848" lon="7.0287397"/>
    <trkpt lat="45.5462733" lon="7.0285287"/>
    <trkpt lat="45.5463497" lon="7.0285214"/>
    <trkpt lat="45.5463497" lon="7.0287033"/>
    <trkpt lat="45.5464516" lon="7.0290307"/>
    <trkpt lat="45.5465535" lon="7.0292708"/>
    <trkpt lat="45.5465892" lon="7.0294963"/>
    <trkpt lat="45.5466198" lon="7.0297364"/>
    <trkpt lat="45.546686" lon="7.0295109"/>
    <trkpt lat="45.5468608" lon="7.0297095"/>
    <trkpt lat="45.5469332" lon="7.0296218"/>
    <trkpt lat="45.5470259" lon="7.0295173"/>
    <trkpt lat="45.5471478" lon="7.029385"/>
    <trkpt lat="45.5472648" lon="7.0292388"/>
    <trkpt lat="45.5473721" lon="7.0292318"/>
    <trkpt lat="45.5474502" lon="7.0293014"/>
    <trkpt lat="45.5475575" lon="7.0293223"/>
    <trkpt lat="45.5477233" lon="7.0292039"/>
    <trkpt lat="45.5478794" lon="7.0290716"/>
    <trkpt lat="45.5480598" lon="7.0288975"/>
    <trkpt lat="45.5482451" lon="7.0287443"/>
    <trkpt lat="45.5483524" lon="7.0286398"/>
    <trkpt lat="45.5484646" lon="7.0285215"/>
    <trkpt lat="45.5485524" lon="7.0283822"/>
    <trkpt lat="45.5487231" lon="7.0283056"/>
    <trkpt lat="45.5489279" lon="7.0283125"/>
    <trkpt lat="45.5490352" lon="7.0284936"/>
    <trkpt lat="45.5491815" lon="7.0285563"/>
    <trkpt lat="45.5493034" lon="7.0287095"/>
    <trkpt lat="45.5493863" lon="7.0288557"/>
    <trkpt lat="45.5494351" lon="7.0289393"/>
    <trkpt lat="45.5495278" lon="7.0290995"/>
    <trkpt lat="45.5496936" lon="7.0290438"/>
    <trkpt lat="45.549835" lon="7.0289045"/>
    <trkpt lat="45.5499569" lon="7.0287373"/>
    <trkpt lat="45.550074" lon="7.0286607"/>
    <trkpt lat="45.550191" lon="7.0286816"/>
    <trkpt lat="45.5502495" lon="7.0287652"/>
    <trkpt lat="45.5502983" lon="7.0289393"/>
    <trkpt lat="45.5503178" lon="7.0291482"/>
    <trkpt lat="45.5504105" lon="7.0292318"/>
    <trkpt lat="45.5505275" lon="7.0292666"/>
    <trkpt lat="45.5506787" lon="7.0292039"/>
    <trkpt lat="45.5508396" lon="7.0291343"/>
    <trkpt lat="45.5509469" lon="7.0290647"/>
    <trkpt lat="45.5510249" lon="7.0288905"/>
    <trkpt lat="45.551103" lon="7.0288488"/>
    <trkpt lat="45.5512054" lon="7.0288905"/>
    <trkpt lat="45.5513078" lon="7.0289741"/>
    <trkpt lat="45.551359" lon="7.0290403"/>
    <trkpt lat="45.5514297" lon="7.0290612"/>
    <trkpt lat="45.5515004" lon="7.0290542"/>
    <trkpt lat="45.5515736" lon="7.029096"/>
    <trkpt lat="45.5516248" lon="7.0291621"/>
    <trkpt lat="45.551676" lon="7.0292179"/>
    <trkpt lat="45.5517613" lon="7.0292492"/>
    <trkpt lat="45.551832" lon="7.0292701"/>
    <trkpt lat="45.5519003" lon="7.0293049"/>
    <trkpt lat="45.5519417" lon="7.0293537"/>
    <trkpt lat="45.551971" lon="7.0294303"/>
    <trkpt lat="45.5519783" lon="7.0295069"/>
    <trkpt lat="45.5519808" lon="7.029667"/>
    <trkpt lat="45.5520526" lon="7.029743"/>
    <trkpt lat="45.5520918" lon="7.0297789"/>
    <trkpt lat="45.5521884" lon="7.0299867"/>
    <trkpt lat="45.5521913" lon="7.0301245"/>
    <trkpt lat="45.5524662" lon="7.0309264"/>
    <trkpt lat="45.5524633" lon="7.0310225"/>
    <trkpt lat="45.5525071" lon="7.0311227"/>
    <trkpt lat="45.5524925" lon="7.0313398"/>
    <trkpt lat="45.5525101" lon="7.0314985"/>
    <trkpt lat="45.5525803" lon="7.0316113"/>
    <trkpt lat="45.5526943" lon="7.0316572"/>
    <trkpt lat="45.5529224" lon="7.0314693"/>
    <trkpt lat="45.5531271" lon="7.0314735"/>
    <trkpt lat="45.5532119" lon="7.0315487"/>
    <trkpt lat="45.5534781" lon="7.0320916"/>
    <trkpt lat="45.553636" lon="7.032338"/>
    <trkpt lat="45.5537939" lon="7.0328057"/>
    <trkpt lat="45.5540425" lon="7.0331023"/>
    <trkpt lat="45.5542764" lon="7.0333403"/>
    <trkpt lat="45.5544694" lon="7.0336577"/>
    <trkpt lat="45.5546741" lon="7.0340962"/>
    <trkpt lat="45.5547531" lon="7.0340795"/>
    <trkpt lat="45.5549256" lon="7.0342006"/>
    <trkpt lat="45.5551274" lon="7.0341964"/>
    <trkpt lat="45.5553175" lon="7.0343468"/>
    <trkpt lat="45.5554959" lon="7.0343844"/>
    <trkpt lat="45.5556392" lon="7.0344053"/>
    <trkpt lat="45.5557444" lon="7.0345097"/>
    <trkpt lat="45.5562825" lon="7.0347227"/>
    <trkpt lat="45.5564258" lon="7.0348145"/>
    <trkpt lat="45.5565779" lon="7.0348479"/>
    <trkpt lat="45.5566598" lon="7.0349064"/>
    <trkpt lat="45.556958" lon="7.0350693"/>
    <trkpt lat="45.5572826" lon="7.0351737"/>
    <trkpt lat="45.5573703" lon="7.0352572"/>
    <trkpt lat="45.5576715" lon="7.0353073"/>
    <trkpt lat="45.5579376" lon="7.0353616"/>
    <trkpt lat="45.5581599" lon="7.0355162"/>
    <trkpt lat="45.5582827" lon="7.0355746"/>
    <trkpt lat="45.5585283" lon="7.0357417"/>
    <trkpt lat="45.5586541" lon="7.0358168"/>
    <trkpt lat="45.558774" lon="7.0360048"/>
    <trkpt lat="45.5589845" lon="7.0362052"/>
    <trkpt lat="45.559119" lon="7.0364391"/>
    <trkpt lat="45.5591687" lon="7.0364767"/>
    <trkpt lat="45.5593003" lon="7.0364767"/>
    <trkpt lat="45.55935" lon="7.0364934"/>
    <trkpt lat="45.5594377" lon="7.0365393"/>
    <trkpt lat="45.5595605" lon="7.0366271"/>
    <trkpt lat="45.5596483" lon="7.0366229"/>
    <trkpt lat="45.5597214" lon="7.0367106"/>
    <trkpt lat="45.5597155" lon="7.0367649"/>
    <trkpt lat="45.5597272" lon="7.0368275"/>
    <trkpt lat="45.5598938" lon="7.0369005"/>
    <trkpt lat="45.559929" lon="7.0370363"/>
    <trkpt lat="45.5599992" lon="7.0370948"/>
    <trkpt lat="45.5600781" lon="7.0373621"/>
    <trkpt lat="45.5601366" lon="7.037383"/>
    <trkpt lat="45.5601629" lon="7.0374665"/>
    <trkpt lat="45.56016" lon="7.0376419"/>
    <trkpt lat="45.560236" lon="7.0377171"/>
    <trkpt lat="45.5604173" lon="7.0379969"/>
    <trkpt lat="45.5605664" lon="7.0383895"/>
    <trkpt lat="45.5607214" lon="7.0384897"/>
    <trkpt lat="45.5608647" lon="7.0384772"/>
    <trkpt lat="45.5609115" lon="7.0385231"/>
    <trkpt lat="45.5609583" lon="7.0384813"/>
    <trkpt lat="45.5610021" lon="7.0385314"/>
    <trkpt lat="45.5611103" lon="7.0385231"/>
    <trkpt lat="45.5612653" lon="7.0385147"/>
    <trkpt lat="45.5613998" lon="7.0386484"/>
    <trkpt lat="45.5614553" lon="7.0386567"/>
    <trkpt lat="45.5614495" lon="7.0385565"/>
    <trkpt lat="45.5614963" lon="7.038498"/>
    <trkpt lat="45.5616337" lon="7.03864"/>
    <trkpt lat="45.5617828" lon="7.0386066"/>
    <trkpt lat="45.5619963" lon="7.0387236"/>
    <trkpt lat="45.562239" lon="7.0388029"/>
    <trkpt lat="45.562429" lon="7.0391161"/>
    <trkpt lat="45.5625869" lon="7.0393542"/>
    <trkpt lat="45.5627799" lon="7.0395087"/>
    <trkpt lat="45.5630138" lon="7.039705"/>
    <trkpt lat="45.5630986" lon="7.0398052"/>
    <trkpt lat="45.5631893" lon="7.0398386"/>
    <trkpt lat="45.5633296" lon="7.0400307"/>
    <trkpt lat="45.5633325" lon="7.0401184"/>
    <trkpt lat="45.5633618" lon="7.040202"/>
    <trkpt lat="45.5633618" lon="7.0403106"/>
    <trkpt lat="45.5634232" lon="7.0404108"/>
    <trkpt lat="45.5634495" lon="7.0406655"/>
    <trkpt lat="45.563505" lon="7.0407365"/>
    <trkpt lat="45.5635752" lon="7.0408368"/>
    <trkpt lat="45.5636103" lon="7.0409913"/>
    <trkpt lat="45.5637009" lon="7.0412252"/>
    <trkpt lat="45.5637214" lon="7.0413797"/>
    <trkpt lat="45.5637799" lon="7.0415551"/>
    <trkpt lat="45.5638086" lon="7.0416831"/>
    <trkpt lat="45.5638325" lon="7.0419143"/>
    <trkpt lat="45.5638881" lon="7.0422191"/>
    <trkpt lat="45.5639875" lon="7.0424572"/>
    <trkpt lat="45.5640167" lon="7.042595"/>
    <trkpt lat="45.5643383" lon="7.0430648"/>
    <trkpt lat="45.5643997" lon="7.0431045"/>
    <trkpt lat="45.5644416" lon="7.0431376"/>
    <trkpt lat="45.5644864" lon="7.0431697"/>
    <trkpt lat="45.5646089" lon="7.0432588"/>
    <trkpt lat="45.5646603" lon="7.0433178"/>
    <trkpt lat="45.564779" lon="7.0433507"/>
    <trkpt lat="45.5648512" lon="7.0434082"/>
    <trkpt lat="45.5648958" lon="7.0434574"/>
    <trkpt lat="45.564921" lon="7.0434709"/>
    <trkpt lat="45.5649234" lon="7.0434958"/>
    <trkpt lat="45.564882" lon="7.04352"/>
    <trkpt lat="45.5648845" lon="7.0435532"/>
    <trkpt lat="45.5649063" lon="7.0435988"/>
    <trkpt lat="45.5649777" lon="7.0436617"/>
    <trkpt lat="45.5651133" lon="7.043674"/>
    <trkpt lat="45.5652771" lon="7.0437397"/>
    <trkpt lat="45.5654766" lon="7.0438352"/>
    <trkpt lat="45.5656125" lon="7.0439221"/>
    <trkpt lat="45.5656947" lon="7.0439621"/>
    <trkpt lat="45.5657451" lon="7.0439407"/>
    <trkpt lat="45.5657906" lon="7.0439002"/>
    <trkpt lat="45.5658412" lon="7.043839"/>
    <trkpt lat="45.5658931" lon="7.0437689"/>
    <trkpt lat="45.565953" lon="7.0437078"/>
    <trkpt lat="45.5660414" lon="7.0436408"/>
    <trkpt lat="45.566096" lon="7.0434474"/>
    <trkpt lat="45.566107" lon="7.0433034"/>
    <trkpt lat="45.5661067" lon="7.0432275"/>
    <trkpt lat="45.5661248" lon="7.0431627"/>
    <trkpt lat="45.5661554" lon="7.0430818"/>
    <trkpt lat="45.5661887" lon="7.0430187"/>
    <trkpt lat="45.5662244" lon="7.0430056"/>
    <trkpt lat="45.5663129" lon="7.0430039"/>
    <trkpt lat="45.5663643" lon="7.0430687"/>
    <trkpt lat="45.566381" lon="7.0432082"/>
    <trkpt lat="45.5664511" lon="7.0433549"/>
    <trkpt lat="45.5664797" lon="7.0434771"/>
    <trkpt lat="45.5664775" lon="7.0435773"/>
    <trkpt lat="45.5664366" lon="7.0436959"/>
    <trkpt lat="45.5664695" lon="7.0437805"/>
    <trkpt lat="45.5665206" lon="7.043887"/>
    <trkpt lat="45.5665565" lon="7.0440331"/>
    <trkpt lat="45.5665331" lon="7.0441721"/>
    <trkpt lat="45.5665107" lon="7.0443482"/>
    <trkpt lat="45.5664222" lon="7.0445228"/>
    <trkpt lat="45.5663749" lon="7.0446363"/>
    <trkpt lat="45.566411" lon="7.0447995"/>
    <trkpt lat="45.5664181" lon="7.0448774"/>
    <trkpt lat="45.5664869" lon="7.045013"/>
    <trkpt lat="45.566551" lon="7.0450232"/>
    <trkpt lat="45.5666174" lon="7.0450266"/>
    <trkpt lat="45.5665391" lon="7.0451486"/>
    <trkpt lat="45.5665842" lon="7.0451621"/>
    <trkpt lat="45.5666649" lon="7.0451418"/>
    <trkpt lat="45.5667503" lon="7.0450977"/>
    <trkpt lat="45.5668238" lon="7.0450333"/>
    <trkpt lat="45.5669259" lon="7.0449961"/>
    <trkpt lat="45.5670184" lon="7.0449757"/>
    <trkpt lat="45.5671157" lon="7.0449961"/>
    <trkpt lat="45.5672106" lon="7.0449859"/>
    <trkpt lat="45.5672912" lon="7.045013"/>
    <trkpt lat="45.5673814" lon="7.045074"/>
    <trkpt lat="45.5674549" lon="7.045074"/>
    <trkpt lat="45.567519" lon="7.0450977"/>
    <trkpt lat="45.5675641" lon="7.0452367"/>
    <trkpt lat="45.5675949" lon="7.0453417"/>
    <trkpt lat="45.5676352" lon="7.0454061"/>
    <trkpt lat="45.5677254" lon="7.0453858"/>
    <trkpt lat="45.5678393" lon="7.045379"/>
    <trkpt lat="45.5678511" lon="7.0453485"/>
    <trkpt lat="45.5679484" lon="7.0453892"/>
    <trkpt lat="45.5680215" lon="7.0454016"/>
    <trkpt lat="45.568088" lon="7.0454775"/>
    <trkpt lat="45.5681848" lon="7.0455344"/>
    <trkpt lat="45.5682948" lon="7.0455697"/>
    <trkpt lat="45.5682645" lon="7.0456293"/>
    <trkpt lat="45.5681905" lon="7.0456836"/>
    <trkpt lat="45.5682664" lon="7.0456727"/>
    <trkpt lat="45.5683518" lon="7.0456158"/>
    <trkpt lat="45.5684277" lon="7.0456429"/>
    <trkpt lat="45.5684922" lon="7.0456022"/>
    <trkpt lat="45.5685568" lon="7.0455995"/>
    <trkpt lat="45.5686555" lon="7.045586"/>
    <trkpt lat="45.56857" lon="7.0456808"/>
    <trkpt lat="45.5686232" lon="7.0456944"/>
    <trkpt lat="45.5685719" lon="7.0457568"/>
    <trkpt lat="45.5686668" lon="7.0457134"/>
    <trkpt lat="45.5687238" lon="7.0457649"/>
    <trkpt lat="45.5686403" lon="7.0458544"/>
    <trkpt lat="45.5686725" lon="7.0458571"/>
    <trkpt lat="45.5687997" lon="7.0458272"/>
    <trkpt lat="45.5687579" lon="7.0459032"/>
    <trkpt lat="45.5686593" lon="7.0459926"/>
    <trkpt lat="45.5687352" lon="7.0460143"/>
    <trkpt lat="45.5688453" lon="7.0459709"/>
    <trkpt lat="45.5689136" lon="7.0459845"/>
    <trkpt lat="45.5688927" lon="7.0460197"/>
    <trkpt lat="45.5688263" lon="7.0461282"/>
    <trkpt lat="45.5688927" lon="7.0461255"/>
    <trkpt lat="45.5690044" lon="7.0461026"/>
    <trkpt lat="45.5689162" lon="7.0461704"/>
    <trkpt lat="45.5688116" lon="7.0462509"/>
    <trkpt lat="45.5690131" lon="7.0462509"/>
    <trkpt lat="45.5691156" lon="7.0462932"/>
    <trkpt lat="45.5693048" lon="7.0462767"/>
    <trkpt lat="45.5694344" lon="7.0463144"/>
    <trkpt lat="45.5695604" lon="7.0462615"/>
    <trkpt lat="45.5697346" lon="7.046145"/>
    <trkpt lat="45.5698532" lon="7.0460338"/>
    <trkpt lat="45.5699941" lon="7.0458378"/>
    <trkpt lat="45.5702128" lon="7.0457055"/>
    <trkpt lat="45.5703759" lon="7.0455307"/>
    <trkpt lat="45.5705427" lon="7.0454407"/>
    <trkpt lat="45.5706836" lon="7.0454195"/>
    <trkpt lat="45.5707985" lon="7.0453242"/>
    <trkpt lat="45.5709245" lon="7.0453348"/>
    <trkpt lat="45.5710468" lon="7.0452712"/>
    <trkpt lat="45.571158" lon="7.045213"/>
    <trkpt lat="45.5712767" lon="7.0450647"/>
    <trkpt lat="45.5714064" lon="7.0448"/>
    <trkpt lat="45.5714583" lon="7.0447523"/>
    <trkpt lat="45.5715584" lon="7.0447099"/>
    <trkpt lat="45.5715324" lon="7.0447947"/>
    <trkpt lat="45.571613" lon="7.0447278"/>
    <trkpt lat="45.5716473" lon="7.0446994"/>
    <trkpt lat="45.5716325" lon="7.0448159"/>
    <trkpt lat="45.5717029" lon="7.044837"/>
    <trkpt lat="45.5718883" lon="7.0448"/>
    <trkpt lat="45.5719698" lon="7.0448582"/>
    <trkpt lat="45.5719179" lon="7.0451177"/>
    <trkpt lat="45.5720884" lon="7.0451283"/>
    <trkpt lat="45.5720514" lon="7.0452024"/>
    <trkpt lat="45.5721663" lon="7.0451971"/>
    <trkpt lat="45.5721255" lon="7.0453719"/>
    <trkpt lat="45.5722256" lon="7.0452236"/>
    <trkpt lat="45.5722071" lon="7.0453613"/>
    <trkpt lat="45.5722923" lon="7.0453083"/>
    <trkpt lat="45.5722627" lon="7.0454619"/>
    <trkpt lat="45.5723479" lon="7.0453824"/>
    <trkpt lat="45.572322" lon="7.0454989"/>
    <trkpt lat="45.572385" lon="7.0454354"/>
    <trkpt lat="45.572359" lon="7.0456048"/>
    <trkpt lat="45.5723702" lon="7.045949"/>
    <trkpt lat="45.5723368" lon="7.0461661"/>
    <trkpt lat="45.572233" lon="7.0463303"/>
    <trkpt lat="45.5721033" lon="7.046468"/>
    <trkpt lat="45.5721774" lon="7.0464574"/>
    <trkpt lat="45.5721144" lon="7.0465368"/>
    <trkpt lat="45.5721959" lon="7.0465262"/>
    <trkpt lat="45.5721329" lon="7.0466056"/>
    <trkpt lat="45.5722219" lon="7.0466268"/>
    <trkpt lat="45.5721959" lon="7.0467221"/>
    <trkpt lat="45.5722775" lon="7.0466904"/>
    <trkpt lat="45.5722256" lon="7.0468016"/>
    <trkpt lat="45.5721774" lon="7.0470769"/>
    <trkpt lat="45.5721255" lon="7.0475005"/>
    <trkpt lat="45.5720996" lon="7.0478394"/>
    <trkpt lat="45.5720736" lon="7.0481413"/>
    <trkpt lat="45.572044" lon="7.0483478"/>
    <trkpt lat="45.5719587" lon="7.0485278"/>
    <trkpt lat="45.5718623" lon="7.0486973"/>
    <trkpt lat="45.5717363" lon="7.0490203"/>
    <trkpt lat="45.5716844" lon="7.0492109"/>
    <trkpt lat="45.571588" lon="7.0493168"/>
    <trkpt lat="45.5715732" lon="7.0494333"/>
    <trkpt lat="45.571525" lon="7.0496769"/>
    <trkpt lat="45.5715213" lon="7.0498199"/>
    <trkpt lat="45.5714249" lon="7.0499999"/>
    <trkpt lat="45.5714805" lon="7.0500793"/>
    <trkpt lat="45.5713693" lon="7.0501852"/>
    <trkpt lat="45.5714472" lon="7.0503123"/>
    <trkpt lat="45.5713619" lon="7.0504394"/>
    <trkpt lat="45.5714361" lon="7.0505188"/>
    <trkpt lat="45.5714805" lon="7.0508419"/>
    <trkpt lat="45.5715658" lon="7.0508577"/>
    <trkpt lat="45.5716548" lon="7.050916"/>
    <trkpt lat="45.5717066" lon="7.0510007"/>
    <trkpt lat="45.57174" lon="7.0511172"/>
    <trkpt lat="45.5717845" lon="7.0512496"/>
    <trkpt lat="45.5719341" lon="7.0515744"/>
    <trkpt lat="45.5720326" lon="7.0519715"/>
    <trkpt lat="45.5720905" lon="7.0524349"/>
    <trkpt lat="45.5721195" lon="7.0527079"/>
    <trkpt lat="45.5721079" lon="7.052923"/>
    <trkpt lat="45.5721832" lon="7.0530388"/>
    <trkpt lat="45.5722006" lon="7.0533119"/>
    <trkpt lat="45.5722469" lon="7.0535353"/>
    <trkpt lat="45.5722932" lon="7.0536677"/>
    <trkpt lat="45.5724438" lon="7.0538"/>
    <trkpt lat="45.5724684" lon="7.054092"/>
    <trkpt lat="45.572587" lon="7.0540708"/>
    <trkpt lat="45.5726552" lon="7.0542064"/>
    <trkpt lat="45.5727264" lon="7.0542996"/>
    <trkpt lat="45.5728361" lon="7.0544055"/>
    <trkpt lat="45.5729666" lon="7.0544351"/>
    <trkpt lat="45.5730882" lon="7.0545114"/>
    <trkpt lat="45.5731475" lon="7.0546512"/>
    <trkpt lat="45.5732572" lon="7.0547698"/>
    <trkpt lat="45.5733847" lon="7.0548206"/>
    <trkpt lat="45.5735537" lon="7.0549138"/>
    <trkpt lat="45.5738265" lon="7.0550409"/>
    <trkpt lat="45.5739985" lon="7.0550579"/>
    <trkpt lat="45.5741142" lon="7.0550875"/>
    <trkpt lat="45.5742061" lon="7.0551256"/>
    <trkpt lat="45.5742713" lon="7.0551045"/>
    <trkpt lat="45.5745115" lon="7.0551383"/>
    <trkpt lat="45.5746361" lon="7.0551383"/>
    <trkpt lat="45.5748021" lon="7.0552104"/>
    <trkpt lat="45.5748847" lon="7.0552295"/>
    <trkpt lat="45.5750216" lon="7.0552612"/>
    <trkpt lat="45.5751224" lon="7.0552443"/>
    <trkpt lat="45.5751817" lon="7.0551977"/>
    <trkpt lat="45.575152" lon="7.0551045"/>
    <trkpt lat="45.5751935" lon="7.055024"/>
    <trkpt lat="45.5752706" lon="7.0550324"/>
    <trkpt lat="45.5754456" lon="7.0549901"/>
    <trkpt lat="45.575576" lon="7.054952"/>
    <trkpt lat="45.575668" lon="7.054863"/>
    <trkpt lat="45.5757095" lon="7.054791"/>
    <trkpt lat="45.5758133" lon="7.0547571"/>
    <trkpt lat="45.5759497" lon="7.0546808"/>
    <trkpt lat="45.5760238" lon="7.0545453"/>
    <trkpt lat="45.5760712" lon="7.0544436"/>
    <trkpt lat="45.576092" lon="7.0543208"/>
    <trkpt lat="45.5761507" lon="7.0542678"/>
    <trkpt lat="45.5762077" lon="7.0541492"/>
    <trkpt lat="45.5762693" lon="7.0540746"/>
    <trkpt lat="45.5763618" lon="7.0540577"/>
    <trkpt lat="45.5764283" lon="7.054017"/>
    <trkpt lat="45.5765397" lon="7.053895"/>
    <trkpt lat="45.5766512" lon="7.0538306"/>
    <trkpt lat="45.5768102" lon="7.053712"/>
    <trkpt lat="45.5769217" lon="7.0536747"/>
    <trkpt lat="45.5770592" lon="7.0535731"/>
    <trkpt lat="45.5771612" lon="7.053529"/>
    <trkpt lat="45.5772466" lon="7.0534544"/>
    <trkpt lat="45.5773676" lon="7.0534172"/>
    <trkpt lat="45.5774981" lon="7.0533901"/>
    <trkpt lat="45.5776428" lon="7.0533426"/>
    <trkpt lat="45.5777519" lon="7.0533189"/>
    <trkpt lat="45.5778468" lon="7.0533223"/>
    <trkpt lat="45.5779132" lon="7.0533053"/>
    <trkpt lat="45.5780057" lon="7.0532647"/>
    <trkpt lat="45.5781575" lon="7.0532206"/>
    <trkpt lat="45.578231" lon="7.0531698"/>
    <trkpt lat="45.5783046" lon="7.0531901"/>
    <trkpt lat="45.5783686" lon="7.0531223"/>
    <trkpt lat="45.5785086" lon="7.0529698"/>
    <trkpt lat="45.5786248" lon="7.0528512"/>
    <trkpt lat="45.5786794" lon="7.0528241"/>
    <trkpt lat="45.5787837" lon="7.0526919"/>
    <trkpt lat="45.578881" lon="7.0526208"/>
    <trkpt lat="45.5789498" lon="7.0526106"/>
    <trkpt lat="45.5789854" lon="7.0525326"/>
    <trkpt lat="45.579066" lon="7.0524784"/>
    <trkpt lat="45.5791988" lon="7.0523869"/>
    <trkpt lat="45.5793008" lon="7.0522819"/>
    <trkpt lat="45.5793767" lon="7.0522683"/>
    <trkpt lat="45.5794645" lon="7.0520921"/>
    <trkpt lat="45.5795096" lon="7.0520412"/>
    <trkpt lat="45.5795546" lon="7.0520277"/>
    <trkpt lat="45.5796685" lon="7.0518921"/>
    <trkpt lat="45.579742" lon="7.0518582"/>
    <trkpt lat="45.5798416" lon="7.0518684"/>
    <trkpt lat="45.5800148" lon="7.0517837"/>
    <trkpt lat="45.5801737" lon="7.0516888"/>
    <trkpt lat="45.5802757" lon="7.0516515"/>
    <trkpt lat="45.5803137" lon="7.0515058"/>
    <trkpt lat="45.580354" lon="7.0513906"/>
    <trkpt lat="45.5803943" lon="7.0513601"/>
    <trkpt lat="45.5804252" lon="7.0513465"/>
    <trkpt lat="45.5804892" lon="7.0514007"/>
    <trkpt lat="45.5805841" lon="7.0514109"/>
    <trkpt lat="45.5806457" lon="7.0514922"/>
    <trkpt lat="45.5807145" lon="7.0516041"/>
    <trkpt lat="45.5808735" lon="7.0515634"/>
    <trkpt lat="45.5809588" lon="7.0515973"/>
    <trkpt lat="45.581068" lon="7.0516176"/>
    <trkpt lat="45.5811439" lon="7.0517362"/>
    <trkpt lat="45.5812364" lon="7.0518176"/>
    <trkpt lat="45.5813455" lon="7.0518786"/>
    <trkpt lat="45.581438" lon="7.0518582"/>
    <trkpt lat="45.5815755" lon="7.0518108"/>
    <trkpt lat="45.581668" lon="7.0517871"/>
    <trkpt lat="45.58177" lon="7.0517566"/>
    <trkpt lat="45.5818459" lon="7.0517532"/>
    <trkpt lat="45.581974" lon="7.0517091"/>
    <trkpt lat="45.5821638" lon="7.051621"/>
    <trkpt lat="45.5822871" lon="7.0515295"/>
    <trkpt lat="45.5823654" lon="7.0514414"/>
    <trkpt lat="45.5824223" lon="7.0513702"/>
    <trkpt lat="45.5825172" lon="7.0512889"/>
    <trkpt lat="45.5825694" lon="7.0512381"/>
    <trkpt lat="45.5826548" lon="7.0510991"/>
    <trkpt lat="45.5826998" lon="7.0511161"/>
    <trkpt lat="45.5827662" lon="7.0510991"/>
    <trkpt lat="45.582854" lon="7.0511533"/>
    <trkpt lat="45.5829323" lon="7.051211"/>
    <trkpt lat="45.5830485" lon="7.0511466"/>
    <trkpt lat="45.583122" lon="7.0512143"/>
    <trkpt lat="45.5831818" lon="7.0512126"/>
    <trkpt lat="45.5832542" lon="7.0512617"/>
    <trkpt lat="45.5833448" lon="7.051325"/>
    <trkpt lat="45.5834352" lon="7.0512264"/>
    <trkpt lat="45.5835515" lon="7.0511671"/>
    <trkpt lat="45.5836341" lon="7.0513634"/>
    <trkpt lat="45.5837515" lon="7.0514727"/>
    <trkpt lat="45.5839697" lon="7.0514991"/>
    <trkpt lat="45.5841563" lon="7.0514924"/>
    <trkpt lat="45.5843501" lon="7.0514915"/>
    <trkpt lat="45.5844589" lon="7.0514615"/>
    <trkpt lat="45.5845732" lon="7.0515224"/>
    <trkpt lat="45.5846845" lon="7.0515202"/>
    <trkpt lat="45.5847363" lon="7.0514789"/>
    <trkpt lat="45.5848429" lon="7.0514941"/>
    <trkpt lat="45.584974" lon="7.0514527"/>
    <trkpt lat="45.5850898" lon="7.0514854"/>
    <trkpt lat="45.5852315" lon="7.0514658"/>
    <trkpt lat="45.585393" lon="7.0514811"/>
    <trkpt lat="45.5856841" lon="7.0514723"/>
    <trkpt lat="45.5857801" lon="7.0516182"/>
    <trkpt lat="45.5858654" lon="7.0518033"/>
    <trkpt lat="45.5859782" lon="7.0518817"/>
    <trkpt lat="45.5860437" lon="7.0519035"/>
    <trkpt lat="45.5861306" lon="7.0518882"/>
    <trkpt lat="45.5861443" lon="7.0519514"/>
    <trkpt lat="45.5862129" lon="7.0519231"/>
    <trkpt lat="45.5862464" lon="7.0520624"/>
    <trkpt lat="45.5863653" lon="7.0521125"/>
    <trkpt lat="45.5863912" lon="7.0522344"/>
    <trkpt lat="45.5865192" lon="7.0522823"/>
    <trkpt lat="45.5865618" lon="7.0523651"/>
    <trkpt lat="45.5866213" lon="7.0523564"/>
    <trkpt lat="45.58667" lon="7.0523977"/>
    <trkpt lat="45.5867569" lon="7.0524086"/>
    <trkpt lat="45.5868392" lon="7.0524609"/>
    <trkpt lat="45.5868803" lon="7.0524086"/>
    <trkpt lat="45.5869154" lon="7.052413"/>
    <trkpt lat="45.5869474" lon="7.0524413"/>
    <trkpt lat="45.5870083" lon="7.0524217"/>
    <trkpt lat="45.5870906" lon="7.052487"/>
    <trkpt lat="45.5871317" lon="7.0526068"/>
    <trkpt lat="45.5871851" lon="7.0526786"/>
    <trkpt lat="45.5871835" lon="7.0527897"/>
    <trkpt lat="45.5872338" lon="7.052966"/>
    <trkpt lat="45.5872628" lon="7.0531119"/>
    <trkpt lat="45.5873115" lon="7.0531729"/>
    <trkpt lat="45.587371" lon="7.0533101"/>
    <trkpt lat="45.5874075" lon="7.0534886"/>
    <trkpt lat="45.5874578" lon="7.0536367"/>
    <trkpt lat="45.5875294" lon="7.0537325"/>
    <trkpt lat="45.5875904" lon="7.0538523"/>
    <trkpt lat="45.5876026" lon="7.054033"/>
    <trkpt lat="45.587598" lon="7.0542093"/>
    <trkpt lat="45.5876102" lon="7.0543269"/>
    <trkpt lat="45.5876376" lon="7.0543531"/>
    <trkpt lat="45.5876757" lon="7.0543095"/>
    <trkpt lat="45.5877153" lon="7.0542986"/>
    <trkpt lat="45.5877519" lon="7.0543574"/>
    <trkpt lat="45.5877961" lon="7.0543966"/>
    <trkpt lat="45.5878632" lon="7.0544053"/>
    <trkpt lat="45.5879104" lon="7.0545098"/>
    <trkpt lat="45.5879272" lon="7.0546252"/>
    <trkpt lat="45.5879272" lon="7.0547493"/>
    <trkpt lat="45.5880018" lon="7.0548103"/>
    <trkpt lat="45.5880612" lon="7.0548996"/>
    <trkpt lat="45.5881421" lon="7.0550236"/>
    <trkpt lat="45.5881411" lon="7.0550797"/>
    <trkpt lat="45.5882458" lon="7.0554123"/>
    <trkpt lat="45.5883265" lon="7.0557107"/>
    <trkpt lat="45.5883435" lon="7.0559119"/>
    <trkpt lat="45.588311" lon="7.0563742"/>
    <trkpt lat="45.5883192" lon="7.0564699"/>
    <trkpt lat="45.5883599" lon="7.0565942"/>
    <trkpt lat="45.5884011" lon="7.056672"/>
    <trkpt lat="45.58842" lon="7.0567607"/>
    <trkpt lat="45.588388" lon="7.0569295"/>
    <trkpt lat="45.5883411" lon="7.0570099"/>
    <trkpt lat="45.588314" lon="7.0571466"/>
    <trkpt lat="45.5883167" lon="7.0572835"/>
    <trkpt lat="45.5883355" lon="7.057431"/>
    <trkpt lat="45.5883224" lon="7.0575792"/>
    <trkpt lat="45.5882359" lon="7.0578774"/>
    <trkpt lat="45.5881646" lon="7.0579889"/>
    <trkpt lat="45.5881288" lon="7.05811"/>
    <trkpt lat="45.5881138" lon="7.0585237"/>
    <trkpt lat="45.5881553" lon="7.0587721"/>
    <trkpt lat="45.588167" lon="7.0590038"/>
    <trkpt lat="45.5881417" lon="7.0594871"/>
    <trkpt lat="45.5881536" lon="7.0595692"/>
    <trkpt lat="45.5881953" lon="7.0596723"/>
    <trkpt lat="45.5882677" lon="7.0597999"/>
    <trkpt lat="45.5883174" lon="7.0598789"/>
    <trkpt lat="45.5883516" lon="7.0599003"/>
    <trkpt lat="45.5884834" lon="7.0598778"/>
    <trkpt lat="45.5885551" lon="7.0598718"/>
    <trkpt lat="45.5886271" lon="7.0599123"/>
    <trkpt lat="45.588724" lon="7.0600489"/>
    <trkpt lat="45.5888074" lon="7.060179"/>
    <trkpt lat="45.5874446" lon="7.0619312"/>
    <trkpt lat="45.5875184" lon="7.0618394"/>
    <trkpt lat="45.5876053" lon="7.0616841"/>
    <trkpt lat="45.587715" lon="7.061552"/>
    <trkpt lat="45.5879213" lon="7.0614181"/>
    <trkpt lat="45.5879924" lon="7.0612756"/>
    <trkpt lat="45.588106" lon="7.0610725"/>
    <trkpt lat="45.5882558" lon="7.0607892"/>
    <trkpt lat="45.5883291" lon="7.0606008"/>
    <trkpt lat="45.5883922" lon="7.0604872"/>
    <trkpt lat="45.5884471" lon="7.0604492"/>
    <trkpt lat="45.5884929" lon="7.0604715"/>
    <trkpt lat="45.5885771" lon="7.0605587"/>
    <trkpt lat="45.5885881" lon="7.0605629"/>
    <trkpt lat="45.5886006" lon="7.0605619"/>
    <trkpt lat="45.58861" lon="7.0605501"/>
    <trkpt lat="45.5886139" lon="7.060515"/>
    <trkpt lat="45.5886089" lon="7.0603134"/>
    <trkpt lat="45.5886195" lon="7.0602299"/>
    <trkpt lat="45.5886604" lon="7.0601837"/>
    <trkpt lat="45.5888074" lon="7.060179"/>
    <trkpt lat="45.587368" lon="7.061981"/>
    <trkpt lat="45.5872583" lon="7.0619998"/>
    <trkpt lat="45.5871337" lon="7.0619875"/>
    <trkpt lat="45.5870223" lon="7.0620066"/>
    <trkpt lat="45.5868959" lon="7.0620034"/>
    <trkpt lat="45.586808" lon="7.0620644"/>
    <trkpt lat="45.5867993" lon="7.0621356"/>
    <trkpt lat="45.5868718" lon="7.0622418"/>
    <trkpt lat="45.586904" lon="7.0623626"/>
    <trkpt lat="45.5869949" lon="7.0624273"/>
    <trkpt lat="45.5870642" lon="7.0625095"/>
    <trkpt lat="45.5870809" lon="7.0626233"/>
    <trkpt lat="45.5870899" lon="7.0627687"/>
    <trkpt lat="45.587129" lon="7.0628382"/>
    <trkpt lat="45.5872518" lon="7.0628565"/>
    <trkpt lat="45.5873964" lon="7.0629245"/>
    <trkpt lat="45.5874779" lon="7.0629508"/>
    <trkpt lat="45.587565" lon="7.0629789"/>
    <trkpt lat="45.5877994" lon="7.0633406"/>
    <trkpt lat="45.5878322" lon="7.0635684"/>
    <trkpt lat="45.5878561" lon="7.0637318"/>
    <trkpt lat="45.5879166" lon="7.0639034"/>
    <trkpt lat="45.5879808" lon="7.0640333"/>
    <trkpt lat="45.5880854" lon="7.064245"/>
    <trkpt lat="45.5882383" lon="7.0646139"/>
    <trkpt lat="45.5882993" lon="7.0647348"/>
    <trkpt lat="45.5883448" lon="7.0648366"/>
    <trkpt lat="45.5883794" lon="7.0650105"/>
    <trkpt lat="45.5885296" lon="7.0654202"/>
    <trkpt lat="45.5888662" lon="7.0660591"/>
    <trkpt lat="45.5889766" lon="7.0664947"/>
    <trkpt lat="45.5889576" lon="7.0668002"/>
    <trkpt lat="45.5889464" lon="7.0669805"/>
    <trkpt lat="45.5889633" lon="7.0670739"/>
    <trkpt lat="45.5889999" lon="7.0671984"/>
    <trkpt lat="45.589065" lon="7.0672396"/>
    <trkpt lat="45.589202" lon="7.0674795"/>
    <trkpt lat="45.5892398" lon="7.0676586"/>
    <trkpt lat="45.5892751" lon="7.0679322"/>
    <trkpt lat="45.5893091" lon="7.0682499"/>
    <trkpt lat="45.5893301" lon="7.0684012"/>
    <trkpt lat="45.5892881" lon="7.0688046"/>
    <trkpt lat="45.5892572" lon="7.0691669"/>
    <trkpt lat="45.5892399" lon="7.0694095"/>
    <trkpt lat="45.5892685" lon="7.0696034"/>
    <trkpt lat="45.5892879" lon="7.069906"/>
    <trkpt lat="45.5892405" lon="7.070323"/>
    <trkpt lat="45.5891847" lon="7.0706478"/>
    <trkpt lat="45.589173" lon="7.07097"/>
    <trkpt lat="45.5891118" lon="7.0713097"/>
    <trkpt lat="45.5890132" lon="7.0717386"/>
    <trkpt lat="45.5890158" lon="7.0721566"/>
    <trkpt lat="45.5889832" lon="7.0724985"/>
    <trkpt lat="45.5888316" lon="7.0733166"/>
    <trkpt lat="45.5887317" lon="7.0737092"/>
    <trkpt lat="45.588713" lon="7.0739275"/>
    <trkpt lat="45.5886651" lon="7.074084"/>
    <trkpt lat="45.5886776" lon="7.0745064"/>
    <trkpt lat="45.5887609" lon="7.0746492"/>
    <trkpt lat="45.5886193" lon="7.0750775"/>
    <trkpt lat="45.5884903" lon="7.0757914"/>
    <trkpt lat="45.5883487" lon="7.0762138"/>
    <trkpt lat="45.5882555" lon="7.076586"/>
    <trkpt lat="45.5881989" lon="7.07688"/>
    <trkpt lat="45.5881311" lon="7.0771827"/>
    <trkpt lat="45.5880301" lon="7.0774483"/>
    <trkpt lat="45.5878159" lon="7.0778641"/>
    <trkpt lat="45.5876866" lon="7.0782684"/>
    <trkpt lat="45.5874764" lon="7.0788574"/>
    <trkpt lat="45.5872986" lon="7.0792905"/>
    <trkpt lat="45.5871248" lon="7.0794234"/>
    <trkpt lat="45.5870336" lon="7.0798495"/>
    <trkpt lat="45.5868924" lon="7.0802363"/>
    <trkpt lat="45.5867865" lon="7.0807745"/>
    <trkpt lat="45.5868963" lon="7.0814864"/>
    <trkpt lat="45.5871658" lon="7.0814452"/>
    <trkpt lat="45.5870731" lon="7.0820146"/>
    <trkpt lat="45.5871358" lon="7.0820146"/>
    <trkpt lat="45.5870043" lon="7.0836861"/>
    <trkpt lat="45.5868067" lon="7.0843553"/>
    <trkpt lat="45.5863878" lon="7.08509"/>
    <trkpt lat="45.5858584" lon="7.0865101"/>
    <trkpt lat="45.5856403" lon="7.0870278"/>
    <trkpt lat="45.5852299" lon="7.0873448"/>
    <trkpt lat="45.5847508" lon="7.0878924"/>
    <trkpt lat="45.5841155" lon="7.0885488"/>
    <trkpt lat="45.5842986" lon="7.0885847"/>
    <trkpt lat="45.5839899" lon="7.0889232"/>
    <trkpt lat="45.5843596" lon="7.0890925"/>
    <trkpt lat="45.5839935" lon="7.0894258"/>
    <trkpt lat="45.5837961" lon="7.0895438"/>
    <trkpt lat="45.5835556" lon="7.0895386"/>
    <trkpt lat="45.5834946" lon="7.0894361"/>
    <trkpt lat="45.5833385" lon="7.0893444"/>
    <trkpt lat="45.5831858" lon="7.0892754"/>
    <trkpt lat="45.5830476" lon="7.0892796"/>
    <trkpt lat="45.58298" lon="7.0894834"/>
    <trkpt lat="45.5827501" lon="7.0892928"/>
    <trkpt lat="45.5826417" lon="7.0893701"/>
    <trkpt lat="45.5826183" lon="7.0896672"/>
    <trkpt lat="45.5825389" lon="7.0899233"/>
    <trkpt lat="45.5824091" lon="7.0899258"/>
    <trkpt lat="45.5824772" lon="7.0901846"/>
    <trkpt lat="45.5823774" lon="7.0901486"/>
    <trkpt lat="45.5824169" lon="7.0903686"/>
    <trkpt lat="45.5823461" lon="7.0903385"/>
    <trkpt lat="45.5823324" lon="7.0905107"/>
    <trkpt lat="45.5822573" lon="7.0905134"/>
    <trkpt lat="45.5823469" lon="7.0906793"/>
    <trkpt lat="45.5822012" lon="7.0906326"/>
    <trkpt lat="45.5823108" lon="7.0908576"/>
    <trkpt lat="45.5821775" lon="7.0907789"/>
    <trkpt lat="45.5825597" lon="7.0913299"/>
    <trkpt lat="45.5822441" lon="7.0913261"/>
    <trkpt lat="45.5820865" lon="7.0912081"/>
    <trkpt lat="45.5820158" lon="7.0913849"/>
    <trkpt lat="45.5816949" lon="7.09141"/>
    <trkpt lat="45.581895" lon="7.0916238"/>
    <trkpt lat="45.5820409" lon="7.0916926"/>
    <trkpt lat="45.5821701" lon="7.0918414"/>
    <trkpt lat="45.5819942" lon="7.0918875"/>
    <trkpt lat="45.5818856" lon="7.0920047"/>
    <trkpt lat="45.5817107" lon="7.0920106"/>
    <trkpt lat="45.5819727" lon="7.0921696"/>
    <trkpt lat="45.5817107" lon="7.0923901"/>
    <trkpt lat="45.5819153" lon="7.0926517"/>
    <trkpt lat="45.5815061" lon="7.0927645"/>
    <trkpt lat="45.5817035" lon="7.0930261"/>
    <trkpt lat="45.5810727" lon="7.0931151"/>
    <trkpt lat="45.5812473" lon="7.0936221"/>
    <trkpt lat="45.5810765" lon="7.0938072"/>
    <trkpt lat="45.5809976" lon="7.0938206"/>
    <trkpt lat="45.5809432" lon="7.0938957"/>
    <trkpt lat="45.5808807" lon="7.0938873"/>
    <trkpt lat="45.5808287" lon="7.0941478"/>
    <trkpt lat="45.5807415" lon="7.0943287"/>
    <trkpt lat="45.5806935" lon="7.0944214"/>
    <trkpt lat="45.5806535" lon="7.0946623"/>
    <trkpt lat="45.5805828" lon="7.0948505"/>
    <trkpt lat="45.5805106" lon="7.0950322"/>
    <trkpt lat="45.580641" lon="7.0950724"/>
    <trkpt lat="45.5805082" lon="7.0954108"/>
    <trkpt lat="45.5803682" lon="7.0955801"/>
    <trkpt lat="45.5805513" lon="7.0955955"/>
    <trkpt lat="45.5803897" lon="7.0958211"/>
    <trkpt lat="45.5803826" lon="7.0960314"/>
    <trkpt lat="45.5801815" lon="7.0962058"/>
    <trkpt lat="45.5803215" lon="7.0963494"/>
    <trkpt lat="45.5801636" lon="7.0963801"/>
    <trkpt lat="45.5802174" lon="7.0964981"/>
    <trkpt lat="45.5800797" lon="7.0965886"/>
    <trkpt lat="45.5800815" lon="7.0968032"/>
    <trkpt lat="45.5800202" lon="7.0970286"/>
    <trkpt lat="45.5799633" lon="7.0970875"/>
    <trkpt lat="45.5799163" lon="7.0972672"/>
    <trkpt lat="45.5799182" lon="7.0974013"/>
    <trkpt lat="45.57983" lon="7.0976695"/>
    <trkpt lat="45.5796854" lon="7.0979217"/>
    <trkpt lat="45.5794001" lon="7.0983079"/>
    <trkpt lat="45.5793212" lon="7.0984206"/>
    <trkpt lat="45.5792016" lon="7.0984436"/>
    <trkpt lat="45.5791335" lon="7.0985091"/>
    <trkpt lat="45.5790377" lon="7.0984876"/>
    <trkpt lat="45.5788594" lon="7.0987505"/>
    <trkpt lat="45.578743" lon="7.0990428"/>
    <trkpt lat="45.5788707" lon="7.0990536"/>
    <trkpt lat="45.5787862" lon="7.0991421"/>
    <trkpt lat="45.5786923" lon="7.0991421"/>
    <trkpt lat="45.5785158" lon="7.0993647"/>
    <trkpt lat="45.5785083" lon="7.0995498"/>
    <trkpt lat="45.5784727" lon="7.0995766"/>
    <trkpt lat="45.5784351" lon="7.0998099"/>
    <trkpt lat="45.5783903" lon="7.0998624"/>
    <trkpt lat="45.5781462" lon="7.1001291"/>
    <trkpt lat="45.578035" lon="7.1004009"/>
    <trkpt lat="45.5778878" lon="7.1005753"/>
    <trkpt lat="45.5776114" lon="7.1011138"/>
    <trkpt lat="45.5775611" lon="7.1015036"/>
    <trkpt lat="45.5775539" lon="7.101919"/>
    <trkpt lat="45.5775001" lon="7.1023805"/>
    <trkpt lat="45.5774463" lon="7.1027344"/>
    <trkpt lat="45.5774786" lon="7.1030216"/>
    <trkpt lat="45.5774247" lon="7.1032678"/>
    <trkpt lat="45.5775898" lon="7.1036537"/>
    <trkpt lat="45.5776222" lon="7.1037294"/>
    <trkpt lat="45.5775611" lon="7.1040319"/>
    <trkpt lat="45.5775145" lon="7.1042884"/>
    <trkpt lat="45.577396" lon="7.1047499"/>
    <trkpt lat="45.5773063" lon="7.1048217"/>
    <trkpt lat="45.5772775" lon="7.1049756"/>
    <trkpt lat="45.5772093" lon="7.1051294"/>
    <trkpt lat="45.5772022" lon="7.1054525"/>
    <trkpt lat="45.577259" lon="7.1056455"/>
    <trkpt lat="45.5772654" lon="7.1058957"/>
    <trkpt lat="45.5771036" lon="7.1060612"/>
    <trkpt lat="45.5770083" lon="7.1061808"/>
    <trkpt lat="45.5769006" lon="7.1064116"/>
    <trkpt lat="45.576994" lon="7.1063911"/>
    <trkpt lat="45.5769724" lon="7.1064629"/>
    <trkpt lat="45.5770155" lon="7.106468"/>
    <trkpt lat="45.5769724" lon="7.1066167"/>
    <trkpt lat="45.5770478" lon="7.1068629"/>
    <trkpt lat="45.5770083" lon="7.1073347"/>
    <trkpt lat="45.5770298" lon="7.1076373"/>
    <trkpt lat="45.5771842" lon="7.1079245"/>
    <trkpt lat="45.5772524" lon="7.1085143"/>
    <trkpt lat="45.5772416" lon="7.1088938"/>
    <trkpt lat="45.5772955" lon="7.1093605"/>
    <trkpt lat="45.5772488" lon="7.109581"/>
    <trkpt lat="45.5772704" lon="7.1097554"/>
    <trkpt lat="45.577256" lon="7.1100016"/>
    <trkpt lat="45.5773134" lon="7.1101965"/>
    <trkpt lat="45.5773206" lon="7.1104785"/>
    <trkpt lat="45.5773493" lon="7.1107555"/>
    <trkpt lat="45.5774857" lon="7.1110427"/>
    <trkpt lat="45.5775037" lon="7.1112529"/>
    <trkpt lat="45.5773745" lon="7.1113555"/>
    <trkpt lat="45.5773745" lon="7.1114991"/>
    <trkpt lat="45.5774714" lon="7.1117094"/>
    <trkpt lat="45.5774355" lon="7.1119402"/>
    <trkpt lat="45.5773781" lon="7.1123556"/>
    <trkpt lat="45.5774068" lon="7.1125966"/>
    <trkpt lat="45.5773839" lon="7.1127249"/>
    <trkpt lat="45.5773758" lon="7.1127729"/>
    <trkpt lat="45.5773413" lon="7.1128689"/>
    <trkpt lat="45.5773267" lon="7.1130038"/>
    <trkpt lat="45.5773222" lon="7.1130596"/>
    <trkpt lat="45.5773231" lon="7.1130998"/>
    <trkpt lat="45.5773401" lon="7.1131574"/>
    <trkpt lat="45.5773457" lon="7.1131761"/>
    <trkpt lat="45.5772977" lon="7.1132945"/>
    <trkpt lat="45.5772668" lon="7.1133556"/>
    <trkpt lat="45.5772096" lon="7.1134346"/>
    <trkpt lat="45.5771705" lon="7.1135072"/>
    <trkpt lat="45.5770952" lon="7.1135889"/>
    <trkpt lat="45.5770362" lon="7.1136707"/>
    <trkpt lat="45.5769998" lon="7.1137667"/>
    <trkpt lat="45.5769553" lon="7.113864"/>
    <trkpt lat="45.5769326" lon="7.1139263"/>
    <trkpt lat="45.5769254" lon="7.1139483"/>
    <trkpt lat="45.5769281" lon="7.1139872"/>
    <trkpt lat="45.5769199" lon="7.1140171"/>
    <trkpt lat="45.5769272" lon="7.1140742"/>
    <trkpt lat="45.5769272" lon="7.1140999"/>
    <trkpt lat="45.5769272" lon="7.1141247"/>
    <trkpt lat="45.5769217" lon="7.1141416"/>
    <trkpt lat="45.576899" lon="7.1141286"/>
    <trkpt lat="45.5768872" lon="7.1140962"/>
    <trkpt lat="45.5768727" lon="7.1140832"/>
    <trkpt lat="45.5768418" lon="7.1141118"/>
    <trkpt lat="45.57682" lon="7.1141286"/>
    <trkpt lat="45.5768109" lon="7.114089"/>
    <trkpt lat="45.5767892" lon="7.1139872"/>
    <trkpt lat="45.5767728" lon="7.1139587"/>
    <trkpt lat="45.5767583" lon="7.1139587"/>
    <trkpt lat="45.5767256" lon="7.1140093"/>
    <trkpt lat="45.5766884" lon="7.1140625"/>
    <trkpt lat="45.5766847" lon="7.1141014"/>
    <trkpt lat="45.5766838" lon="7.1141494"/>
    <trkpt lat="45.576672" lon="7.1141805"/>
    <trkpt lat="45.5766493" lon="7.114165"/>
    <trkpt lat="45.5766348" lon="7.1141611"/>
    <trkpt lat="45.5766366" lon="7.1141922"/>
    <trkpt lat="45.5766484" lon="7.1142337"/>
    <trkpt lat="45.5766539" lon="7.1142584"/>
    <trkpt lat="45.5766475" lon="7.1142791"/>
    <trkpt lat="45.5766357" lon="7.1142765"/>
    <trkpt lat="45.5766242" lon="7.114248"/>
    <trkpt lat="45.5765803" lon="7.1142"/>
    <trkpt lat="45.5765558" lon="7.1141507"/>
    <trkpt lat="45.5765416" lon="7.1141201"/>
    <trkpt lat="45.5765195" lon="7.1140858"/>
    <trkpt lat="45.5764993" lon="7.1140254"/>
    <trkpt lat="45.5764907" lon="7.1140209"/>
    <trkpt lat="45.5764821" lon="7.1140345"/>
    <trkpt lat="45.5764467" lon="7.1141623"/>
    <trkpt lat="45.5764421" lon="7.1142168"/>
    <trkpt lat="45.5764498" lon="7.1143115"/>
    <trkpt lat="45.5764485" lon="7.1143906"/>
    <trkpt lat="45.5764498" lon="7.1144302"/>
    <trkpt lat="45.5764471" lon="7.114449"/>
    <trkpt lat="45.576443" lon="7.1144704"/>
    <trkpt lat="45.576359" lon="7.1144205"/>
    <trkpt lat="45.5763359" lon="7.1144107"/>
    <trkpt lat="45.5763277" lon="7.1144211"/>
    <trkpt lat="45.5763245" lon="7.1144464"/>
    <trkpt lat="45.5763381" lon="7.1145113"/>
    <trkpt lat="45.5763477" lon="7.1145664"/>
    <trkpt lat="45.5763686" lon="7.114619"/>
    <trkpt lat="45.5763935" lon="7.1146469"/>
    <trkpt lat="45.5764117" lon="7.1146644"/>
    <trkpt lat="45.5764135" lon="7.114678"/>
    <trkpt lat="45.576409" lon="7.1146936"/>
    <trkpt lat="45.5763907" lon="7.1146917"/>
    <trkpt lat="45.576372" lon="7.1146715"/>
    <trkpt lat="45.5763663" lon="7.1146724"/>
    <trkpt lat="45.5763643" lon="7.1146917"/>
    <trkpt lat="45.5763823" lon="7.1147109"/>
    <trkpt lat="45.5764022" lon="7.1147421"/>
    <trkpt lat="45.5764151" lon="7.114765"/>
    <trkpt lat="45.5763874" lon="7.1148137"/>
    <trkpt lat="45.5763085" lon="7.1148449"/>
    <trkpt lat="45.5762057" lon="7.1148182"/>
    <trkpt lat="45.5761499" lon="7.1147678"/>
    <trkpt lat="45.5760548" lon="7.114594"/>
    <trkpt lat="45.5760458" lon="7.1145977"/>
    <trkpt lat="45.5760394" lon="7.1146115"/>
    <trkpt lat="45.5760458" lon="7.1146582"/>
    <trkpt lat="45.5760388" lon="7.1146876"/>
    <trkpt lat="45.5760471" lon="7.1147793"/>
    <trkpt lat="45.5760407" lon="7.1148307"/>
    <trkpt lat="45.5760458" lon="7.114861"/>
    <trkpt lat="45.5760491" lon="7.1149702"/>
    <trkpt lat="45.5760529" lon="7.1150023"/>
    <trkpt lat="45.5760632" lon="7.1150435"/>
    <trkpt lat="45.5760822" lon="7.1150942"/>
    <trkpt lat="45.5761075" lon="7.1151907"/>
    <trkpt lat="45.5761293" lon="7.1152311"/>
    <trkpt lat="45.5763117" lon="7.1152934"/>
    <trkpt lat="45.5764311" lon="7.1153301"/>
    <trkpt lat="45.5766045" lon="7.1153705"/>
    <trkpt lat="45.576634" lon="7.1153962"/>
    <trkpt lat="45.5766713" lon="7.1155375"/>
    <trkpt lat="45.5766918" lon="7.1156219"/>
    <trkpt lat="45.5766918" lon="7.1156916"/>
    <trkpt lat="45.5767175" lon="7.1157393"/>
    <trkpt lat="45.5767637" lon="7.1157833"/>
    <trkpt lat="45.5767933" lon="7.1158273"/>
    <trkpt lat="45.5768819" lon="7.1160659"/>
    <trkpt lat="45.5769037" lon="7.1161301"/>
    <trkpt lat="45.5769307" lon="7.1161521"/>
    <trkpt lat="45.5769692" lon="7.1161888"/>
    <trkpt lat="45.5770026" lon="7.116209"/>
    <trkpt lat="45.5770296" lon="7.1162365"/>
    <trkpt lat="45.5770373" lon="7.1162769"/>
    <trkpt lat="45.5770308" lon="7.1163135"/>
    <trkpt lat="45.5770156" lon="7.1163159"/>
    <trkpt lat="45.5769835" lon="7.1162893"/>
    <trkpt lat="45.5769398" lon="7.1162737"/>
    <trkpt lat="45.5769231" lon="7.1162737"/>
    <trkpt lat="45.576878" lon="7.1162558"/>
    <trkpt lat="45.5768575" lon="7.1162438"/>
    <trkpt lat="45.5768504" lon="7.1162585"/>
    <trkpt lat="45.5768568" lon="7.1162833"/>
    <trkpt lat="45.5768896" lon="7.1163062"/>
    <trkpt lat="45.5769088" lon="7.1163337"/>
    <trkpt lat="45.5769268" lon="7.1164034"/>
    <trkpt lat="45.5769397" lon="7.1164842"/>
    <trkpt lat="45.5770191" lon="7.1167148"/>
    <trkpt lat="45.5767511" lon="7.1165403"/>
    <trkpt lat="45.5765698" lon="7.1164457"/>
    <trkpt lat="45.5763503" lon="7.1162715"/>
    <trkpt lat="45.5761795" lon="7.1162018"/>
    <trkpt lat="45.576298" lon="7.116386"/>
    <trkpt lat="45.5763642" lon="7.116625"/>
    <trkpt lat="45.576535" lon="7.1170631"/>
    <trkpt lat="45.5761782" lon="7.1169345"/>
    <trkpt lat="45.5759559" lon="7.116714"/>
    <trkpt lat="45.5755697" lon="7.116615"/>
    <trkpt lat="45.5755383" lon="7.1167594"/>
    <trkpt lat="45.5754407" lon="7.1166399"/>
    <trkpt lat="45.5753675" lon="7.1165503"/>
    <trkpt lat="45.5753397" lon="7.116625"/>
    <trkpt lat="45.5752874" lon="7.11661"/>
    <trkpt lat="45.575256" lon="7.1166698"/>
    <trkpt lat="45.5751271" lon="7.1164806"/>
    <trkpt lat="45.5750078" lon="7.1163385"/>
    <trkpt lat="45.5749402" lon="7.1163482"/>
    <trkpt lat="45.5749706" lon="7.1164932"/>
    <trkpt lat="45.5747068" lon="7.1164787"/>
    <trkpt lat="45.5745579" lon="7.1164062"/>
    <trkpt lat="45.5743651" lon="7.1165802"/>
    <trkpt lat="45.5742061" lon="7.1165705"/>
    <trkpt lat="45.5740673" lon="7.1166189"/>
    <trkpt lat="45.5739117" lon="7.1165802"/>
    <trkpt lat="45.5738644" lon="7.1166624"/>
    <trkpt lat="45.573861" lon="7.1167397"/>
    <trkpt lat="45.5737662" lon="7.1168992"/>
    <trkpt lat="45.5736648" lon="7.1171215"/>
    <trkpt lat="45.5736174" lon="7.1172907"/>
    <trkpt lat="45.57357" lon="7.1173825"/>
    <trkpt lat="45.5734854" lon="7.1175903"/>
    <trkpt lat="45.5734347" lon="7.1177981"/>
    <trkpt lat="45.5733332" lon="7.1180108"/>
    <trkpt lat="45.5732622" lon="7.1180324"/>
    <trkpt lat="45.5731594" lon="7.118042"/>
    <trkpt lat="45.5730871" lon="7.1180635"/>
    <trkpt lat="45.572978" lon="7.1181461"/>
    <trkpt lat="45.5728359" lon="7.1182331"/>
    <trkpt lat="45.572643" lon="7.1183105"/>
    <trkpt lat="45.5724806" lon="7.1183781"/>
    <trkpt lat="45.5723089" lon="7.1184811"/>
    <trkpt lat="45.5722714" lon="7.1185036"/>
    <trkpt lat="45.5721601" lon="7.1186068"/>
    <trkpt lat="45.5721288" lon="7.1187019"/>
    <trkpt lat="45.5720171" lon="7.1188759"/>
    <trkpt lat="45.5718094" lon="7.1192107"/>
    <trkpt lat="45.5717552" lon="7.1191714"/>
    <trkpt lat="45.5717286" lon="7.1192358"/>
    <trkpt lat="45.5716908" lon="7.1192077"/>
    <trkpt lat="45.5716416" lon="7.1192305"/>
    <trkpt lat="45.5715661" lon="7.1191701"/>
    <trkpt lat="45.5715426" lon="7.119087"/>
    <trkpt lat="45.5710999" lon="7.1187145"/>
    <trkpt lat="45.5710793" lon="7.1186972"/>
    <trkpt lat="45.5709226" lon="7.1185649"/>
    <trkpt lat="45.570875" lon="7.1185894"/>
    <trkpt lat="45.570829" lon="7.1185516"/>
    <trkpt lat="45.5708067" lon="7.1184771"/>
    <trkpt lat="45.5706806" lon="7.1183903"/>
    <trkpt lat="45.5706512" lon="7.1183723"/>
    <trkpt lat="45.5704437" lon="7.1182336"/>
    <trkpt lat="45.5703234" lon="7.118158"/>
    <trkpt lat="45.5702634" lon="7.1181203"/>
    <trkpt lat="45.5701832" lon="7.1180873"/>
    <trkpt lat="45.5700695" lon="7.1180405"/>
    <trkpt lat="45.5700874" lon="7.1179659"/>
    <trkpt lat="45.5700459" lon="7.1179553"/>
    <trkpt lat="45.5700091" lon="7.117952"/>
    <trkpt lat="45.5699723" lon="7.1179504"/>
    <trkpt lat="45.5699129" lon="7.1179509"/>
    <trkpt lat="45.5697933" lon="7.1179593"/>
    <trkpt lat="45.5697056" lon="7.117959"/>
    <trkpt lat="45.5696864" lon="7.1179591"/>
    <trkpt lat="45.5696685" lon="7.1179497"/>
    <trkpt lat="45.5696561" lon="7.1179388"/>
    <trkpt lat="45.56965" lon="7.1179807"/>
    <trkpt lat="45.569646" lon="7.1180751"/>
    <trkpt lat="45.565062" lon="7.1177188"/>
    <trkpt lat="45.5648556" lon="7.1177304"/>
    <trkpt lat="45.5646334" lon="7.1176161"/>
    <trkpt lat="45.5645536" lon="7.1175369"/>
    <trkpt lat="45.5644148" lon="7.1174526"/>
    <trkpt lat="45.5642536" lon="7.1173006"/>
    <trkpt lat="45.5640207" lon="7.1171504"/>
    <trkpt lat="45.5636057" lon="7.1168017"/>
    <trkpt lat="45.5630323" lon="7.1163109"/>
    <trkpt lat="45.5624653" lon="7.1159498"/>
    <trkpt lat="45.5621842" lon="7.1158656"/>
    <trkpt lat="45.5621053" lon="7.1157664"/>
    <trkpt lat="45.5618383" lon="7.1155781"/>
    <trkpt lat="45.5617278" lon="7.1155304"/>
    <trkpt lat="45.5615382" lon="7.1155062"/>
    <trkpt lat="45.5613673" lon="7.1155893"/>
    <trkpt lat="45.5613597" lon="7.1156323"/>
    <trkpt lat="45.5614292" lon="7.115635"/>
    <trkpt lat="45.5615157" lon="7.1156001"/>
    <trkpt lat="45.5615982" lon="7.1155599"/>
    <trkpt lat="45.5616509" lon="7.115584"/>
    <trkpt lat="45.5616414" lon="7.1156538"/>
    <trkpt lat="45.5615626" lon="7.1156994"/>
    <trkpt lat="45.5614823" lon="7.1157929"/>
    <trkpt lat="45.5614115" lon="7.1158266"/>
    <trkpt lat="45.5613672" lon="7.1158597"/>
    <trkpt lat="45.5612826" lon="7.1158966"/>
    <trkpt lat="45.5611408" lon="7.1159596"/>
    <trkpt lat="45.5611095" lon="7.116007"/>
    <trkpt lat="45.5609954" lon="7.1161069"/>
    <trkpt lat="45.5607469" lon="7.1161963"/>
    <trkpt lat="45.5606034" lon="7.1162094"/>
    <trkpt lat="45.5605261" lon="7.1162409"/>
    <trkpt lat="45.5604027" lon="7.1162962"/>
    <trkpt lat="45.5603107" lon="7.1163829"/>
    <trkpt lat="45.5602408" lon="7.1163882"/>
    <trkpt lat="45.5601911" lon="7.1163619"/>
    <trkpt lat="45.5601666" lon="7.1162984"/>
    <trkpt lat="45.5601414" lon="7.1162331"/>
    <trkpt lat="45.5601248" lon="7.1161253"/>
    <trkpt lat="45.5600733" lon="7.1160333"/>
    <trkpt lat="45.5599886" lon="7.1159781"/>
    <trkpt lat="45.5599242" lon="7.1159754"/>
    <trkpt lat="45.5597977" lon="7.1160258"/>
    <trkpt lat="45.5597094" lon="7.1161094"/>
    <trkpt lat="45.559637" lon="7.1161426"/>
    <trkpt lat="45.5595921" lon="7.1161321"/>
    <trkpt lat="45.5595516" lon="7.1160472"/>
    <trkpt lat="45.55949" lon="7.1159183"/>
    <trkpt lat="45.5594671" lon="7.1158727"/>
    <trkpt lat="45.5593981" lon="7.115735"/>
    <trkpt lat="45.5593748" lon="7.1156761"/>
    <trkpt lat="45.5593674" lon="7.1156022"/>
    <trkpt lat="45.5593717" lon="7.1155644"/>
    <trkpt lat="45.5593769" lon="7.1155161"/>
    <trkpt lat="45.5593759" lon="7.1154542"/>
    <trkpt lat="45.5593695" lon="7.1154059"/>
    <trkpt lat="45.5593611" lon="7.1153561"/>
    <trkpt lat="45.5593452" lon="7.1153078"/>
    <trkpt lat="45.5593273" lon="7.1152746"/>
    <trkpt lat="45.5593125" lon="7.1152368"/>
    <trkpt lat="45.5592945" lon="7.1151719"/>
    <trkpt lat="45.5592807" lon="7.115098"/>
    <trkpt lat="45.5592744" lon="7.115018"/>
    <trkpt lat="45.5590715" lon="7.1151161"/>
    <trkpt lat="45.5590387" lon="7.1150308"/>
    <trkpt lat="45.559007" lon="7.1149855"/>
    <trkpt lat="45.5589404" lon="7.114953"/>
    <trkpt lat="45.5588706" lon="7.1149319"/>
    <trkpt lat="45.5588083" lon="7.1149274"/>
    <trkpt lat="45.5587449" lon="7.1149244"/>
    <trkpt lat="45.5587068" lon="7.1149168"/>
    <trkpt lat="45.5586476" lon="7.1148308"/>
    <trkpt lat="45.5584767" lon="7.1149856"/>
    <trkpt lat="45.5583629" lon="7.1151664"/>
    <trkpt lat="45.5583174" lon="7.1152461"/>
    <trkpt lat="45.5581972" lon="7.1152675"/>
    <trkpt lat="45.5580883" lon="7.1153748"/>
    <trkpt lat="45.5578892" lon="7.1154982"/>
    <trkpt lat="45.5577765" lon="7.1156698"/>
    <trkpt lat="45.557585" lon="7.1160078"/>
    <trkpt lat="45.5574986" lon="7.1162277"/>
    <trkpt lat="45.5574009" lon="7.116335"/>
    <trkpt lat="45.5572138" lon="7.1163841"/>
    <trkpt lat="45.5569036" lon="7.1162057"/>
    <trkpt lat="45.5567661" lon="7.1156323"/>
    <trkpt lat="45.5567361" lon="7.1152192"/>
    <trkpt lat="45.5568375" lon="7.1147525"/>
    <trkpt lat="45.5570028" lon="7.1143931"/>
    <trkpt lat="45.5571155" lon="7.1139854"/>
    <trkpt lat="45.5571831" lon="7.1137977"/>
    <trkpt lat="45.5573483" lon="7.1137923"/>
    <trkpt lat="45.5573821" lon="7.1136475"/>
    <trkpt lat="45.5573859" lon="7.1134329"/>
    <trkpt lat="45.557446" lon="7.113111"/>
    <trkpt lat="45.5574648" lon="7.1126658"/>
    <trkpt lat="45.5575549" lon="7.1122956"/>
    <trkpt lat="45.5575832" lon="7.1120488"/>
    <trkpt lat="45.5575389" lon="7.1119675"/>
    <trkpt lat="45.5575145" lon="7.1118621"/>
    <trkpt lat="45.5574853" lon="7.1116198"/>
    <trkpt lat="45.5574683" lon="7.1114159"/>
    <trkpt lat="45.5574621" lon="7.1112859"/>
    <trkpt lat="45.5574749" lon="7.1111662"/>
    <trkpt lat="45.5574923" lon="7.1110971"/>
    <trkpt lat="45.5575096" lon="7.1110163"/>
    <trkpt lat="45.5574757" lon="7.1110095"/>
    <trkpt lat="45.5574412" lon="7.1110086"/>
    <trkpt lat="45.557301" lon="7.1110183"/>
    <trkpt lat="45.5572364" lon="7.1110411"/>
    <trkpt lat="45.5572088" lon="7.1110666"/>
    <trkpt lat="45.5571632" lon="7.1110815"/>
    <trkpt lat="45.5571305" lon="7.1111208"/>
    <trkpt lat="45.5570835" lon="7.1111879"/>
    <trkpt lat="45.5570122" lon="7.1112898"/>
    <trkpt lat="45.5568863" lon="7.1113756"/>
    <trkpt lat="45.5568281" lon="7.1115231"/>
    <trkpt lat="45.5568112" lon="7.1117806"/>
    <trkpt lat="45.5565295" lon="7.1122366"/>
    <trkpt lat="45.5562515" lon="7.1126282"/>
    <trkpt lat="45.5558346" lon="7.1127409"/>
    <trkpt lat="45.5552186" lon="7.1126711"/>
    <trkpt lat="45.5548166" lon="7.1124726"/>
    <trkpt lat="45.5546251" lon="7.1124297"/>
    <trkpt lat="45.5543434" lon="7.1123064"/>
    <trkpt lat="45.5541292" lon="7.1120435"/>
    <trkpt lat="45.5540504" lon="7.1115446"/>
    <trkpt lat="45.5540466" lon="7.1114051"/>
    <trkpt lat="45.5539903" lon="7.1112227"/>
    <trkpt lat="45.5540015" lon="7.1110243"/>
    <trkpt lat="45.5539865" lon="7.1107131"/>
    <trkpt lat="45.5539527" lon="7.1103108"/>
    <trkpt lat="45.5538588" lon="7.1101445"/>
    <trkpt lat="45.5536935" lon="7.1098977"/>
    <trkpt lat="45.5533554" lon="7.1095705"/>
    <trkpt lat="45.5531263" lon="7.1094203"/>
    <trkpt lat="45.5528971" lon="7.1092486"/>
    <trkpt lat="45.5526718" lon="7.1091735"/>
    <trkpt lat="45.5525666" lon="7.1091172"/>
    <trkpt lat="45.5525027" lon="7.1090662"/>
    <trkpt lat="45.5520707" lon="7.1091682"/>
    <trkpt lat="45.5518716" lon="7.109254"/>
    <trkpt lat="45.5515523" lon="7.1091896"/>
    <trkpt lat="45.5513269" lon="7.1089482"/>
    <trkpt lat="45.5509362" lon="7.1086854"/>
    <trkpt lat="45.5502901" lon="7.1084869"/>
    <trkpt lat="45.5495238" lon="7.1082723"/>
    <trkpt lat="45.5489227" lon="7.1082616"/>
    <trkpt lat="45.5485395" lon="7.1082723"/>
    <trkpt lat="45.5481375" lon="7.1077681"/>
    <trkpt lat="45.5478971" lon="7.1073389"/>
    <trkpt lat="45.5475327" lon="7.1069205"/>
    <trkpt lat="45.5471871" lon="7.1066844"/>
    <trkpt lat="45.5466874" lon="7.1064591"/>
    <trkpt lat="45.5464019" lon="7.1062767"/>
    <trkpt lat="45.5460563" lon="7.1060997"/>
    <trkpt lat="45.5456205" lon="7.1062016"/>
    <trkpt lat="45.5452372" lon="7.106325"/>
    <trkpt lat="45.5446887" lon="7.1064699"/>
    <trkpt lat="45.5443807" lon="7.1065611"/>
    <trkpt lat="45.5440876" lon="7.1065235"/>
    <trkpt lat="45.5438284" lon="7.1064913"/>
    <trkpt lat="45.5435729" lon="7.1065772"/>
    <trkpt lat="45.543355" lon="7.1064645"/>
    <trkpt lat="45.542859" lon="7.1063143"/>
    <trkpt lat="45.5424608" lon="7.1062821"/>
    <trkpt lat="45.5421828" lon="7.1060836"/>
    <trkpt lat="45.5418709" lon="7.1058637"/>
    <trkpt lat="45.5416229" lon="7.1056706"/>
    <trkpt lat="45.54139" lon="7.1053755"/>
    <trkpt lat="45.5410669" lon="7.1052843"/>
    <trkpt lat="45.5407625" lon="7.1054077"/>
    <trkpt lat="45.5402553" lon="7.1055525"/>
    <trkpt lat="45.5399021" lon="7.1055955"/>
    <trkpt lat="45.5394625" lon="7.105574"/>
    <trkpt lat="45.5390229" lon="7.1055204"/>
    <trkpt lat="45.5388012" lon="7.1055686"/>
    <trkpt lat="45.5385157" lon="7.1055686"/>
    <trkpt lat="45.5381399" lon="7.1055579"/>
    <trkpt lat="45.5379295" lon="7.1054774"/>
    <trkpt lat="45.5377116" lon="7.1052843"/>
    <trkpt lat="45.5374861" lon="7.1051556"/>
    <trkpt lat="45.5373175" lon="7.1049298"/>
    <trkpt lat="45.537152" lon="7.1048053"/>
    <trkpt lat="45.5370213" lon="7.104769"/>
    <trkpt lat="45.5368236" lon="7.1045797"/>
    <trkpt lat="45.5367431" lon="7.1045495"/>
    <trkpt lat="45.5367048" lon="7.1044106"/>
    <trkpt lat="45.5366421" lon="7.1042694"/>
    <trkpt lat="45.536594" lon="7.1041185"/>
    <trkpt lat="45.5365538" lon="7.104061"/>
    <trkpt lat="45.536589" lon="7.1038965"/>
  </trkseg></trk></gpx>