<?xml version="1.0" encoding="UTF-8"?>
<gpx version="1.1" creator="GranParadiso" xmlns="http://www.topografix.com/GPX/1/1">
  <trk><name>Variant B: Circuit Stambecco (Fixed)</name><trkseg>
    <trkpt lat="45.5444436" lon="7.2123554"/>
    <trkpt lat="45.5445236" lon="7.2123154"/>
    <trkpt lat="45.5445736" lon="7.2126554"/>
    <trkpt lat="45.5444236" lon="7.2129554"/>
    <trkpt lat="45.5437836" lon="7.2131754"/>
    <trkpt lat="45.5434236" lon="7.2134354"/>
    <trkpt lat="45.5429536" lon="7.2138154"/>
    <trkpt lat="45.5424136" lon="7.2140655"/>
    <trkpt lat="45.5423736" lon="7.2143055"/>
    <trkpt lat="45.5425436" lon="7.2143755"/>
    <trkpt lat="45.5423436" lon="7.2144555"/>
    <trkpt lat="45.5423436" lon="7.2145755"/>
    <trkpt lat="45.5424536" lon="7.2146255"/>
    <trkpt lat="45.5426436" lon="7.2144755"/>
    <trkpt lat="45.5424736" lon="7.2148055"/>
    <trkpt lat="45.5425536" lon="7.2149655"/>
    <trkpt lat="45.5426836" lon="7.2149255"/>
    <trkpt lat="45.5425736" lon="7.2149755"/>
    <trkpt lat="45.5426136" lon="7.2151255"/>
    <trkpt lat="45.5423836" lon="7.2151655"/>
    <trkpt lat="45.5423536" lon="7.2153555"/>
    <trkpt lat="45.5426136" lon="7.2155155"/>
    <trkpt lat="45.5421336" lon="7.2156955"/>
    <trkpt lat="45.5422136" lon="7.2159155"/>
    <trkpt lat="45.5420436" lon="7.2159455"/>
    <trkpt lat="45.5419836" lon="7.2160755"/>
    <trkpt lat="45.5421836" lon="7.2160655"/>
    <trkpt lat="45.5420836" lon="7.2161755"/>
    <trkpt lat="45.5422136" lon="7.2163055"/>
    <trkpt lat="45.5420436" lon="7.2164555"/>
    <trkpt lat="45.5420936" lon="7.2166855"/>
    <trkpt lat="45.5419136" lon="7.2168855"/>
    <trkpt lat="45.5421136" lon="7.2170055"/>
    <trkpt lat="45.5420236" lon="7.2171155"/>
    <trkpt lat="45.5421236" lon="7.2171655"/>
    <trkpt lat="45.5418936" lon="7.2173855"/>
    <trkpt lat="45.5419836" lon="7.2174455"/>
    <trkpt lat="45.5423936" lon="7.2172355"/>
    <trkpt lat="45.5424836" lon="7.2174555"/>
    <trkpt lat="45.5428536" lon="7.2173955"/>
    <trkpt lat="45.5427436" lon="7.2177755"/>
    <trkpt lat="45.5430936" lon="7.2176055"/>
    <trkpt lat="45.5430536" lon="7.2177355"/>
    <trkpt lat="45.5432036" lon="7.2176555"/>
    <trkpt lat="45.5433236" lon="7.2177755"/>
    <trkpt lat="45.5431236" lon="7.2179355"/>
    <trkpt lat="45.5431836" lon="7.2181855"/>
    <trkpt lat="45.5442937" lon="7.2188255"/>
    <trkpt lat="45.5441737" lon="7.2188555"/>
    <trkpt lat="45.5442437" lon="7.2190655"/>
    <trkpt lat="45.5428736" lon="7.2190856"/>
    <trkpt lat="45.5429736" lon="7.2191556"/>
    <trkpt lat="45.5426036" lon="7.2192756"/>
    <trkpt lat="45.5423636" lon="7.2195256"/>
    <trkpt lat="45.5420636" lon="7.2195656"/>
    <trkpt lat="45.5421636" lon="7.2197656"/>
    <trkpt lat="45.5417936" lon="7.2196156"/>
    <trkpt lat="45.5417436" lon="7.2198756"/>
    <trkpt lat="45.5419536" lon="7.2201356"/>
    <trkpt lat="45.5418436" lon="7.2202156"/>
    <trkpt lat="45.5418936" lon="7.2203956"/>
    <trkpt lat="45.5427237" lon="7.2205256"/>
    <trkpt lat="45.5429637" lon="7.2207256"/>
    <trkpt lat="45.5434937" lon="7.2217556"/>
    <trkpt lat="45.5433037" lon="7.2217556"/>
    <trkpt lat="45.5439137" lon="7.2223756"/>
    <trkpt lat="45.5440237" lon="7.2223656"/>
    <trkpt lat="45.5441434" lon="7.2226449"/>
    <trkpt lat="45.5435937" lon="7.2228356"/>
    <trkpt lat="45.5429537" lon="7.2228256"/>
    <trkpt lat="45.5420837" lon="7.2222656"/>
    <trkpt lat="45.5419837" lon="7.2222956"/>
    <trkpt lat="45.5420937" lon="7.2225956"/>
    <trkpt lat="45.5417237" lon="7.2225457"/>
    <trkpt lat="45.5413636" lon="7.2228457"/>
    <trkpt lat="45.5412336" lon="7.2228057"/>
    <trkpt lat="45.5412936" lon="7.2230657"/>
    <trkpt lat="45.5416837" lon="7.2232257"/>
    <trkpt lat="45.5421737" lon="7.2239457"/>
    <trkpt lat="45.5419637" lon="7.2239657"/>
    <trkpt lat="45.5420937" lon="7.2241357"/>
    <trkpt lat="45.5420337" lon="7.2241757"/>
    <trkpt lat="45.5411736" lon="7.2239157"/>
    <trkpt lat="45.5410136" lon="7.2240157"/>
    <trkpt lat="45.5414037" lon="7.2247457"/>
    <trkpt lat="45.5416337" lon="7.2248657"/>
    <trkpt lat="45.5418337" lon="7.2253257"/>
    <trkpt lat="45.5416837" lon="7.2253757"/>
    <trkpt lat="45.5414537" lon="7.2252157"/>
    <trkpt lat="45.5411737" lon="7.2252357"/>
    <trkpt lat="45.5400736" lon="7.2255458"/>
    <trkpt lat="45.5408437" lon="7.2261358"/>
    <trkpt lat="45.5411837" lon="7.2267558"/>
    <trkpt lat="45.5413737" lon="7.2267958"/>
    <trkpt lat="45.5411437" lon="7.2269158"/>
    <trkpt lat="45.5408737" lon="7.2266958"/>
    <trkpt lat="45.5406437" lon="7.2266858"/>
    <trkpt lat="45.5408537" lon="7.2269158"/>
    <trkpt lat="45.5404537" lon="7.2267558"/>
    <trkpt lat="45.5401537" lon="7.2267758"/>
    <trkpt lat="45.5404737" lon="7.2270958"/>
    <trkpt lat="45.5410237" lon="7.2283958"/>
    <trkpt lat="45.5406237" lon="7.2282358"/>
    <trkpt lat="45.5404637" lon="7.2283058"/>
    <trkpt lat="45.5403937" lon="7.2283658"/>
    <trkpt lat="45.5406137" lon="7.2285958"/>
    <trkpt lat="45.5394137" lon="7.2288158"/>
    <trkpt lat="45.5394337" lon="7.2289758"/>
    <trkpt lat="45.5394537" lon="7.2289558"/>
    <trkpt lat="45.5401937" lon="7.2301259"/>
    <trkpt lat="45.5395337" lon="7.2301959"/>
    <trkpt lat="45.5394937" lon="7.2303059"/>
    <trkpt lat="45.5394437" lon="7.2302909"/>
    <trkpt lat="45.5401137" lon="7.2310559"/>
    <trkpt lat="45.5403237" lon="7.2310559"/>
    <trkpt lat="45.5400137" lon="7.2313359"/>
    <trkpt lat="45.5392737" lon="7.2310859"/>
    <trkpt lat="45.5394937" lon="7.2317559"/>
    <trkpt lat="45.5399137" lon="7.2321659"/>
    <trkpt lat="45.5395837" lon="7.2323159"/>
    <trkpt lat="45.5392437" lon="7.2321459"/>
    <trkpt lat="45.5391737" lon="7.2323649"/>
    <trkpt lat="45.5391837" lon="7.2327749"/>
    <trkpt lat="45.5393237" lon="7.2328249"/>
    <trkpt lat="45.5394237" lon="7.2333249"/>
    <trkpt lat="45.5396837" lon="7.2333149"/>
    <trkpt lat="45.5396037" lon="7.2335249"/>
    <trkpt lat="45.5399237" lon="7.2335249"/>
    <trkpt lat="45.5403827" lon="7.2331759"/>
    <trkpt lat="45.5397527" lon="7.234815"/>
    <trkpt lat="45.5394627" lon="7.235905"/>
    <trkpt lat="45.5392127" lon="7.236205"/>
    <trkpt lat="45.5390427" lon="7.237405"/>
    <trkpt lat="45.5391227" lon="7.238185"/>
    <trkpt lat="45.5390927" lon="7.2391051"/>
    <trkpt lat="45.5392728" lon="7.2399951"/>
    <trkpt lat="45.5392728" lon="7.2408751"/>
    <trkpt lat="45.5394228" lon="7.2408551"/>
    <trkpt lat="45.5396528" lon="7.2405651"/>
    <trkpt lat="45.5398228" lon="7.2397351"/>
    <trkpt lat="45.5398628" lon="7.238585"/>
    <trkpt lat="45.5399328" lon="7.238215"/>
    <trkpt lat="45.5400528" lon="7.238105"/>
    <trkpt lat="45.5401728" lon="7.238935"/>
    <trkpt lat="45.5401644" lon="7.2392265"/>
    <trkpt lat="45.5401664" lon="7.2389654"/>
    <trkpt lat="45.5401478" lon="7.2387774"/>
    <trkpt lat="45.5401177" lon="7.2385845"/>
    <trkpt lat="45.5401075" lon="7.2384088"/>
    <trkpt lat="45.5400847" lon="7.2381757"/>
    <trkpt lat="45.5400614" lon="7.2381186"/>
    <trkpt lat="45.5400209" lon="7.2380885"/>
    <trkpt lat="45.5399796" lon="7.2380991"/>
    <trkpt lat="45.5399519" lon="7.238161"/>
    <trkpt lat="45.5399229" lon="7.2382038"/>
    <trkpt lat="45.5399027" lon="7.2382662"/>
    <trkpt lat="45.5398797" lon="7.2383995"/>
    <trkpt lat="45.5398659" lon="7.2385432"/>
    <trkpt lat="45.5398712" lon="7.2387193"/>
    <trkpt lat="45.5398767" lon="7.2388755"/>
    <trkpt lat="45.53986" lon="7.2389748"/>
    <trkpt lat="45.5398406" lon="7.2390487"/>
    <trkpt lat="45.5398502" lon="7.2391325"/>
    <trkpt lat="45.539862" lon="7.239199"/>
    <trkpt lat="45.5398729" lon="7.2393252"/>
    <trkpt lat="45.5398381" lon="7.2395506"/>
    <trkpt lat="45.5398335" lon="7.2398398"/>
    <trkpt lat="45.5397856" lon="7.2400944"/>
    <trkpt lat="45.5397079" lon="7.240292"/>
    <trkpt lat="45.5396783" lon="7.2404502"/>
    <trkpt lat="45.5396358" lon="7.2405017"/>
    <trkpt lat="45.5395585" lon="7.2405698"/>
    <trkpt lat="45.5394902" lon="7.240671"/>
    <trkpt lat="45.539436" lon="7.2407943"/>
    <trkpt lat="45.5393652" lon="7.2409028"/>
    <trkpt lat="45.5393317" lon="7.2408954"/>
    <trkpt lat="45.5393355" lon="7.2408347"/>
    <trkpt lat="45.5393742" lon="7.2407556"/>
    <trkpt lat="45.5393935" lon="7.2406434"/>
    <trkpt lat="45.5393845" lon="7.2405551"/>
    <trkpt lat="45.5393562" lon="7.2404742"/>
    <trkpt lat="45.5393609" lon="7.2403603"/>
    <trkpt lat="45.5393368" lon="7.2402626"/>
    <trkpt lat="45.5393217" lon="7.2401314"/>
    <trkpt lat="45.5393043" lon="7.2400174"/>
    <trkpt lat="45.5393028" lon="7.2399101"/>
    <trkpt lat="45.5392468" lon="7.239805"/>
    <trkpt lat="45.5392662" lon="7.2396477"/>
    <trkpt lat="45.5392312" lon="7.2395768"/>
    <trkpt lat="45.5392159" lon="7.2395055"/>
    <trkpt lat="45.5391542" lon="7.239387"/>
    <trkpt lat="45.5391403" lon="7.2392466"/>
    <trkpt lat="45.5391225" lon="7.2390505"/>
    <trkpt lat="45.5389982" lon="7.2389391"/>
    <trkpt lat="45.5388962" lon="7.2389188"/>
    <trkpt lat="45.538812" lon="7.2388813"/>
    <trkpt lat="45.5387316" lon="7.2388181"/>
    <trkpt lat="45.5386546" lon="7.2387472"/>
    <trkpt lat="45.5385846" lon="7.2386765"/>
    <trkpt lat="45.5385481" lon="7.2385604"/>
    <trkpt lat="45.5385206" lon="7.2384266"/>
    <trkpt lat="45.5384821" lon="7.2383543"/>
    <trkpt lat="45.5384141" lon="7.2383208"/>
    <trkpt lat="45.5383259" lon="7.238225"/>
    <trkpt lat="45.5382798" lon="7.2381493"/>
    <trkpt lat="45.5382129" lon="7.2380278"/>
    <trkpt lat="45.5381831" lon="7.2379399"/>
    <trkpt lat="45.5381336" lon="7.237906"/>
    <trkpt lat="45.5380811" lon="7.2377727"/>
    <trkpt lat="45.5380197" lon="7.2376643"/>
    <trkpt lat="45.5379261" lon="7.2374767"/>
    <trkpt lat="45.53783" lon="7.2373017"/>
    <trkpt lat="45.537792" lon="7.2372267"/>
    <trkpt lat="45.5377777" lon="7.2371298"/>
    <trkpt lat="45.5377547" lon="7.2370385"/>
    <trkpt lat="45.537757" lon="7.2369561"/>
    <trkpt lat="45.5377762" lon="7.2367816"/>
    <trkpt lat="45.5377977" lon="7.2366227"/>
    <trkpt lat="45.5378055" lon="7.2365608"/>
    <trkpt lat="45.5378026" lon="7.2365"/>
    <trkpt lat="45.5378205" lon="7.2364519"/>
    <trkpt lat="45.5378027" lon="7.2362661"/>
    <trkpt lat="45.5377995" lon="7.2362108"/>
    <trkpt lat="45.5377943" lon="7.2361662"/>
    <trkpt lat="45.5377424" lon="7.2360305"/>
    <trkpt lat="45.5377013" lon="7.2359841"/>
    <trkpt lat="45.5377028" lon="7.2359127"/>
    <trkpt lat="45.5376853" lon="7.23588"/>
    <trkpt lat="45.5376678" lon="7.2358743"/>
    <trkpt lat="45.5376373" lon="7.2358173"/>
    <trkpt lat="45.5376052" lon="7.2356929"/>
    <trkpt lat="45.537594" lon="7.2356579"/>
    <trkpt lat="45.537541" lon="7.2356054"/>
    <trkpt lat="45.5375022" lon="7.2355296"/>
    <trkpt lat="45.5374768" lon="7.2354595"/>
    <trkpt lat="45.5374761" lon="7.2353728"/>
    <trkpt lat="45.5374388" lon="7.2353261"/>
    <trkpt lat="45.5374259" lon="7.2352397"/>
    <trkpt lat="45.5374035" lon="7.2351861"/>
    <trkpt lat="45.5373979" lon="7.2350969"/>
    <trkpt lat="45.5373971" lon="7.2350659"/>
    <trkpt lat="45.5373454" lon="7.2350011"/>
    <trkpt lat="45.537315" lon="7.2348483"/>
    <trkpt lat="45.5372403" lon="7.2347552"/>
    <trkpt lat="45.5372136" lon="7.234628"/>
    <trkpt lat="45.5372178" lon="7.2344584"/>
    <trkpt lat="45.537188" lon="7.234469"/>
    <trkpt lat="45.5371559" lon="7.2344542"/>
    <trkpt lat="45.5371449" lon="7.2343153"/>
    <trkpt lat="45.5371206" lon="7.2342015"/>
    <trkpt lat="45.5370736" lon="7.2342098"/>
    <trkpt lat="45.5370067" lon="7.2342509"/>
    <trkpt lat="45.5369425" lon="7.2342673"/>
    <trkpt lat="45.5368374" lon="7.2342713"/>
    <trkpt lat="45.5367119" lon="7.2342842"/>
    <trkpt lat="45.5366623" lon="7.2342425"/>
    <trkpt lat="45.5366156" lon="7.2341258"/>
    <trkpt lat="45.5365601" lon="7.2339883"/>
    <trkpt lat="45.5365134" lon="7.2338966"/>
    <trkpt lat="45.5364491" lon="7.2338216"/>
    <trkpt lat="45.5363353" lon="7.2336924"/>
    <trkpt lat="45.5362565" lon="7.2336173"/>
    <trkpt lat="45.5361718" lon="7.2335131"/>
    <trkpt lat="45.5360988" lon="7.2334215"/>
    <trkpt lat="45.5360258" lon="7.2333339"/>
    <trkpt lat="45.5359587" lon="7.2331964"/>
    <trkpt lat="45.5359259" lon="7.2331722"/>
    <trkpt lat="45.5358682" lon="7.2331922"/>
    <trkpt lat="45.5358069" lon="7.2332006"/>
    <trkpt lat="45.535731" lon="7.2332131"/>
    <trkpt lat="45.5356697" lon="7.2332714"/>
    <trkpt lat="45.5356317" lon="7.2333423"/>
    <trkpt lat="45.5355617" lon="7.2334173"/>
    <trkpt lat="45.5355033" lon="7.2334881"/>
    <trkpt lat="45.5354332" lon="7.2335632"/>
    <trkpt lat="45.5353427" lon="7.233584"/>
    <trkpt lat="45.5352434" lon="7.2335673"/>
    <trkpt lat="45.5351704" lon="7.2335673"/>
    <trkpt lat="45.5350829" lon="7.2335507"/>
    <trkpt lat="45.5349894" lon="7.233534"/>
    <trkpt lat="45.5348931" lon="7.2334965"/>
    <trkpt lat="45.5347763" lon="7.2334715"/>
    <trkpt lat="45.5346712" lon="7.2334923"/>
    <trkpt lat="45.5345311" lon="7.233509"/>
    <trkpt lat="45.5344406" lon="7.2335215"/>
    <trkpt lat="45.5343647" lon="7.2335673"/>
    <trkpt lat="45.5342479" lon="7.2335923"/>
    <trkpt lat="45.534134" lon="7.2336382"/>
    <trkpt lat="45.5340202" lon="7.2336507"/>
    <trkpt lat="45.5339501" lon="7.233559"/>
    <trkpt lat="45.5339238" lon="7.2334631"/>
    <trkpt lat="45.5339082" lon="7.2333196"/>
    <trkpt lat="45.5338225" lon="7.2331039"/>
    <trkpt lat="45.5338064" lon="7.2329164"/>
    <trkpt lat="45.5337866" lon="7.2327171"/>
    <trkpt lat="45.5337136" lon="7.2326212"/>
    <trkpt lat="45.5335755" lon="7.232544"/>
    <trkpt lat="45.5335334" lon="7.2325362"/>
    <trkpt lat="45.5334686" lon="7.2324723"/>
    <trkpt lat="45.5334485" lon="7.2323795"/>
    <trkpt lat="45.5333884" lon="7.2322461"/>
    <trkpt lat="45.5333408" lon="7.2321215"/>
    <trkpt lat="45.5332699" lon="7.2320586"/>
    <trkpt lat="45.5332348" lon="7.231896"/>
    <trkpt lat="45.5331677" lon="7.2317918"/>
    <trkpt lat="45.533121" lon="7.2317418"/>
    <trkpt lat="45.5330451" lon="7.2317585"/>
    <trkpt lat="45.5329283" lon="7.2317893"/>
    <trkpt lat="45.5328232" lon="7.231821"/>
    <trkpt lat="45.532683" lon="7.2318293"/>
    <trkpt lat="45.5325487" lon="7.231846"/>
    <trkpt lat="45.532429" lon="7.2318293"/>
    <trkpt lat="45.5323473" lon="7.231846"/>
    <trkpt lat="45.5322393" lon="7.2318043"/>
    <trkpt lat="45.5321604" lon="7.2317877"/>
    <trkpt lat="45.5321079" lon="7.2317335"/>
    <trkpt lat="45.5320028" lon="7.231721"/>
    <trkpt lat="45.5319006" lon="7.2316918"/>
    <trkpt lat="45.5318218" lon="7.231696"/>
    <trkpt lat="45.53174" lon="7.2316793"/>
    <trkpt lat="45.5316583" lon="7.231621"/>
    <trkpt lat="45.5315531" lon="7.2315168"/>
    <trkpt lat="45.5314626" lon="7.2314584"/>
    <trkpt lat="45.5314013" lon="7.2313709"/>
    <trkpt lat="45.5313896" lon="7.231175"/>
    <trkpt lat="45.5313634" lon="7.231"/>
    <trkpt lat="45.5313751" lon="7.2308207"/>
    <trkpt lat="45.5314188" lon="7.2306665"/>
    <trkpt lat="45.5313605" lon="7.230654"/>
    <trkpt lat="45.5312524" lon="7.2307082"/>
    <trkpt lat="45.5311327" lon="7.2307332"/>
    <trkpt lat="45.5310189" lon="7.2307457"/>
    <trkpt lat="45.5308729" lon="7.2307791"/>
    <trkpt lat="45.5307561" lon="7.2307999"/>
    <trkpt lat="45.5306831" lon="7.2307707"/>
    <trkpt lat="45.5306451" lon="7.230679"/>
    <trkpt lat="45.5305663" lon="7.2305498"/>
    <trkpt lat="45.530505" lon="7.2303998"/>
    <trkpt lat="45.5304466" lon="7.2302956"/>
    <trkpt lat="45.530397" lon="7.2301914"/>
    <trkpt lat="45.5303444" lon="7.2300705"/>
    <trkpt lat="45.5302831" lon="7.229908"/>
    <trkpt lat="45.5302773" lon="7.2297663"/>
    <trkpt lat="45.5302948" lon="7.2295412"/>
    <trkpt lat="45.5302568" lon="7.2294787"/>
    <trkpt lat="45.5301926" lon="7.229362"/>
    <trkpt lat="45.5301254" lon="7.229262"/>
    <trkpt lat="45.5300554" lon="7.2291286"/>
    <trkpt lat="45.5300086" lon="7.2290286"/>
    <trkpt lat="45.5299269" lon="7.2288952"/>
    <trkpt lat="45.5298335" lon="7.228741"/>
    <trkpt lat="45.5297605" lon="7.2285659"/>
    <trkpt lat="45.5297313" lon="7.2284492"/>
    <trkpt lat="45.5297167" lon="7.228295"/>
    <trkpt lat="45.5296904" lon="7.2281325"/>
    <trkpt lat="45.5296437" lon="7.2281075"/>
    <trkpt lat="45.5295707" lon="7.2280825"/>
    <trkpt lat="45.5295561" lon="7.227995"/>
    <trkpt lat="45.5295765" lon="7.2278532"/>
    <trkpt lat="45.5295502" lon="7.227699"/>
    <trkpt lat="45.5294889" lon="7.2276824"/>
    <trkpt lat="45.5294568" lon="7.2275657"/>
    <trkpt lat="45.5293809" lon="7.2274448"/>
    <trkpt lat="45.5293663" lon="7.2273073"/>
    <trkpt lat="45.5293167" lon="7.2272364"/>
    <trkpt lat="45.529263" lon="7.2271311"/>
    <trkpt lat="45.5292182" lon="7.2270258"/>
    <trkpt lat="45.5291801" lon="7.2269635"/>
    <trkpt lat="45.5291348" lon="7.2268654"/>
    <trkpt lat="45.5291149" lon="7.2267176"/>
    <trkpt lat="45.529118" lon="7.2265072"/>
    <trkpt lat="45.5290994" lon="7.2263041"/>
    <trkpt lat="45.5291502" lon="7.2261194"/>
    <trkpt lat="45.5291444" lon="7.2259777"/>
    <trkpt lat="45.5291322" lon="7.2259193"/>
    <trkpt lat="45.5290769" lon="7.2258813"/>
    <trkpt lat="45.5289897" lon="7.2258068"/>
    <trkpt lat="45.5288816" lon="7.2258152"/>
    <trkpt lat="45.5287999" lon="7.2257943"/>
    <trkpt lat="45.5287175" lon="7.2256239"/>
    <trkpt lat="45.5286662" lon="7.2254939"/>
    <trkpt lat="45.5288262" lon="7.2252692"/>
    <trkpt lat="45.5288875" lon="7.2251275"/>
    <trkpt lat="45.5288933" lon="7.2249691"/>
    <trkpt lat="45.5289517" lon="7.2247316"/>
    <trkpt lat="45.5289867" lon="7.2246732"/>
    <trkpt lat="45.5290305" lon="7.2246023"/>
    <trkpt lat="45.5290656" lon="7.2244523"/>
    <trkpt lat="45.5290936" lon="7.2243816"/>
    <trkpt lat="45.5291055" lon="7.2242529"/>
    <trkpt lat="45.5291613" lon="7.2241223"/>
    <trkpt lat="45.5292554" lon="7.2240522"/>
    <trkpt lat="45.529305" lon="7.2238021"/>
    <trkpt lat="45.5293721" lon="7.2237188"/>
    <trkpt lat="45.5295023" lon="7.2235406"/>
    <trkpt lat="45.5295461" lon="7.2234268"/>
    <trkpt lat="45.5295803" lon="7.2232594"/>
    <trkpt lat="45.5295682" lon="7.2231532"/>
    <trkpt lat="45.5295092" lon="7.2229666"/>
    <trkpt lat="45.5294759" lon="7.2228751"/>
    <trkpt lat="45.5294657" lon="7.2227763"/>
    <trkpt lat="45.5294503" lon="7.2226812"/>
    <trkpt lat="45.5294285" lon="7.2226047"/>
    <trkpt lat="45.5294118" lon="7.2225458"/>
    <trkpt lat="45.5293606" lon="7.2224287"/>
    <trkpt lat="45.5293016" lon="7.2223811"/>
    <trkpt lat="45.5292862" lon="7.2222896"/>
    <trkpt lat="45.5292478" lon="7.2221689"/>
    <trkpt lat="45.5292298" lon="7.2220591"/>
    <trkpt lat="45.5291683" lon="7.221953"/>
    <trkpt lat="45.5291247" lon="7.2219128"/>
    <trkpt lat="45.5290658" lon="7.2218871"/>
    <trkpt lat="45.5290119" lon="7.2218103"/>
    <trkpt lat="45.5289581" lon="7.2217993"/>
    <trkpt lat="45.5289069" lon="7.2217543"/>
    <trkpt lat="45.5288701" lon="7.2216842"/>
    <trkpt lat="45.5288063" lon="7.2215896"/>
    <trkpt lat="45.52874" lon="7.2215126"/>
    <trkpt lat="45.5286713" lon="7.2214425"/>
    <trkpt lat="45.5286124" lon="7.2214144"/>
    <trkpt lat="45.5285329" lon="7.2213801"/>
    <trkpt lat="45.52847" lon="7.221425"/>
    <trkpt lat="45.5283939" lon="7.2214285"/>
    <trkpt lat="45.5283669" lon="7.2213934"/>
    <trkpt lat="45.5283178" lon="7.2213233"/>
    <trkpt lat="45.5282565" lon="7.2212603"/>
    <trkpt lat="45.5281681" lon="7.2212077"/>
    <trkpt lat="45.5281092" lon="7.2211517"/>
    <trkpt lat="45.5280699" lon="7.2211517"/>
    <trkpt lat="45.5280282" lon="7.2210746"/>
    <trkpt lat="45.5279938" lon="7.220959"/>
    <trkpt lat="45.5279349" lon="7.2208468"/>
    <trkpt lat="45.5278809" lon="7.2207382"/>
    <trkpt lat="45.5278588" lon="7.2207032"/>
    <trkpt lat="45.5277926" lon="7.220584"/>
    <trkpt lat="45.5277385" lon="7.2205105"/>
    <trkpt lat="45.527687" lon="7.2204474"/>
    <trkpt lat="45.5276232" lon="7.2204194"/>
    <trkpt lat="45.5275864" lon="7.2204299"/>
    <trkpt lat="45.5275545" lon="7.2203668"/>
    <trkpt lat="45.5274955" lon="7.2202547"/>
    <trkpt lat="45.5274342" lon="7.2201636"/>
    <trkpt lat="45.5273753" lon="7.220048"/>
    <trkpt lat="45.5272992" lon="7.2199709"/>
    <trkpt lat="45.5272623" lon="7.2198658"/>
    <trkpt lat="45.5272599" lon="7.2197431"/>
    <trkpt lat="45.5272403" lon="7.2196485"/>
    <trkpt lat="45.5272403" lon="7.2195329"/>
    <trkpt lat="45.5272353" lon="7.2193892"/>
    <trkpt lat="45.5272329" lon="7.2192386"/>
    <trkpt lat="45.527228" lon="7.219151"/>
    <trkpt lat="45.5272133" lon="7.2190108"/>
    <trkpt lat="45.5271789" lon="7.2189127"/>
    <trkpt lat="45.5271666" lon="7.2187901"/>
    <trkpt lat="45.5271593" lon="7.218706"/>
    <trkpt lat="45.52712" lon="7.2185483"/>
    <trkpt lat="45.5270733" lon="7.2183907"/>
    <trkpt lat="45.5270242" lon="7.2183346"/>
    <trkpt lat="45.526985" lon="7.218275"/>
    <trkpt lat="45.5269187" lon="7.2182015"/>
    <trkpt lat="45.5268352" lon="7.2181594"/>
    <trkpt lat="45.526791" lon="7.2181349"/>
    <trkpt lat="45.5267493" lon="7.2180403"/>
    <trkpt lat="45.5267051" lon="7.2180017"/>
    <trkpt lat="45.5266585" lon="7.2179211"/>
    <trkpt lat="45.5266241" lon="7.2178511"/>
    <trkpt lat="45.5265947" lon="7.2178125"/>
    <trkpt lat="45.5265554" lon="7.2177249"/>
    <trkpt lat="45.5265063" lon="7.2176794"/>
    <trkpt lat="45.5264523" lon="7.2175918"/>
    <trkpt lat="45.5263934" lon="7.2175077"/>
    <trkpt lat="45.5263443" lon="7.2174937"/>
    <trkpt lat="45.526305" lon="7.2175007"/>
    <trkpt lat="45.5262756" lon="7.2174516"/>
    <trkpt lat="45.526224" lon="7.2173535"/>
    <trkpt lat="45.526197" lon="7.2172799"/>
    <trkpt lat="45.5261577" lon="7.2171783"/>
    <trkpt lat="45.5261234" lon="7.2170942"/>
    <trkpt lat="45.5261086" lon="7.2169611"/>
    <trkpt lat="45.5260792" lon="7.216842"/>
    <trkpt lat="45.5260424" lon="7.2167649"/>
    <trkpt lat="45.5260105" lon="7.2166773"/>
    <trkpt lat="45.5260767" lon="7.2166493"/>
    <trkpt lat="45.5260473" lon="7.2165687"/>
    <trkpt lat="45.526008" lon="7.2165091"/>
    <trkpt lat="45.5259589" lon="7.216439"/>
    <trkpt lat="45.5259147" lon="7.2163795"/>
    <trkpt lat="45.5258607" lon="7.2162954"/>
    <trkpt lat="45.5257993" lon="7.2162113"/>
    <trkpt lat="45.5257625" lon="7.2161342"/>
    <trkpt lat="45.5257527" lon="7.2160011"/>
    <trkpt lat="45.5257331" lon="7.2158994"/>
    <trkpt lat="45.5256815" lon="7.2158259"/>
    <trkpt lat="45.5256251" lon="7.2157628"/>
    <trkpt lat="45.5256005" lon="7.2156647"/>
    <trkpt lat="45.5255809" lon="7.2155666"/>
    <trkpt lat="45.5255809" lon="7.215479"/>
    <trkpt lat="45.525522" lon="7.2153809"/>
    <trkpt lat="45.5254655" lon="7.2153108"/>
    <trkpt lat="45.525441" lon="7.2152793"/>
    <trkpt lat="45.5253771" lon="7.2152197"/>
    <trkpt lat="45.5253722" lon="7.2151742"/>
    <trkpt lat="45.5253354" lon="7.2151181"/>
    <trkpt lat="45.5252912" lon="7.2150585"/>
    <trkpt lat="45.5252446" lon="7.2149814"/>
    <trkpt lat="45.5252004" lon="7.2149079"/>
    <trkpt lat="45.5251341" lon="7.2148273"/>
    <trkpt lat="45.5250605" lon="7.2147852"/>
    <trkpt lat="45.5250016" lon="7.2147922"/>
    <trkpt lat="45.5249181" lon="7.2147712"/>
    <trkpt lat="45.5248567" lon="7.2147782"/>
    <trkpt lat="45.5247929" lon="7.2147607"/>
    <trkpt lat="45.5247291" lon="7.2147432"/>
    <trkpt lat="45.524653" lon="7.2147152"/>
    <trkpt lat="45.5244918" lon="7.2014031"/>
    <trkpt lat="45.5246319" lon="7.2004044"/>
    <trkpt lat="45.524542" lon="7.2003812"/>
    <trkpt lat="45.5244806" lon="7.2003664"/>
    <trkpt lat="45.5244557" lon="7.2003252"/>
    <trkpt lat="45.5244657" lon="7.2002608"/>
    <trkpt lat="45.5245214" lon="7.2002103"/>
    <trkpt lat="45.5246396" lon="7.2001855"/>
    <trkpt lat="45.5247253" lon="7.2001805"/>
    <trkpt lat="45.5247743" lon="7.2001319"/>
    <trkpt lat="45.5247437" lon="7.2000663"/>
    <trkpt lat="45.5247069" lon="7.2000052"/>
    <trkpt lat="45.5246335" lon="7.1998916"/>
    <trkpt lat="45.5245692" lon="7.1998435"/>
    <trkpt lat="45.524511" lon="7.1998304"/>
    <trkpt lat="45.5244621" lon="7.1997998"/>
    <trkpt lat="45.5244927" lon="7.1996382"/>
    <trkpt lat="45.5245537" lon="7.1995239"/>
    <trkpt lat="45.5246695" lon="7.1994195"/>
    <trkpt lat="45.5247625" lon="7.1993587"/>
    <trkpt lat="45.5248416" lon="7.1992887"/>
    <trkpt lat="45.5248508" lon="7.1992406"/>
    <trkpt lat="45.5247988" lon="7.1990571"/>
    <trkpt lat="45.524759" lon="7.1989479"/>
    <trkpt lat="45.5247232" lon="7.1987223"/>
    <trkpt lat="45.5247155" lon="7.198494"/>
    <trkpt lat="45.5247272" lon="7.1983045"/>
    <trkpt lat="45.5247712" lon="7.1981877"/>
    <trkpt lat="45.5248508" lon="7.1981309"/>
    <trkpt lat="45.5249181" lon="7.1980392"/>
    <trkpt lat="45.5250038" lon="7.1979605"/>
    <trkpt lat="45.525062" lon="7.1977901"/>
    <trkpt lat="45.5250895" lon="7.1976678"/>
    <trkpt lat="45.5250651" lon="7.1975586"/>
    <trkpt lat="45.5250069" lon="7.1974799"/>
    <trkpt lat="45.5249702" lon="7.1973532"/>
    <trkpt lat="45.5249457" lon="7.1971828"/>
    <trkpt lat="45.5248998" lon="7.197126"/>
    <trkpt lat="45.5248018" lon="7.1971654"/>
    <trkpt lat="45.5247284" lon="7.1971479"/>
    <trkpt lat="45.5246182" lon="7.1970911"/>
    <trkpt lat="45.5245416" lon="7.1970867"/>
    <trkpt lat="45.5244682" lon="7.1970518"/>
    <trkpt lat="45.5245019" lon="7.1969207"/>
    <trkpt lat="45.5244406" lon="7.1969163"/>
    <trkpt lat="45.5243702" lon="7.1969513"/>
    <trkpt lat="45.5243427" lon="7.1968595"/>
    <trkpt lat="45.5244253" lon="7.1967503"/>
    <trkpt lat="45.5245447" lon="7.1966717"/>
    <trkpt lat="45.5246396" lon="7.1965275"/>
    <trkpt lat="45.5247743" lon="7.1963615"/>
    <trkpt lat="45.5248447" lon="7.1962566"/>
    <trkpt lat="45.5248569" lon="7.1959333"/>
    <trkpt lat="45.5249181" lon="7.1957367"/>
    <trkpt lat="45.5250559" lon="7.1956756"/>
    <trkpt lat="45.5251355" lon="7.1956144"/>
    <trkpt lat="45.5251569" lon="7.1954921"/>
    <trkpt lat="45.5251599" lon="7.1953217"/>
    <trkpt lat="45.5251967" lon="7.1952081"/>
    <trkpt lat="45.5252763" lon="7.195195"/>
    <trkpt lat="45.5253283" lon="7.1953654"/>
    <trkpt lat="45.5254018" lon="7.1954265"/>
    <trkpt lat="45.5254354" lon="7.1953173"/>
    <trkpt lat="45.5254497" lon="7.1951541"/>
    <trkpt lat="45.5254293" lon="7.1949241"/>
    <trkpt lat="45.5254232" lon="7.19471"/>
    <trkpt lat="45.5254478" lon="7.1944651"/>
    <trkpt lat="45.5254022" lon="7.1943379"/>
    <trkpt lat="45.5253662" lon="7.194224"/>
    <trkpt lat="45.5253548" lon="7.1940797"/>
    <trkpt lat="45.5252637" lon="7.1938956"/>
    <trkpt lat="45.5252303" lon="7.1936571"/>
    <trkpt lat="45.5251783" lon="7.1934474"/>
    <trkpt lat="45.5251722" lon="7.1931459"/>
    <trkpt lat="45.5251997" lon="7.1929275"/>
    <trkpt lat="45.525215" lon="7.1926392"/>
    <trkpt lat="45.5252061" lon="7.1925757"/>
    <trkpt lat="45.5251997" lon="7.1925299"/>
    <trkpt lat="45.5251446" lon="7.1923683"/>
    <trkpt lat="45.5251446" lon="7.1922066"/>
    <trkpt lat="45.525186" lon="7.1920329"/>
    <trkpt lat="45.5251212" lon="7.1918997"/>
    <trkpt lat="45.5250202" lon="7.1917643"/>
    <trkpt lat="45.524959" lon="7.1916594"/>
    <trkpt lat="45.525008" lon="7.1915633"/>
    <trkpt lat="45.5249866" lon="7.191406"/>
    <trkpt lat="45.5250661" lon="7.1913755"/>
    <trkpt lat="45.5251672" lon="7.1914672"/>
    <trkpt lat="45.5253355" lon="7.1914847"/>
    <trkpt lat="45.5253569" lon="7.1913318"/>
    <trkpt lat="45.5253998" lon="7.1913012"/>
    <trkpt lat="45.525461" lon="7.1913929"/>
    <trkpt lat="45.5255491" lon="7.1913495"/>
    <trkpt lat="45.525574" lon="7.1911958"/>
    <trkpt lat="45.5255427" lon="7.1911064"/>
    <trkpt lat="45.5254838" lon="7.1910696"/>
    <trkpt lat="45.5254273" lon="7.1911221"/>
    <trkpt lat="45.525363" lon="7.1909823"/>
    <trkpt lat="45.5252192" lon="7.1909604"/>
    <trkpt lat="45.525109" lon="7.1909255"/>
    <trkpt lat="45.5249979" lon="7.1908433"/>
    <trkpt lat="45.5249505" lon="7.1907199"/>
    <trkpt lat="45.5248404" lon="7.1906003"/>
    <trkpt lat="45.5248043" lon="7.190494"/>
    <trkpt lat="45.52496" lon="7.1905471"/>
    <trkpt lat="45.5250511" lon="7.1904921"/>
    <trkpt lat="45.524996" lon="7.1904256"/>
    <trkpt lat="45.5248794" lon="7.1903619"/>
    <trkpt lat="45.524858" lon="7.1902832"/>
    <trkpt lat="45.5249774" lon="7.1902789"/>
    <trkpt lat="45.5250549" lon="7.1903023"/>
    <trkpt lat="45.5251308" lon="7.1902605"/>
    <trkpt lat="45.5249865" lon="7.1901485"/>
    <trkpt lat="45.5248764" lon="7.1900707"/>
    <trkpt lat="45.5247398" lon="7.1899834"/>
    <trkpt lat="45.5246316" lon="7.1899397"/>
    <trkpt lat="45.5244797" lon="7.1897726"/>
    <trkpt lat="45.5243886" lon="7.1897783"/>
    <trkpt lat="45.5243241" lon="7.1897461"/>
    <trkpt lat="45.5243468" lon="7.1896872"/>
    <trkpt lat="45.5244342" lon="7.1895506"/>
    <trkpt lat="45.5243165" lon="7.1895885"/>
    <trkpt lat="45.5241846" lon="7.1896104"/>
    <trkpt lat="45.5240897" lon="7.1895492"/>
    <trkpt lat="45.5241632" lon="7.1894138"/>
    <trkpt lat="45.5240377" lon="7.1894225"/>
    <trkpt lat="45.523903" lon="7.1893701"/>
    <trkpt lat="45.5237989" lon="7.1893526"/>
    <trkpt lat="45.523753" lon="7.1893133"/>
    <trkpt lat="45.5237469" lon="7.1892478"/>
    <trkpt lat="45.5238571" lon="7.1891648"/>
    <trkpt lat="45.5237744" lon="7.1891124"/>
    <trkpt lat="45.5237653" lon="7.1890162"/>
    <trkpt lat="45.5238571" lon="7.1889158"/>
    <trkpt lat="45.5240346" lon="7.1889725"/>
    <trkpt lat="45.5241846" lon="7.1890162"/>
    <trkpt lat="45.5243009" lon="7.1889463"/>
    <trkpt lat="45.5244264" lon="7.1889988"/>
    <trkpt lat="45.5245427" lon="7.1889813"/>
    <trkpt lat="45.5246009" lon="7.1890119"/>
    <trkpt lat="45.5246739" lon="7.1890137"/>
    <trkpt lat="45.5246838" lon="7.1889065"/>
    <trkpt lat="45.5246807" lon="7.1888081"/>
    <trkpt lat="45.524676" lon="7.1886649"/>
    <trkpt lat="45.524665" lon="7.188524"/>
    <trkpt lat="45.5246493" lon="7.1883898"/>
    <trkpt lat="45.5246258" lon="7.1883048"/>
    <trkpt lat="45.5245569" lon="7.1881795"/>
    <trkpt lat="45.5245234" lon="7.1880737"/>
    <trkpt lat="45.5244892" lon="7.1879541"/>
    <trkpt lat="45.5244362" lon="7.1878306"/>
    <trkpt lat="45.5244174" lon="7.1877836"/>
    <trkpt lat="45.5243124" lon="7.1877299"/>
    <trkpt lat="45.5242356" lon="7.1876897"/>
    <trkpt lat="45.5241369" lon="7.1876315"/>
    <trkpt lat="45.5240836" lon="7.1875689"/>
    <trkpt lat="45.5238238" lon="7.1874876"/>
    <trkpt lat="45.5235866" lon="7.1874439"/>
    <trkpt lat="45.5233073" lon="7.1873838"/>
    <trkpt lat="45.5231542" lon="7.1873401"/>
    <trkpt lat="45.5231062" lon="7.1872571"/>
    <trkpt lat="45.5231045" lon="7.1869524"/>
    <trkpt lat="45.5230919" lon="7.1867869"/>
    <trkpt lat="45.5229782" lon="7.1867449"/>
    <trkpt lat="45.5228635" lon="7.1866575"/>
    <trkpt lat="45.5228137" lon="7.1864882"/>
    <trkpt lat="45.5227066" lon="7.1862807"/>
    <trkpt lat="45.522653" lon="7.1860513"/>
    <trkpt lat="45.52263" lon="7.1859813"/>
    <trkpt lat="45.5226353" lon="7.1858753"/>
    <trkpt lat="45.5226563" lon="7.1857868"/>
    <trkpt lat="45.5226478" lon="7.1856594"/>
    <trkpt lat="45.5226478" lon="7.1855722"/>
    <trkpt lat="45.5226568" lon="7.1854779"/>
    <trkpt lat="45.5226488" lon="7.1854448"/>
    <trkpt lat="45.522629" lon="7.1853952"/>
    <trkpt lat="45.5226005" lon="7.1853495"/>
    <trkpt lat="45.5225745" lon="7.185308"/>
    <trkpt lat="45.5225228" lon="7.1852356"/>
    <trkpt lat="45.5225069" lon="7.1852142"/>
    <trkpt lat="45.5225106" lon="7.1851739"/>
    <trkpt lat="45.5225332" lon="7.1851283"/>
    <trkpt lat="45.5225539" lon="7.185068"/>
    <trkpt lat="45.5225792" lon="7.1849929"/>
    <trkpt lat="45.5226422" lon="7.1849419"/>
    <trkpt lat="45.5226826" lon="7.1849325"/>
    <trkpt lat="45.5227671" lon="7.1849446"/>
    <trkpt lat="45.5228517" lon="7.1849258"/>
    <trkpt lat="45.5228893" lon="7.1848829"/>
    <trkpt lat="45.5229156" lon="7.1848132"/>
    <trkpt lat="45.5229165" lon="7.1847394"/>
    <trkpt lat="45.5229043" lon="7.1846898"/>
    <trkpt lat="45.5228724" lon="7.1846254"/>
    <trkpt lat="45.5228442" lon="7.1845812"/>
    <trkpt lat="45.5228169" lon="7.1845651"/>
    <trkpt lat="45.5227906" lon="7.1845369"/>
    <trkpt lat="45.52277" lon="7.1844833"/>
    <trkpt lat="45.5227493" lon="7.1844457"/>
    <trkpt lat="45.5226995" lon="7.1844242"/>
    <trkpt lat="45.5226568" lon="7.1843966"/>
    <trkpt lat="45.5226253" lon="7.1843424"/>
    <trkpt lat="45.5226215" lon="7.1842486"/>
    <trkpt lat="45.5226196" lon="7.1842003"/>
    <trkpt lat="45.5226318" lon="7.1841775"/>
    <trkpt lat="45.5226375" lon="7.1841426"/>
    <trkpt lat="45.5226093" lon="7.1841118"/>
    <trkpt lat="45.5225943" lon="7.1840823"/>
    <trkpt lat="45.5225896" lon="7.1840367"/>
    <trkpt lat="45.5225839" lon="7.1839777"/>
    <trkpt lat="45.5225614" lon="7.1839133"/>
    <trkpt lat="45.5225267" lon="7.1838668"/>
    <trkpt lat="45.5225116" lon="7.183861"/>
    <trkpt lat="45.5224467" lon="7.1838208"/>
    <trkpt lat="45.5223791" lon="7.1837416"/>
    <trkpt lat="45.5223347" lon="7.183666"/>
    <trkpt lat="45.522302" lon="7.1835431"/>
    <trkpt lat="45.5222851" lon="7.1834144"/>
    <trkpt lat="45.5222835" lon="7.1833092"/>
    <trkpt lat="45.5222757" lon="7.1832816"/>
    <trkpt lat="45.5222461" lon="7.1832729"/>
    <trkpt lat="45.5221818" lon="7.1832447"/>
    <trkpt lat="45.522147" lon="7.1832173"/>
    <trkpt lat="45.5221197" lon="7.1831354"/>
    <trkpt lat="45.5221012" lon="7.1830624"/>
    <trkpt lat="45.5220822" lon="7.1830362"/>
    <trkpt lat="45.5220064" lon="7.1830094"/>
    <trkpt lat="45.5219581" lon="7.1829933"/>
    <trkpt lat="45.5218658" lon="7.1829561"/>
    <trkpt lat="45.5218285" lon="7.1829477"/>
    <trkpt lat="45.5217608" lon="7.1829531"/>
    <trkpt lat="45.5216855" lon="7.1830301"/>
    <trkpt lat="45.5216494" lon="7.1830079"/>
    <trkpt lat="45.5216429" lon="7.1829973"/>
    <trkpt lat="45.5215469" lon="7.1828422"/>
    <trkpt lat="45.5215013" lon="7.1825998"/>
    <trkpt lat="45.5214737" lon="7.1824949"/>
    <trkpt lat="45.5214189" lon="7.1823802"/>
    <trkpt lat="45.5213519" lon="7.1822655"/>
    <trkpt lat="45.5212305" lon="7.1820982"/>
    <trkpt lat="45.5211599" lon="7.1819917"/>
    <trkpt lat="45.5210705" lon="7.1819159"/>
    <trkpt lat="45.5209082" lon="7.1817588"/>
    <trkpt lat="45.5207943" lon="7.1815805"/>
    <trkpt lat="45.5206727" lon="7.181551"/>
    <trkpt lat="45.5206609" lon="7.1814962"/>
    <trkpt lat="45.5207276" lon="7.1813119"/>
    <trkpt lat="45.5208021" lon="7.1811589"/>
    <trkpt lat="45.5206551" lon="7.1809982"/>
    <trkpt lat="45.520646" lon="7.1808543"/>
    <trkpt lat="45.5206011" lon="7.180761"/>
    <trkpt lat="45.5205957" lon="7.1806803"/>
    <trkpt lat="45.5205983" lon="7.1805901"/>
    <trkpt lat="45.5206059" lon="7.1804918"/>
    <trkpt lat="45.5205103" lon="7.1802624"/>
    <trkpt lat="45.5204146" lon="7.1800877"/>
    <trkpt lat="45.520263" lon="7.1799435"/>
    <trkpt lat="45.5200179" lon="7.1798944"/>
    <trkpt lat="45.5199434" lon="7.1798082"/>
    <trkpt lat="45.5199375" lon="7.1796847"/>
    <trkpt lat="45.5198253" lon="7.179629"/>
    <trkpt lat="45.5198258" lon="7.1794788"/>
    <trkpt lat="45.5198062" lon="7.1793533"/>
    <trkpt lat="45.519714" lon="7.1792534"/>
    <trkpt lat="45.5196124" lon="7.1791496"/>
    <trkpt lat="45.5195262" lon="7.1790778"/>
    <trkpt lat="45.5193432" lon="7.1790719"/>
    <trkpt lat="45.5192248" lon="7.1791065"/>
    <trkpt lat="45.5191009" lon="7.1791783"/>
    <trkpt lat="45.5189681" lon="7.1791675"/>
    <trkpt lat="45.518873" lon="7.1790563"/>
    <trkpt lat="45.5188371" lon="7.1789342"/>
    <trkpt lat="45.5187845" lon="7.17899"/>
    <trkpt lat="45.5186936" lon="7.1788948"/>
    <trkpt lat="45.5186009" lon="7.178777"/>
    <trkpt lat="45.5185472" lon="7.1786803"/>
    <trkpt lat="45.5184551" lon="7.1786119"/>
    <trkpt lat="45.5183636" lon="7.1785367"/>
    <trkpt lat="45.5182888" lon="7.1785073"/>
    <trkpt lat="45.5181929" lon="7.1785161"/>
    <trkpt lat="45.517782" lon="7.1787028"/>
    <trkpt lat="45.5174303" lon="7.1788212"/>
    <trkpt lat="45.517782" lon="7.1787028"/>
    <trkpt lat="45.5181929" lon="7.1785161"/>
    <trkpt lat="45.5182888" lon="7.1785073"/>
    <trkpt lat="45.5183636" lon="7.1785367"/>
    <trkpt lat="45.5184551" lon="7.1786119"/>
    <trkpt lat="45.5185472" lon="7.1786803"/>
    <trkpt lat="45.5186009" lon="7.178777"/>
    <trkpt lat="45.5186936" lon="7.1788948"/>
    <trkpt lat="45.5187845" lon="7.17899"/>
    <trkpt lat="45.5188371" lon="7.1789342"/>
    <trkpt lat="45.518873" lon="7.1790563"/>
    <trkpt lat="45.5189681" lon="7.1791675"/>
    <trkpt lat="45.5191009" lon="7.1791783"/>
    <trkpt lat="45.5192248" lon="7.1791065"/>
    <trkpt lat="45.5193432" lon="7.1790719"/>
    <trkpt lat="45.5195262" lon="7.1790778"/>
    <trkpt lat="45.5196124" lon="7.1791496"/>
    <trkpt lat="45.519714" lon="7.1792534"/>
    <trkpt lat="45.5198062" lon="7.1793533"/>
    <trkpt lat="45.5198258" lon="7.1794788"/>
    <trkpt lat="45.5198253" lon="7.179629"/>
    <trkpt lat="45.5199375" lon="7.1796847"/>
    <trkpt lat="45.5199434" lon="7.1798082"/>
    <trkpt lat="45.5200179" lon="7.1798944"/>
    <trkpt lat="45.520263" lon="7.1799435"/>
    <trkpt lat="45.5204146" lon="7.1800877"/>
    <trkpt lat="45.5205103" lon="7.1802624"/>
    <trkpt lat="45.5206059" lon="7.1804918"/>
    <trkpt lat="45.5205983" lon="7.1805901"/>
    <trkpt lat="45.5205957" lon="7.1806803"/>
    <trkpt lat="45.5206011" lon="7.180761"/>
    <trkpt lat="45.520646" lon="7.1808543"/>
    <trkpt lat="45.5206551" lon="7.1809982"/>
    <trkpt lat="45.5208021" lon="7.1811589"/>
    <trkpt lat="45.5207276" lon="7.1813119"/>
    <trkpt lat="45.5206609" lon="7.1814962"/>
    <trkpt lat="45.5206727" lon="7.181551"/>
    <trkpt lat="45.5207943" lon="7.1815805"/>
    <trkpt lat="45.5209082" lon="7.1817588"/>
    <trkpt lat="45.5210705" lon="7.1819159"/>
    <trkpt lat="45.5211599" lon="7.1819917"/>
    <trkpt lat="45.5212305" lon="7.1820982"/>
    <trkpt lat="45.5213519" lon="7.1822655"/>
    <trkpt lat="45.5214189" lon="7.1823802"/>
    <trkpt lat="45.5214737" lon="7.1824949"/>
    <trkpt lat="45.5215013" lon="7.1825998"/>
    <trkpt lat="45.5215469" lon="7.1828422"/>
    <trkpt lat="45.5216429" lon="7.1829973"/>
    <trkpt lat="45.5216494" lon="7.1830079"/>
    <trkpt lat="45.5216855" lon="7.1830301"/>
    <trkpt lat="45.5217608" lon="7.1829531"/>
    <trkpt lat="45.5218285" lon="7.1829477"/>
    <trkpt lat="45.5218658" lon="7.1829561"/>
    <trkpt lat="45.5219581" lon="7.1829933"/>
    <trkpt lat="45.5220064" lon="7.1830094"/>
    <trkpt lat="45.5220822" lon="7.1830362"/>
    <trkpt lat="45.5221012" lon="7.1830624"/>
    <trkpt lat="45.5221197" lon="7.1831354"/>
    <trkpt lat="45.522147" lon="7.1832173"/>
    <trkpt lat="45.5221818" lon="7.1832447"/>
    <trkpt lat="45.5222461" lon="7.1832729"/>
    <trkpt lat="45.5222757" lon="7.1832816"/>
    <trkpt lat="45.5222835" lon="7.1833092"/>
    <trkpt lat="45.5222851" lon="7.1834144"/>
    <trkpt lat="45.522302" lon="7.1835431"/>
    <trkpt lat="45.5223347" lon="7.183666"/>
    <trkpt lat="45.5223791" lon="7.1837416"/>
    <trkpt lat="45.5224467" lon="7.1838208"/>
    <trkpt lat="45.5225116" lon="7.183861"/>
    <trkpt lat="45.5225267" lon="7.1838668"/>
    <trkpt lat="45.5225614" lon="7.1839133"/>
    <trkpt lat="45.5225839" lon="7.1839777"/>
    <trkpt lat="45.5225896" lon="7.1840367"/>
    <trkpt lat="45.5225943" lon="7.1840823"/>
    <trkpt lat="45.5226093" lon="7.1841118"/>
    <trkpt lat="45.5226375" lon="7.1841426"/>
    <trkpt lat="45.5226318" lon="7.1841775"/>
    <trkpt lat="45.5226196" lon="7.1842003"/>
    <trkpt lat="45.5226215" lon="7.1842486"/>
    <trkpt lat="45.5226253" lon="7.1843424"/>
    <trkpt lat="45.5226568" lon="7.1843966"/>
    <trkpt lat="45.5226995" lon="7.1844242"/>
    <trkpt lat="45.5227493" lon="7.1844457"/>
    <trkpt lat="45.52277" lon="7.1844833"/>
    <trkpt lat="45.5227906" lon="7.1845369"/>
    <trkpt lat="45.5228169" lon="7.1845651"/>
    <trkpt lat="45.5228442" lon="7.1845812"/>
    <trkpt lat="45.5228724" lon="7.1846254"/>
    <trkpt lat="45.5229043" lon="7.1846898"/>
    <trkpt lat="45.5229165" lon="7.1847394"/>
    <trkpt lat="45.5229156" lon="7.1848132"/>
    <trkpt lat="45.5228893" lon="7.1848829"/>
    <trkpt lat="45.5228517" lon="7.1849258"/>
    <trkpt lat="45.5227671" lon="7.1849446"/>
    <trkpt lat="45.5226826" lon="7.1849325"/>
    <trkpt lat="45.5226422" lon="7.1849419"/>
    <trkpt lat="45.5225792" lon="7.1849929"/>
    <trkpt lat="45.5225539" lon="7.185068"/>
    <trkpt lat="45.5225332" lon="7.1851283"/>
    <trkpt lat="45.5225106" lon="7.1851739"/>
    <trkpt lat="45.5225069" lon="7.1852142"/>
    <trkpt lat="45.5225228" lon="7.1852356"/>
    <trkpt lat="45.5225745" lon="7.185308"/>
    <trkpt lat="45.5226005" lon="7.1853495"/>
    <trkpt lat="45.522629" lon="7.1853952"/>
    <trkpt lat="45.5226488" lon="7.1854448"/>
    <trkpt lat="45.5226568" lon="7.1854779"/>
    <trkpt lat="45.5226478" lon="7.1855722"/>
    <trkpt lat="45.5226478" lon="7.1856594"/>
    <trkpt lat="45.5226563" lon="7.1857868"/>
    <trkpt lat="45.5226353" lon="7.1858753"/>
    <trkpt lat="45.52263" lon="7.1859813"/>
    <trkpt lat="45.522653" lon="7.1860513"/>
    <trkpt lat="45.5227066" lon="7.1862807"/>
    <trkpt lat="45.5228137" lon="7.1864882"/>
    <trkpt lat="45.5228635" lon="7.1866575"/>
    <trkpt lat="45.5229782" lon="7.1867449"/>
    <trkpt lat="45.5230919" lon="7.1867869"/>
    <trkpt lat="45.5231045" lon="7.1869524"/>
    <trkpt lat="45.5231062" lon="7.1872571"/>
    <trkpt lat="45.5231542" lon="7.1873401"/>
    <trkpt lat="45.5233073" lon="7.1873838"/>
    <trkpt lat="45.5235866" lon="7.1874439"/>
    <trkpt lat="45.5238238" lon="7.1874876"/>
    <trkpt lat="45.5240836" lon="7.1875689"/>
    <trkpt lat="45.5241369" lon="7.1876315"/>
    <trkpt lat="45.5242356" lon="7.1876897"/>
    <trkpt lat="45.5243124" lon="7.1877299"/>
    <trkpt lat="45.5244174" lon="7.1877836"/>
    <trkpt lat="45.5244362" lon="7.1878306"/>
    <trkpt lat="45.5244892" lon="7.1879541"/>
    <trkpt lat="45.5245234" lon="7.1880737"/>
    <trkpt lat="45.5245569" lon="7.1881795"/>
    <trkpt lat="45.5246258" lon="7.1883048"/>
    <trkpt lat="45.5246493" lon="7.1883898"/>
    <trkpt lat="45.524665" lon="7.188524"/>
    <trkpt lat="45.524676" lon="7.1886649"/>
    <trkpt lat="45.5246807" lon="7.1888081"/>
    <trkpt lat="45.5246838" lon="7.1889065"/>
    <trkpt lat="45.5246739" lon="7.1890137"/>
    <trkpt lat="45.5246009" lon="7.1890119"/>
    <trkpt lat="45.5245427" lon="7.1889813"/>
    <trkpt lat="45.5244264" lon="7.1889988"/>
    <trkpt lat="45.5243009" lon="7.1889463"/>
    <trkpt lat="45.5241846" lon="7.1890162"/>
    <trkpt lat="45.5240346" lon="7.1889725"/>
    <trkpt lat="45.5238571" lon="7.1889158"/>
    <trkpt lat="45.5237653" lon="7.1890162"/>
    <trkpt lat="45.5237744" lon="7.1891124"/>
    <trkpt lat="45.5238571" lon="7.1891648"/>
    <trkpt lat="45.5237469" lon="7.1892478"/>
    <trkpt lat="45.523753" lon="7.1893133"/>
    <trkpt lat="45.5237989" lon="7.1893526"/>
    <trkpt lat="45.523903" lon="7.1893701"/>
    <trkpt lat="45.5240377" lon="7.1894225"/>
    <trkpt lat="45.5241632" lon="7.1894138"/>
    <trkpt lat="45.5240897" lon="7.1895492"/>
    <trkpt lat="45.5241846" lon="7.1896104"/>
    <trkpt lat="45.5243165" lon="7.1895885"/>
    <trkpt lat="45.5244342" lon="7.1895506"/>
    <trkpt lat="45.5243468" lon="7.1896872"/>
    <trkpt lat="45.5243241" lon="7.1897461"/>
    <trkpt lat="45.5243886" lon="7.1897783"/>
    <trkpt lat="45.5244797" lon="7.1897726"/>
    <trkpt lat="45.5246316" lon="7.1899397"/>
    <trkpt lat="45.5247398" lon="7.1899834"/>
    <trkpt lat="45.5248764" lon="7.1900707"/>
    <trkpt lat="45.5249865" lon="7.1901485"/>
    <trkpt lat="45.5251308" lon="7.1902605"/>
    <trkpt lat="45.5250549" lon="7.1903023"/>
    <trkpt lat="45.5249774" lon="7.1902789"/>
    <trkpt lat="45.524858" lon="7.1902832"/>
    <trkpt lat="45.5248794" lon="7.1903619"/>
    <trkpt lat="45.524996" lon="7.1904256"/>
    <trkpt lat="45.5250511" lon="7.1904921"/>
    <trkpt lat="45.52496" lon="7.1905471"/>
    <trkpt lat="45.5248043" lon="7.190494"/>
    <trkpt lat="45.5248404" lon="7.1906003"/>
    <trkpt lat="45.5249505" lon="7.1907199"/>
    <trkpt lat="45.5249979" lon="7.1908433"/>
    <trkpt lat="45.525109" lon="7.1909255"/>
    <trkpt lat="45.5252192" lon="7.1909604"/>
    <trkpt lat="45.525363" lon="7.1909823"/>
    <trkpt lat="45.5254273" lon="7.1911221"/>
    <trkpt lat="45.5254838" lon="7.1910696"/>
    <trkpt lat="45.5255427" lon="7.1911064"/>
    <trkpt lat="45.525574" lon="7.1911958"/>
    <trkpt lat="45.5255491" lon="7.1913495"/>
    <trkpt lat="45.525461" lon="7.1913929"/>
    <trkpt lat="45.5253998" lon="7.1913012"/>
    <trkpt lat="45.5253569" lon="7.1913318"/>
    <trkpt lat="45.5253355" lon="7.1914847"/>
    <trkpt lat="45.5251672" lon="7.1914672"/>
    <trkpt lat="45.5250661" lon="7.1913755"/>
    <trkpt lat="45.5249866" lon="7.191406"/>
    <trkpt lat="45.525008" lon="7.1915633"/>
    <trkpt lat="45.524959" lon="7.1916594"/>
    <trkpt lat="45.5250202" lon="7.1917643"/>
    <trkpt lat="45.5251212" lon="7.1918997"/>
    <trkpt lat="45.525186" lon="7.1920329"/>
    <trkpt lat="45.5251446" lon="7.1922066"/>
    <trkpt lat="45.5251446" lon="7.1923683"/>
    <trkpt lat="45.5251997" lon="7.1925299"/>
    <trkpt lat="45.5252061" lon="7.1925757"/>
    <trkpt lat="45.525215" lon="7.1926392"/>
    <trkpt lat="45.5251997" lon="7.1929275"/>
    <trkpt lat="45.5251722" lon="7.1931459"/>
    <trkpt lat="45.5251783" lon="7.1934474"/>
    <trkpt lat="45.5252303" lon="7.1936571"/>
    <trkpt lat="45.5252637" lon="7.1938956"/>
    <trkpt lat="45.5253548" lon="7.1940797"/>
    <trkpt lat="45.5253662" lon="7.194224"/>
    <trkpt lat="45.5254022" lon="7.1943379"/>
    <trkpt lat="45.5254478" lon="7.1944651"/>
    <trkpt lat="45.5254232" lon="7.19471"/>
    <trkpt lat="45.5254293" lon="7.1949241"/>
    <trkpt lat="45.5254497" lon="7.1951541"/>
    <trkpt lat="45.5254354" lon="7.1953173"/>
    <trkpt lat="45.5254018" lon="7.1954265"/>
    <trkpt lat="45.5253283" lon="7.1953654"/>
    <trkpt lat="45.5252763" lon="7.195195"/>
    <trkpt lat="45.5251967" lon="7.1952081"/>
    <trkpt lat="45.5251599" lon="7.1953217"/>
    <trkpt lat="45.5251569" lon="7.1954921"/>
    <trkpt lat="45.5251355" lon="7.1956144"/>
    <trkpt lat="45.5250559" lon="7.1956756"/>
    <trkpt lat="45.5249181" lon="7.1957367"/>
    <trkpt lat="45.5248569" lon="7.1959333"/>
    <trkpt lat="45.5248447" lon="7.1962566"/>
    <trkpt lat="45.5247743" lon="7.1963615"/>
    <trkpt lat="45.5246396" lon="7.1965275"/>
    <trkpt lat="45.5245447" lon="7.1966717"/>
    <trkpt lat="45.5244253" lon="7.1967503"/>
    <trkpt lat="45.5243427" lon="7.1968595"/>
    <trkpt lat="45.5243702" lon="7.1969513"/>
    <trkpt lat="45.5244406" lon="7.1969163"/>
    <trkpt lat="45.5245019" lon="7.1969207"/>
    <trkpt lat="45.5244682" lon="7.1970518"/>
    <trkpt lat="45.5245416" lon="7.1970867"/>
    <trkpt lat="45.5246182" lon="7.1970911"/>
    <trkpt lat="45.5247284" lon="7.1971479"/>
    <trkpt lat="45.5248018" lon="7.1971654"/>
    <trkpt lat="45.5248998" lon="7.197126"/>
    <trkpt lat="45.5249457" lon="7.1971828"/>
    <trkpt lat="45.5249702" lon="7.1973532"/>
    <trkpt lat="45.5250069" lon="7.1974799"/>
    <trkpt lat="45.5250651" lon="7.1975586"/>
    <trkpt lat="45.5250895" lon="7.1976678"/>
    <trkpt lat="45.525062" lon="7.1977901"/>
    <trkpt lat="45.5250038" lon="7.1979605"/>
    <trkpt lat="45.5249181" lon="7.1980392"/>
    <trkpt lat="45.5248508" lon="7.1981309"/>
    <trkpt lat="45.5247712" lon="7.1981877"/>
    <trkpt lat="45.5247272" lon="7.1983045"/>
    <trkpt lat="45.5247155" lon="7.198494"/>
    <trkpt lat="45.5247232" lon="7.1987223"/>
    <trkpt lat="45.524759" lon="7.1989479"/>
    <trkpt lat="45.5247988" lon="7.1990571"/>
    <trkpt lat="45.5248508" lon="7.1992406"/>
    <trkpt lat="45.5248416" lon="7.1992887"/>
    <trkpt lat="45.5247625" lon="7.1993587"/>
    <trkpt lat="45.5246695" lon="7.1994195"/>
    <trkpt lat="45.5245537" lon="7.1995239"/>
    <trkpt lat="45.5244927" lon="7.1996382"/>
    <trkpt lat="45.5244621" lon="7.1997998"/>
    <trkpt lat="45.524511" lon="7.1998304"/>
    <trkpt lat="45.5245692" lon="7.1998435"/>
    <trkpt lat="45.5246335" lon="7.1998916"/>
    <trkpt lat="45.5247069" lon="7.2000052"/>
    <trkpt lat="45.5247437" lon="7.2000663"/>
    <trkpt lat="45.5247743" lon="7.2001319"/>
    <trkpt lat="45.5247253" lon="7.2001805"/>
    <trkpt lat="45.5246396" lon="7.2001855"/>
    <trkpt lat="45.5245214" lon="7.2002103"/>
    <trkpt lat="45.5244657" lon="7.2002608"/>
    <trkpt lat="45.5244557" lon="7.2003252"/>
    <trkpt lat="45.5244806" lon="7.2003664"/>
    <trkpt lat="45.524542" lon="7.2003812"/>
    <trkpt lat="45.5246319" lon="7.2004044"/>
    <trkpt lat="45.5247097" lon="7.2004637"/>
    <trkpt lat="45.524479" lon="7.2015383"/>
    <trkpt lat="45.5244678" lon="7.2016565"/>
    <trkpt lat="45.5244668" lon="7.2021678"/>
    <trkpt lat="45.5244579" lon="7.2022882"/>
    <trkpt lat="45.5244356" lon="7.2025704"/>
    <trkpt lat="45.524243" lon="7.2026426"/>
    <trkpt lat="45.524031" lon="7.2028389"/>
    <trkpt lat="45.5238694" lon="7.2029355"/>
    <trkpt lat="45.5237587" lon="7.202927"/>
    <trkpt lat="45.5236927" lon="7.202922"/>
    <trkpt lat="45.5236251" lon="7.2029489"/>
    <trkpt lat="45.5235443" lon="7.2030132"/>
    <trkpt lat="45.5235333" lon="7.2030119"/>
    <trkpt lat="45.5234278" lon="7.2029998"/>
    <trkpt lat="45.5232417" lon="7.2030106"/>
    <trkpt lat="45.5231158" lon="7.2029086"/>
    <trkpt lat="45.5230237" lon="7.2029462"/>
    <trkpt lat="45.5229223" lon="7.202922"/>
    <trkpt lat="45.5228208" lon="7.2029328"/>
    <trkpt lat="45.5226855" lon="7.2030025"/>
    <trkpt lat="45.522507" lon="7.2030079"/>
    <trkpt lat="45.522366" lon="7.2030615"/>
    <trkpt lat="45.5222589" lon="7.2031339"/>
    <trkpt lat="45.522086" lon="7.2032037"/>
    <trkpt lat="45.5219" lon="7.2031232"/>
    <trkpt lat="45.5217722" lon="7.2030749"/>
    <trkpt lat="45.5214715" lon="7.2030136"/>
    <trkpt lat="45.5212771" lon="7.2031134"/>
    <trkpt lat="45.5211158" lon="7.2032987"/>
    <trkpt lat="45.5208837" lon="7.2033604"/>
    <trkpt lat="45.5208091" lon="7.2034221"/>
    <trkpt lat="45.5205316" lon="7.2038218"/>
    <trkpt lat="45.5203154" lon="7.2039616"/>
    <trkpt lat="45.519991" lon="7.2042365"/>
    <trkpt lat="45.5196734" lon="7.2044342"/>
    <trkpt lat="45.5192848" lon="7.2045547"/>
    <trkpt lat="45.5191902" lon="7.2046608"/>
    <trkpt lat="45.5190923" lon="7.2046898"/>
    <trkpt lat="45.5189301" lon="7.2049646"/>
    <trkpt lat="45.5186936" lon="7.2050032"/>
    <trkpt lat="45.5185776" lon="7.2050688"/>
    <trkpt lat="45.5183117" lon="7.2051538"/>
    <trkpt lat="45.5181843" lon="7.2051515"/>
    <trkpt lat="45.5176175" lon="7.2054823"/>
    <trkpt lat="45.5174365" lon="7.205466"/>
    <trkpt lat="45.5172299" lon="7.2055478"/>
    <trkpt lat="45.5170665" lon="7.2055746"/>
    <trkpt lat="45.5168909" lon="7.2055406"/>
    <trkpt lat="45.516821" lon="7.2054975"/>
    <trkpt lat="45.5166931" lon="7.2054847"/>
    <trkpt lat="45.5165192" lon="7.2055529"/>
    <trkpt lat="45.5163044" lon="7.2056216"/>
    <trkpt lat="45.515938" lon="7.2056851"/>
    <trkpt lat="45.515704" lon="7.2056827"/>
    <trkpt lat="45.5156616" lon="7.2056823"/>
    <trkpt lat="45.515477" lon="7.2057364"/>
    <trkpt lat="45.5153952" lon="7.2057604"/>
    <trkpt lat="45.5152982" lon="7.2057861"/>
    <trkpt lat="45.515219" lon="7.2058631"/>
    <trkpt lat="45.5151523" lon="7.2059329"/>
    <trkpt lat="45.5151081" lon="7.2059637"/>
    <trkpt lat="45.515079" lon="7.2060093"/>
    <trkpt lat="45.5150621" lon="7.2060683"/>
    <trkpt lat="45.5150649" lon="7.2061635"/>
    <trkpt lat="45.5150527" lon="7.2062547"/>
    <trkpt lat="45.5150132" lon="7.2063634"/>
    <trkpt lat="45.5149615" lon="7.2064935"/>
    <trkpt lat="45.5148967" lon="7.2066101"/>
    <trkpt lat="45.514757" lon="7.2067885"/>
    <trkpt lat="45.5147174" lon="7.2068523"/>
    <trkpt lat="45.5146539" lon="7.206959"/>
    <trkpt lat="45.5144475" lon="7.2072016"/>
    <trkpt lat="45.5143516" lon="7.2072539"/>
    <trkpt lat="45.5142501" lon="7.2072646"/>
    <trkpt lat="45.5141674" lon="7.2073196"/>
    <trkpt lat="45.5141214" lon="7.2074228"/>
    <trkpt lat="45.5140105" lon="7.207506"/>
    <trkpt lat="45.5139306" lon="7.2076709"/>
    <trkpt lat="45.5139513" lon="7.2077581"/>
    <trkpt lat="45.513994" lon="7.207778"/>
    <trkpt lat="45.5140871" lon="7.2077647"/>
    <trkpt lat="45.5141616" lon="7.207788"/>
    <trkpt lat="45.5142524" lon="7.2078345"/>
    <trkpt lat="45.5143199" lon="7.2079208"/>
    <trkpt lat="45.5143967" lon="7.2079208"/>
    <trkpt lat="45.5146085" lon="7.2079673"/>
    <trkpt lat="45.5146727" lon="7.2079876"/>
    <trkpt lat="45.5147076" lon="7.2079985"/>
    <trkpt lat="45.5147668" lon="7.2080172"/>
    <trkpt lat="45.5148831" lon="7.2080703"/>
    <trkpt lat="45.5148017" lon="7.2081666"/>
    <trkpt lat="45.5147737" lon="7.2082297"/>
    <trkpt lat="45.5147109" lon="7.2082729"/>
    <trkpt lat="45.514527" lon="7.2083526"/>
    <trkpt lat="45.5144479" lon="7.2084058"/>
    <trkpt lat="45.5142314" lon="7.2085253"/>
    <trkpt lat="45.5140918" lon="7.2086316"/>
    <trkpt lat="45.5140499" lon="7.2086881"/>
    <trkpt lat="45.5140801" lon="7.2087313"/>
    <trkpt lat="45.5141732" lon="7.2087346"/>
    <trkpt lat="45.5143036" lon="7.2087579"/>
    <trkpt lat="45.5145061" lon="7.2087678"/>
    <trkpt lat="45.5145619" lon="7.2087944"/>
    <trkpt lat="45.514541" lon="7.2088442"/>
    <trkpt lat="45.5144944" lon="7.2088641"/>
    <trkpt lat="45.5144525" lon="7.2089206"/>
    <trkpt lat="45.5144432" lon="7.2089571"/>
    <trkpt lat="45.5144805" lon="7.2089904"/>
    <trkpt lat="45.5145363" lon="7.2090003"/>
    <trkpt lat="45.5146178" lon="7.2089837"/>
    <trkpt lat="45.5146969" lon="7.2090136"/>
    <trkpt lat="45.5146062" lon="7.2090767"/>
    <trkpt lat="45.5146062" lon="7.2091166"/>
    <trkpt lat="45.514683" lon="7.2091232"/>
    <trkpt lat="45.5146201" lon="7.209193"/>
    <trkpt lat="45.5146969" lon="7.2092229"/>
    <trkpt lat="45.5146364" lon="7.209276"/>
    <trkpt lat="45.5145619" lon="7.2093159"/>
    <trkpt lat="45.5145177" lon="7.2093856"/>
    <trkpt lat="45.5145224" lon="7.2094255"/>
    <trkpt lat="45.5146108" lon="7.2094786"/>
    <trkpt lat="45.5145829" lon="7.2095218"/>
    <trkpt lat="45.514534" lon="7.2096248"/>
    <trkpt lat="45.514548" lon="7.2096547"/>
    <trkpt lat="45.5146201" lon="7.2097111"/>
    <trkpt lat="45.5146923" lon="7.2096945"/>
    <trkpt lat="45.51479" lon="7.2096846"/>
    <trkpt lat="45.5149646" lon="7.2097377"/>
    <trkpt lat="45.5149948" lon="7.2097908"/>
    <trkpt lat="45.5149785" lon="7.2099104"/>
    <trkpt lat="45.5149413" lon="7.2100067"/>
    <trkpt lat="45.5148901" lon="7.210113"/>
    <trkpt lat="45.5148808" lon="7.2101761"/>
    <trkpt lat="45.5149157" lon="7.2102725"/>
    <trkpt lat="45.5149648" lon="7.2103591"/>
    <trkpt lat="45.5150252" lon="7.2105041"/>
    <trkpt lat="45.5151433" lon="7.2105864"/>
    <trkpt lat="45.5152229" lon="7.210602"/>
    <trkpt lat="45.5152641" lon="7.2107078"/>
    <trkpt lat="45.5152696" lon="7.210747"/>
    <trkpt lat="45.5153191" lon="7.2107862"/>
    <trkpt lat="45.5154152" lon="7.210845"/>
    <trkpt lat="45.5154289" lon="7.2109116"/>
    <trkpt lat="45.5153795" lon="7.2109195"/>
    <trkpt lat="45.5152229" lon="7.210845"/>
    <trkpt lat="45.5151543" lon="7.2108646"/>
    <trkpt lat="45.5152394" lon="7.21099"/>
    <trkpt lat="45.515179" lon="7.2110214"/>
    <trkpt lat="45.5151021" lon="7.2110409"/>
    <trkpt lat="45.5148367" lon="7.2110475"/>
    <trkpt lat="45.5146915" lon="7.2108453"/>
    <trkpt lat="45.5146051" lon="7.2106522"/>
    <trkpt lat="45.5145839" lon="7.2106435"/>
    <trkpt lat="45.5145802" lon="7.2106536"/>
    <trkpt lat="45.5145792" lon="7.2107629"/>
    <trkpt lat="45.5146149" lon="7.2109164"/>
    <trkpt lat="45.5146511" lon="7.2109949"/>
    <trkpt lat="45.5146638" lon="7.211013"/>
    <trkpt lat="45.5146516" lon="7.2110257"/>
    <trkpt lat="45.5146196" lon="7.2110016"/>
    <trkpt lat="45.5144994" lon="7.2108883"/>
    <trkpt lat="45.5144336" lon="7.2108521"/>
    <trkpt lat="45.5143805" lon="7.2108333"/>
    <trkpt lat="45.5142057" lon="7.2108561"/>
    <trkpt lat="45.5140888" lon="7.2108951"/>
    <trkpt lat="45.514026" lon="7.2109512"/>
    <trkpt lat="45.5140291" lon="7.210987"/>
    <trkpt lat="45.5141313" lon="7.2110296"/>
    <trkpt lat="45.5141784" lon="7.2110655"/>
    <trkpt lat="45.5142365" lon="7.2111306"/>
    <trkpt lat="45.5143418" lon="7.2112875"/>
    <trkpt lat="45.5144157" lon="7.2113705"/>
    <trkpt lat="45.514466" lon="7.211449"/>
    <trkpt lat="45.5144832" lon="7.2114916"/>
    <trkpt lat="45.514554" lon="7.2115544"/>
    <trkpt lat="45.5145744" lon="7.2115925"/>
    <trkpt lat="45.514411" lon="7.2115723"/>
    <trkpt lat="45.514385" lon="7.2115465"/>
    <trkpt lat="45.5142758" lon="7.2114378"/>
    <trkpt lat="45.5141313" lon="7.211384"/>
    <trkpt lat="45.5140087" lon="7.2113907"/>
    <trkpt lat="45.5139003" lon="7.2114243"/>
    <trkpt lat="45.5138358" lon="7.2114243"/>
    <trkpt lat="45.5137023" lon="7.2113593"/>
    <trkpt lat="45.5136567" lon="7.211357"/>
    <trkpt lat="45.5135954" lon="7.211384"/>
    <trkpt lat="45.5135719" lon="7.211431"/>
    <trkpt lat="45.5135923" lon="7.211458"/>
    <trkpt lat="45.5136284" lon="7.2114467"/>
    <trkpt lat="45.5137808" lon="7.2116172"/>
    <trkpt lat="45.5138343" lon="7.2116351"/>
    <trkpt lat="45.5138798" lon="7.211671"/>
    <trkpt lat="45.5139286" lon="7.2116934"/>
    <trkpt lat="45.514081" lon="7.21181"/>
    <trkpt lat="45.5141485" lon="7.2119132"/>
    <trkpt lat="45.5141328" lon="7.2119334"/>
    <trkpt lat="45.5139961" lon="7.211875"/>
    <trkpt lat="45.5138783" lon="7.2118863"/>
    <trkpt lat="45.5138138" lon="7.2118863"/>
    <trkpt lat="45.5137526" lon="7.211875"/>
    <trkpt lat="45.5136599" lon="7.211884"/>
    <trkpt lat="45.5136379" lon="7.2119266"/>
    <trkpt lat="45.5136253" lon="7.2119894"/>
    <trkpt lat="45.5136441" lon="7.2120275"/>
    <trkpt lat="45.5136787" lon="7.2120567"/>
    <trkpt lat="45.5137259" lon="7.2120455"/>
    <trkpt lat="45.5137761" lon="7.2120477"/>
    <trkpt lat="45.5138248" lon="7.2120612"/>
    <trkpt lat="45.513861" lon="7.2120881"/>
    <trkpt lat="45.5138987" lon="7.2121284"/>
    <trkpt lat="45.5139254" lon="7.2121912"/>
    <trkpt lat="45.5140024" lon="7.2122854"/>
    <trkpt lat="45.514081" lon="7.2123617"/>
    <trkpt lat="45.5141454" lon="7.2124043"/>
    <trkpt lat="45.5140888" lon="7.2124267"/>
    <trkpt lat="45.5140354" lon="7.21242"/>
    <trkpt lat="45.5139757" lon="7.2124043"/>
    <trkpt lat="45.5139207" lon="7.2123751"/>
    <trkpt lat="45.5138704" lon="7.2123684"/>
    <trkpt lat="45.5138296" lon="7.2123953"/>
    <trkpt lat="45.5138233" lon="7.2124222"/>
    <trkpt lat="45.5138704" lon="7.2124334"/>
    <trkpt lat="45.5139191" lon="7.2124648"/>
    <trkpt lat="45.5139537" lon="7.2124962"/>
    <trkpt lat="45.5140071" lon="7.2125298"/>
    <trkpt lat="45.5140464" lon="7.212568"/>
    <trkpt lat="45.5141831" lon="7.2126038"/>
    <trkpt lat="45.5143198" lon="7.2126734"/>
    <trkpt lat="45.5143701" lon="7.212707"/>
    <trkpt lat="45.5143811" lon="7.2127272"/>
    <trkpt lat="45.5142915" lon="7.2127317"/>
    <trkpt lat="45.5141957" lon="7.2127788"/>
    <trkpt lat="45.5141485" lon="7.212772"/>
    <trkpt lat="45.5140087" lon="7.2128079"/>
    <trkpt lat="45.5139568" lon="7.2127967"/>
    <trkpt lat="45.5139223" lon="7.2128438"/>
    <trkpt lat="45.51407" lon="7.2129268"/>
    <trkpt lat="45.514191" lon="7.2130052"/>
    <trkpt lat="45.5142633" lon="7.2130703"/>
    <trkpt lat="45.5143308" lon="7.2131779"/>
    <trkpt lat="45.5143355" lon="7.2132026"/>
    <trkpt lat="45.5142963" lon="7.2131891"/>
    <trkpt lat="45.5141721" lon="7.2131981"/>
    <trkpt lat="45.51407" lon="7.2131779"/>
    <trkpt lat="45.5140087" lon="7.2131846"/>
    <trkpt lat="45.5140888" lon="7.2132833"/>
    <trkpt lat="45.514136" lon="7.2133595"/>
    <trkpt lat="45.5142963" lon="7.2135412"/>
    <trkpt lat="45.514301" lon="7.2135658"/>
    <trkpt lat="45.5142538" lon="7.2135681"/>
    <trkpt lat="45.513982" lon="7.2134649"/>
    <trkpt lat="45.513949" lon="7.2134829"/>
    <trkpt lat="45.5139144" lon="7.2135412"/>
    <trkpt lat="45.5138987" lon="7.2136197"/>
    <trkpt lat="45.5139348" lon="7.2136174"/>
    <trkpt lat="45.5139977" lon="7.2136466"/>
    <trkpt lat="45.5140417" lon="7.2137363"/>
    <trkpt lat="45.514092" lon="7.2138843"/>
    <trkpt lat="45.5141674" lon="7.2141646"/>
    <trkpt lat="45.5142098" lon="7.2143866"/>
    <trkpt lat="45.5142271" lon="7.2145099"/>
    <trkpt lat="45.5142743" lon="7.2146826"/>
    <trkpt lat="45.514279" lon="7.2147835"/>
    <trkpt lat="45.5142303" lon="7.2147207"/>
    <trkpt lat="45.5141753" lon="7.2146781"/>
    <trkpt lat="45.5141313" lon="7.2146893"/>
    <trkpt lat="45.5141171" lon="7.2147947"/>
    <trkpt lat="45.5140993" lon="7.2148404"/>
    <trkpt lat="45.5140728" lon="7.2148473"/>
    <trkpt lat="45.5139658" lon="7.2148381"/>
    <trkpt lat="45.514035" lon="7.2149437"/>
    <trkpt lat="45.5140454" lon="7.2150034"/>
    <trkpt lat="45.5141008" lon="7.2151424"/>
    <trkpt lat="45.5141574" lon="7.2152106"/>
    <trkpt lat="45.5141875" lon="7.2152806"/>
    <trkpt lat="45.5142164" lon="7.2153254"/>
    <trkpt lat="45.5142089" lon="7.2153649"/>
    <trkpt lat="45.5141548" lon="7.2153541"/>
    <trkpt lat="45.5141071" lon="7.2154582"/>
    <trkpt lat="45.5140782" lon="7.2155533"/>
    <trkpt lat="45.5140216" lon="7.2156627"/>
    <trkpt lat="45.5139826" lon="7.2157793"/>
    <trkpt lat="45.5139537" lon="7.2158564"/>
    <trkpt lat="45.5139198" lon="7.2159443"/>
    <trkpt lat="45.513872" lon="7.2159964"/>
    <trkpt lat="45.5138205" lon="7.216052"/>
    <trkpt lat="45.5137551" lon="7.2161022"/>
    <trkpt lat="45.5136985" lon="7.2161417"/>
    <trkpt lat="45.5136093" lon="7.2161955"/>
    <trkpt lat="45.513515" lon="7.2163103"/>
    <trkpt lat="45.513471" lon="7.2163713"/>
    <trkpt lat="45.5134396" lon="7.2164449"/>
    <trkpt lat="45.5134157" lon="7.2165345"/>
    <trkpt lat="45.5134106" lon="7.2166189"/>
    <trkpt lat="45.5134345" lon="7.2166888"/>
    <trkpt lat="45.5134559" lon="7.2167283"/>
    <trkpt lat="45.5135313" lon="7.2166781"/>
    <trkpt lat="45.5135791" lon="7.2166386"/>
    <trkpt lat="45.5136357" lon="7.2166278"/>
    <trkpt lat="45.5137237" lon="7.2165991"/>
    <trkpt lat="45.5137752" lon="7.2165722"/>
    <trkpt lat="45.5138255" lon="7.2165633"/>
    <trkpt lat="45.513877" lon="7.2165561"/>
    <trkpt lat="45.5139235" lon="7.2165471"/>
    <trkpt lat="45.5139311" lon="7.2165776"/>
    <trkpt lat="45.5138745" lon="7.2166368"/>
    <trkpt lat="45.5137991" lon="7.2167355"/>
    <trkpt lat="45.5137614" lon="7.2168018"/>
    <trkpt lat="45.5137224" lon="7.2169005"/>
    <trkpt lat="45.5136885" lon="7.2170099"/>
    <trkpt lat="45.5136621" lon="7.2171391"/>
    <trkpt lat="45.5136608" lon="7.2172091"/>
    <trkpt lat="45.5136244" lon="7.2172611"/>
    <trkpt lat="45.5135904" lon="7.2173077"/>
    <trkpt lat="45.5135527" lon="7.2173939"/>
    <trkpt lat="45.5135213" lon="7.2174692"/>
    <trkpt lat="45.5134898" lon="7.2175248"/>
    <trkpt lat="45.5134458" lon="7.2176217"/>
    <trkpt lat="45.5134169" lon="7.2177293"/>
    <trkpt lat="45.5133641" lon="7.21788"/>
    <trkpt lat="45.513344" lon="7.2179518"/>
    <trkpt lat="45.5133151" lon="7.2180199"/>
    <trkpt lat="45.5132975" lon="7.2180827"/>
    <trkpt lat="45.5132749" lon="7.2181742"/>
    <trkpt lat="45.5132686" lon="7.2182334"/>
    <trkpt lat="45.5133088" lon="7.218194"/>
    <trkpt lat="45.5133503" lon="7.218115"/>
    <trkpt lat="45.5134144" lon="7.2180971"/>
    <trkpt lat="45.5134383" lon="7.2180451"/>
    <trkpt lat="45.5135049" lon="7.2179715"/>
    <trkpt lat="45.513559" lon="7.2179177"/>
    <trkpt lat="45.5135942" lon="7.2178693"/>
    <trkpt lat="45.5136357" lon="7.2178154"/>
    <trkpt lat="45.5136759" lon="7.2177688"/>
    <trkpt lat="45.5137211" lon="7.2177401"/>
    <trkpt lat="45.5137727" lon="7.2177114"/>
    <trkpt lat="45.5138117" lon="7.2176845"/>
    <trkpt lat="45.5138456" lon="7.217654"/>
    <trkpt lat="45.5138946" lon="7.2176217"/>
    <trkpt lat="45.5139261" lon="7.2175894"/>
    <trkpt lat="45.5139575" lon="7.217575"/>
    <trkpt lat="45.5140053" lon="7.217584"/>
    <trkpt lat="45.5139713" lon="7.2176217"/>
    <trkpt lat="45.5139336" lon="7.2176594"/>
    <trkpt lat="45.5138909" lon="7.2177329"/>
    <trkpt lat="45.5138406" lon="7.2178065"/>
    <trkpt lat="45.5137991" lon="7.2178782"/>
    <trkpt lat="45.5137551" lon="7.2179464"/>
    <trkpt lat="45.5136973" lon="7.2180451"/>
    <trkpt lat="45.513657" lon="7.2181007"/>
    <trkpt lat="45.5136156" lon="7.2181742"/>
    <trkpt lat="45.5135854" lon="7.2182406"/>
    <trkpt lat="45.5135602" lon="7.2183142"/>
    <trkpt lat="45.5135288" lon="7.2183985"/>
    <trkpt lat="45.5134949" lon="7.2184971"/>
    <trkpt lat="45.5134634" lon="7.2185635"/>
    <trkpt lat="45.5134433" lon="7.218603"/>
    <trkpt lat="45.5134157" lon="7.218664"/>
    <trkpt lat="45.5133729" lon="7.2187913"/>
    <trkpt lat="45.5133227" lon="7.21889"/>
    <trkpt lat="45.51329" lon="7.2189833"/>
    <trkpt lat="45.5132384" lon="7.2191627"/>
    <trkpt lat="45.5132284" lon="7.2192416"/>
    <trkpt lat="45.5132246" lon="7.2193277"/>
    <trkpt lat="45.5132183" lon="7.2194138"/>
    <trkpt lat="45.5132183" lon="7.2194892"/>
    <trkpt lat="45.5132233" lon="7.2195484"/>
    <trkpt lat="45.5132208" lon="7.2196273"/>
    <trkpt lat="45.5131969" lon="7.2196829"/>
    <trkpt lat="45.5131831" lon="7.2197385"/>
    <trkpt lat="45.5132095" lon="7.2197547"/>
    <trkpt lat="45.5132598" lon="7.2197403"/>
    <trkpt lat="45.5132837" lon="7.2196901"/>
    <trkpt lat="45.5133189" lon="7.2196273"/>
    <trkpt lat="45.5133566" lon="7.2195305"/>
    <trkpt lat="45.5133893" lon="7.21943"/>
    <trkpt lat="45.5134245" lon="7.2193313"/>
    <trkpt lat="45.5134496" lon="7.2192632"/>
    <trkpt lat="45.5134848" lon="7.2191699"/>
    <trkpt lat="45.5135225" lon="7.2190999"/>
    <trkpt lat="45.5135426" lon="7.2190407"/>
    <trkpt lat="45.513569" lon="7.2189994"/>
    <trkpt lat="45.5135628" lon="7.2191107"/>
    <trkpt lat="45.513559" lon="7.2191932"/>
    <trkpt lat="45.5135577" lon="7.2192632"/>
    <trkpt lat="45.5135615" lon="7.2193546"/>
    <trkpt lat="45.5135577" lon="7.2194425"/>
    <trkpt lat="45.5135577" lon="7.2195143"/>
    <trkpt lat="45.513564" lon="7.2196094"/>
    <trkpt lat="45.5135816" lon="7.2197278"/>
    <trkpt lat="45.5135929" lon="7.2198247"/>
    <trkpt lat="45.513598" lon="7.219891"/>
    <trkpt lat="45.5136055" lon="7.2199484"/>
    <trkpt lat="45.5136294" lon="7.2199951"/>
    <trkpt lat="45.513652" lon="7.2200525"/>
    <trkpt lat="45.5136596" lon="7.2201494"/>
    <trkpt lat="45.5136482" lon="7.2202534"/>
    <trkpt lat="45.5136382" lon="7.2203521"/>
    <trkpt lat="45.5136168" lon="7.2204095"/>
    <trkpt lat="45.513608" lon="7.2204777"/>
    <trkpt lat="45.5135917" lon="7.2205835"/>
    <trkpt lat="45.513569" lon="7.2206176"/>
    <trkpt lat="45.5135137" lon="7.2206642"/>
    <trkpt lat="45.5134735" lon="7.2207127"/>
    <trkpt lat="45.5134471" lon="7.2207485"/>
    <trkpt lat="45.5134257" lon="7.2208077"/>
    <trkpt lat="45.5133968" lon="7.2209028"/>
    <trkpt lat="45.5133679" lon="7.2209818"/>
    <trkpt lat="45.5133553" lon="7.2210517"/>
    <trkpt lat="45.5133465" lon="7.2210966"/>
    <trkpt lat="45.513393" lon="7.2210661"/>
    <trkpt lat="45.5134421" lon="7.2210248"/>
    <trkpt lat="45.5134949" lon="7.2209764"/>
    <trkpt lat="45.5135338" lon="7.2209566"/>
    <trkpt lat="45.5135841" lon="7.2209333"/>
    <trkpt lat="45.5135728" lon="7.2210051"/>
    <trkpt lat="45.5135439" lon="7.221084"/>
    <trkpt lat="45.5135049" lon="7.2211594"/>
    <trkpt lat="45.513476" lon="7.2212383"/>
    <trkpt lat="45.513466" lon="7.2213334"/>
    <trkpt lat="45.5134446" lon="7.2214554"/>
    <trkpt lat="45.5134345" lon="7.2215253"/>
    <trkpt lat="45.513427" lon="7.2215881"/>
    <trkpt lat="45.5134295" lon="7.2216222"/>
    <trkpt lat="45.5134735" lon="7.2216007"/>
    <trkpt lat="45.5135087" lon="7.2215594"/>
    <trkpt lat="45.5135477" lon="7.2215092"/>
    <trkpt lat="45.5135866" lon="7.2214715"/>
    <trkpt lat="45.5136218" lon="7.221441"/>
    <trkpt lat="45.5136482" lon="7.221432"/>
    <trkpt lat="45.5136646" lon="7.2214356"/>
    <trkpt lat="45.5136495" lon="7.2214966"/>
    <trkpt lat="45.5136281" lon="7.221572"/>
    <trkpt lat="45.5135992" lon="7.2216599"/>
    <trkpt lat="45.5135866" lon="7.2217442"/>
    <trkpt lat="45.513564" lon="7.2218303"/>
    <trkpt lat="45.5135502" lon="7.2218913"/>
    <trkpt lat="45.5135338" lon="7.2219343"/>
    <trkpt lat="45.5135162" lon="7.2219666"/>
    <trkpt lat="45.5135087" lon="7.2220294"/>
    <trkpt lat="45.5135125" lon="7.222051"/>
    <trkpt lat="45.5135527" lon="7.2220079"/>
    <trkpt lat="45.5135929" lon="7.2219469"/>
    <trkpt lat="45.5136332" lon="7.2218769"/>
    <trkpt lat="45.5136621" lon="7.2218285"/>
    <trkpt lat="45.5136872" lon="7.2217657"/>
    <trkpt lat="45.5137211" lon="7.2217101"/>
    <trkpt lat="45.5137563" lon="7.2216455"/>
    <trkpt lat="45.5137865" lon="7.221615"/>
    <trkpt lat="45.5138041" lon="7.2216258"/>
    <trkpt lat="45.5137727" lon="7.2216904"/>
    <trkpt lat="45.5137463" lon="7.2217603"/>
    <trkpt lat="45.5137274" lon="7.2218124"/>
    <trkpt lat="45.5137161" lon="7.2218698"/>
    <trkpt lat="45.513691" lon="7.2219666"/>
    <trkpt lat="45.5136746" lon="7.2220581"/>
    <trkpt lat="45.5136709" lon="7.2221317"/>
    <trkpt lat="45.5136596" lon="7.2222196"/>
    <trkpt lat="45.5136457" lon="7.2222878"/>
    <trkpt lat="45.5136105" lon="7.2223523"/>
    <trkpt lat="45.5135791" lon="7.2224277"/>
    <trkpt lat="45.5135514" lon="7.2225048"/>
    <trkpt lat="45.5135238" lon="7.2225658"/>
    <trkpt lat="45.5134848" lon="7.222634"/>
    <trkpt lat="45.5134697" lon="7.2226788"/>
    <trkpt lat="45.5134484" lon="7.2227327"/>
    <trkpt lat="45.5134282" lon="7.2227721"/>
    <trkpt lat="45.5133943" lon="7.2228367"/>
    <trkpt lat="45.5133641" lon="7.2228995"/>
    <trkpt lat="45.513339" lon="7.222939"/>
    <trkpt lat="45.5133" lon="7.2229982"/>
    <trkpt lat="45.5132749" lon="7.223034"/>
    <trkpt lat="45.5132422" lon="7.223104"/>
    <trkpt lat="45.5132145" lon="7.2231883"/>
    <trkpt lat="45.5131944" lon="7.223269"/>
    <trkpt lat="45.5131693" lon="7.2233605"/>
    <trkpt lat="45.5131429" lon="7.2234879"/>
    <trkpt lat="45.5131215" lon="7.2236081"/>
    <trkpt lat="45.5130926" lon="7.2237714"/>
    <trkpt lat="45.5130825" lon="7.2238557"/>
    <trkpt lat="45.5130675" lon="7.2239525"/>
    <trkpt lat="45.5130486" lon="7.2240727"/>
    <trkpt lat="45.513036" lon="7.2241732"/>
    <trkpt lat="45.5130159" lon="7.2243526"/>
    <trkpt lat="45.5129996" lon="7.2244836"/>
    <trkpt lat="45.5129721" lon="7.2245826"/>
    <trkpt lat="45.512957" lon="7.2246777"/>
    <trkpt lat="45.5129457" lon="7.2247836"/>
    <trkpt lat="45.5129445" lon="7.2248948"/>
    <trkpt lat="45.5129231" lon="7.2249881"/>
    <trkpt lat="45.5128778" lon="7.2251047"/>
    <trkpt lat="45.5128414" lon="7.225189"/>
    <trkpt lat="45.5127999" lon="7.225311"/>
    <trkpt lat="45.5127659" lon="7.2253917"/>
    <trkpt lat="45.5127333" lon="7.225476"/>
    <trkpt lat="45.5127219" lon="7.225537"/>
    <trkpt lat="45.5126893" lon="7.225598"/>
    <trkpt lat="45.5126402" lon="7.2256698"/>
    <trkpt lat="45.5125925" lon="7.2257272"/>
    <trkpt lat="45.5125648" lon="7.2257846"/>
    <trkpt lat="45.5125736" lon="7.2258241"/>
    <trkpt lat="45.5126025" lon="7.2258169"/>
    <trkpt lat="45.512634" lon="7.2258079"/>
    <trkpt lat="45.5126528" lon="7.2257684"/>
    <trkpt lat="45.5126767" lon="7.2257613"/>
    <trkpt lat="45.5126654" lon="7.2258007"/>
    <trkpt lat="45.5126365" lon="7.2258779"/>
    <trkpt lat="45.5125975" lon="7.225946"/>
    <trkpt lat="45.5125648" lon="7.2259676"/>
    <trkpt lat="45.5125145" lon="7.2259819"/>
    <trkpt lat="45.5124881" lon="7.2260035"/>
    <trkpt lat="45.5124781" lon="7.2260519"/>
    <trkpt lat="45.5124756" lon="7.2260788"/>
    <trkpt lat="45.512463" lon="7.2261757"/>
    <trkpt lat="45.5124818" lon="7.226251"/>
    <trkpt lat="45.5124957" lon="7.2263317"/>
    <trkpt lat="45.5124919" lon="7.2264376"/>
    <trkpt lat="45.5124806" lon="7.2265183"/>
    <trkpt lat="45.5124567" lon="7.2266152"/>
    <trkpt lat="45.512419" lon="7.2267049"/>
    <trkpt lat="45.5123775" lon="7.226791"/>
    <trkpt lat="45.5123461" lon="7.2268341"/>
    <trkpt lat="45.5123172" lon="7.2268825"/>
    <trkpt lat="45.5122996" lon="7.2269399"/>
    <trkpt lat="45.512297" lon="7.2269883"/>
    <trkpt lat="45.5123096" lon="7.2270565"/>
    <trkpt lat="45.5123461" lon="7.2271157"/>
    <trkpt lat="45.512385" lon="7.2271318"/>
    <trkpt lat="45.512429" lon="7.2271641"/>
    <trkpt lat="45.5124265" lon="7.2272359"/>
    <trkpt lat="45.5123989" lon="7.2273041"/>
    <trkpt lat="45.5123561" lon="7.2273902"/>
    <trkpt lat="45.5123297" lon="7.2274566"/>
    <trkpt lat="45.5123322" lon="7.2275211"/>
    <trkpt lat="45.5123473" lon="7.2275785"/>
    <trkpt lat="45.5123536" lon="7.2276324"/>
    <trkpt lat="45.5123649" lon="7.2277131"/>
    <trkpt lat="45.5123838" lon="7.2277866"/>
    <trkpt lat="45.5123901" lon="7.2278512"/>
    <trkpt lat="45.512385" lon="7.227932"/>
    <trkpt lat="45.5123813" lon="7.2280109"/>
    <trkpt lat="45.5123863" lon="7.2281149"/>
    <trkpt lat="45.5123989" lon="7.2281759"/>
    <trkpt lat="45.5124202" lon="7.2282244"/>
    <trkpt lat="45.5124378" lon="7.2282692"/>
    <trkpt lat="45.5124895" lon="7.2283243"/>
    <trkpt lat="45.5125206" lon="7.2283631"/>
    <trkpt lat="45.5125578" lon="7.2284449"/>
    <trkpt lat="45.512577" lon="7.2285195"/>
    <trkpt lat="45.512582" lon="7.2285697"/>
    <trkpt lat="45.5125975" lon="7.2286019"/>
    <trkpt lat="45.5127266" lon="7.228472"/>
    <trkpt lat="45.5127974" lon="7.2285235"/>
    <trkpt lat="45.5128081" lon="7.2286969"/>
    <trkpt lat="45.5126747" lon="7.2289417"/>
    <trkpt lat="45.512578" lon="7.2291652"/>
    <trkpt lat="45.5125153" lon="7.2293101"/>
    <trkpt lat="45.5124335" lon="7.2295903"/>
    <trkpt lat="45.5125454" lon="7.230438"/>
    <trkpt lat="45.5125688" lon="7.2303272"/>
    <trkpt lat="45.5125928" lon="7.2300147"/>
    <trkpt lat="45.512597" lon="7.2299273"/>
    <trkpt lat="45.5125535" lon="7.2298929"/>
    <trkpt lat="45.5125342" lon="7.2298722"/>
    <trkpt lat="45.5125277" lon="7.229794"/>
    <trkpt lat="45.5124617" lon="7.2298147"/>
    <trkpt lat="45.5124461" lon="7.2297862"/>
    <trkpt lat="45.5124437" lon="7.2297265"/>
    <trkpt lat="45.5124526" lon="7.229669"/>
    <trkpt lat="45.512447" lon="7.2296253"/>
    <trkpt lat="45.5124335" lon="7.2295903"/>
    <trkpt lat="45.5125153" lon="7.2293101"/>
    <trkpt lat="45.512578" lon="7.2291652"/>
    <trkpt lat="45.5126747" lon="7.2289417"/>
    <trkpt lat="45.5128081" lon="7.2286969"/>
    <trkpt lat="45.5128514" lon="7.2286749"/>
    <trkpt lat="45.5129221" lon="7.2286385"/>
    <trkpt lat="45.5130085" lon="7.2286413"/>
    <trkpt lat="45.5131087" lon="7.2286946"/>
    <trkpt lat="45.5131598" lon="7.2286946"/>
    <trkpt lat="45.5132207" lon="7.2286413"/>
    <trkpt lat="45.5133169" lon="7.2285152"/>
    <trkpt lat="45.5133837" lon="7.2284395"/>
    <trkpt lat="45.5134898" lon="7.2283414"/>
    <trkpt lat="45.5135389" lon="7.2282769"/>
    <trkpt lat="45.5137039" lon="7.2281284"/>
    <trkpt lat="45.5137333" lon="7.2280667"/>
    <trkpt lat="45.5138139" lon="7.2279714"/>
    <trkpt lat="45.5138944" lon="7.2279209"/>
    <trkpt lat="45.5139455" lon="7.2278677"/>
    <trkpt lat="45.5139651" lon="7.2277892"/>
    <trkpt lat="45.5139769" lon="7.2276771"/>
    <trkpt lat="45.5140181" lon="7.2275649"/>
    <trkpt lat="45.5139965" lon="7.2275369"/>
    <trkpt lat="45.5139926" lon="7.2274752"/>
    <trkpt lat="45.5140201" lon="7.2274052"/>
    <trkpt lat="45.514026" lon="7.2273435"/>
    <trkpt lat="45.5140005" lon="7.2271921"/>
    <trkpt lat="45.5139985" lon="7.22708"/>
    <trkpt lat="45.5140947" lon="7.2270155"/>
    <trkpt lat="45.5142145" lon="7.226909"/>
    <trkpt lat="45.5142224" lon="7.2268502"/>
    <trkpt lat="45.5142185" lon="7.2267829"/>
    <trkpt lat="45.5142912" lon="7.2266511"/>
    <trkpt lat="45.5142774" lon="7.2265867"/>
    <trkpt lat="45.5142519" lon="7.226511"/>
    <trkpt lat="45.5142499" lon="7.2263288"/>
    <trkpt lat="45.5142676" lon="7.2262671"/>
    <trkpt lat="45.5143285" lon="7.2262223"/>
    <trkpt lat="45.5143599" lon="7.226169"/>
    <trkpt lat="45.5143815" lon="7.2260345"/>
    <trkpt lat="45.5144188" lon="7.2259952"/>
    <trkpt lat="45.5144522" lon="7.2259448"/>
    <trkpt lat="45.514466" lon="7.2258355"/>
    <trkpt lat="45.5144876" lon="7.2257514"/>
    <trkpt lat="45.5144856" lon="7.2256841"/>
    <trkpt lat="45.514462" lon="7.2255916"/>
    <trkpt lat="45.5144601" lon="7.2255075"/>
    <trkpt lat="45.514519" lon="7.2254823"/>
    <trkpt lat="45.5145602" lon="7.2254402"/>
    <trkpt lat="45.5145642" lon="7.2253702"/>
    <trkpt lat="45.5146015" lon="7.2253533"/>
    <trkpt lat="45.5146997" lon="7.2253449"/>
    <trkpt lat="45.5147881" lon="7.2253141"/>
    <trkpt lat="45.5148215" lon="7.2253169"/>
    <trkpt lat="45.5148392" lon="7.2253898"/>
    <trkpt lat="45.5148745" lon="7.2254683"/>
    <trkpt lat="45.5149118" lon="7.2254935"/>
    <trkpt lat="45.5150336" lon="7.2256168"/>
    <trkpt lat="45.5150611" lon="7.2256813"/>
    <trkpt lat="45.5151397" lon="7.2257682"/>
    <trkpt lat="45.5152948" lon="7.2258747"/>
    <trkpt lat="45.5153439" lon="7.2259364"/>
    <trkpt lat="45.5154048" lon="7.225998"/>
    <trkpt lat="45.5154991" lon="7.2260765"/>
    <trkpt lat="45.5155345" lon="7.2260793"/>
    <trkpt lat="45.515617" lon="7.2261718"/>
    <trkpt lat="45.5156562" lon="7.2261914"/>
    <trkpt lat="45.5157289" lon="7.2262167"/>
    <trkpt lat="45.5157996" lon="7.2262139"/>
    <trkpt lat="45.5158487" lon="7.2262027"/>
    <trkpt lat="45.5159391" lon="7.2261634"/>
    <trkpt lat="45.5159941" lon="7.2261634"/>
    <trkpt lat="45.5160825" lon="7.2261242"/>
    <trkpt lat="45.5161669" lon="7.2261017"/>
    <trkpt lat="45.5162337" lon="7.2260499"/>
    <trkpt lat="45.516326" lon="7.226012"/>
    <trkpt lat="45.5163928" lon="7.22597"/>
    <trkpt lat="45.5164792" lon="7.2259224"/>
    <trkpt lat="45.5165263" lon="7.2258887"/>
    <trkpt lat="45.5165951" lon="7.2258607"/>
    <trkpt lat="45.5166619" lon="7.2258383"/>
    <trkpt lat="45.5167228" lon="7.2258158"/>
    <trkpt lat="45.5167561" lon="7.2257486"/>
    <trkpt lat="45.5167797" lon="7.2256841"/>
    <trkpt lat="45.5168386" lon="7.2256729"/>
    <trkpt lat="45.5168681" lon="7.2256252"/>
    <trkpt lat="45.5169113" lon="7.225572"/>
    <trkpt lat="45.5169683" lon="7.2255047"/>
    <trkpt lat="45.5170351" lon="7.2254458"/>
    <trkpt lat="45.5170547" lon="7.2254178"/>
    <trkpt lat="45.5171156" lon="7.2253645"/>
    <trkpt lat="45.5171941" lon="7.2253225"/>
    <trkpt lat="45.5172688" lon="7.2252552"/>
    <trkpt lat="45.517312" lon="7.2252328"/>
    <trkpt lat="45.5173709" lon="7.225202"/>
    <trkpt lat="45.517418" lon="7.2251515"/>
    <trkpt lat="45.5174613" lon="7.2250983"/>
    <trkpt lat="45.5174966" lon="7.2250282"/>
    <trkpt lat="45.5175457" lon="7.2249833"/>
    <trkpt lat="45.5175791" lon="7.2248852"/>
    <trkpt lat="45.5176262" lon="7.2247955"/>
    <trkpt lat="45.5176675" lon="7.2247283"/>
    <trkpt lat="45.5177087" lon="7.224675"/>
    <trkpt lat="45.5177696" lon="7.2246133"/>
    <trkpt lat="45.517803" lon="7.2245713"/>
    <trkpt lat="45.5178403" lon="7.2245208"/>
    <trkpt lat="45.5178894" lon="7.2244536"/>
    <trkpt lat="45.5179582" lon="7.2244031"/>
    <trkpt lat="45.5180191" lon="7.2243919"/>
    <trkpt lat="45.5180799" lon="7.2243582"/>
    <trkpt lat="45.5181094" lon="7.224291"/>
    <trkpt lat="45.5181605" lon="7.2242153"/>
    <trkpt lat="45.5182351" lon="7.2241116"/>
    <trkpt lat="45.5182881" lon="7.2240247"/>
    <trkpt lat="45.5183333" lon="7.2239602"/>
    <trkpt lat="45.5183667" lon="7.2239042"/>
    <trkpt lat="45.518406" lon="7.2238537"/>
    <trkpt lat="45.5184511" lon="7.2238032"/>
    <trkpt lat="45.5184767" lon="7.2237388"/>
    <trkpt lat="45.5185454" lon="7.2236631"/>
    <trkpt lat="45.5186161" lon="7.2236042"/>
    <trkpt lat="45.5186692" lon="7.2235538"/>
    <trkpt lat="45.5187163" lon="7.2234949"/>
    <trkpt lat="45.5187654" lon="7.2234445"/>
    <trkpt lat="45.5188047" lon="7.2233884"/>
    <trkpt lat="45.5188538" lon="7.2233548"/>
    <trkpt lat="45.5188852" lon="7.2233351"/>
    <trkpt lat="45.5189539" lon="7.2232735"/>
    <trkpt lat="45.5190089" lon="7.2232286"/>
    <trkpt lat="45.5190875" lon="7.2231361"/>
    <trkpt lat="45.5191503" lon="7.2230885"/>
    <trkpt lat="45.5192289" lon="7.2230128"/>
    <trkpt lat="45.519276" lon="7.2229511"/>
    <trkpt lat="45.5193428" lon="7.2228951"/>
    <trkpt lat="45.5194351" lon="7.2228502"/>
    <trkpt lat="45.5195098" lon="7.2227773"/>
    <trkpt lat="45.5195805" lon="7.2226848"/>
    <trkpt lat="45.5196197" lon="7.2225951"/>
    <trkpt lat="45.519659" lon="7.2225138"/>
    <trkpt lat="45.5196944" lon="7.2224662"/>
    <trkpt lat="45.5197631" lon="7.2223653"/>
    <trkpt lat="45.5198181" lon="7.2222672"/>
    <trkpt lat="45.5198751" lon="7.2221635"/>
    <trkpt lat="45.5199202" lon="7.2220934"/>
    <trkpt lat="45.5199355" lon="7.2220684"/>
    <trkpt lat="45.5199733" lon="7.2220065"/>
    <trkpt lat="45.5200341" lon="7.2219056"/>
    <trkpt lat="45.5200832" lon="7.2217907"/>
    <trkpt lat="45.5201186" lon="7.2217038"/>
    <trkpt lat="45.5201826" lon="7.2216247"/>
    <trkpt lat="45.5202612" lon="7.2215406"/>
    <trkpt lat="45.5203545" lon="7.2214845"/>
    <trkpt lat="45.5204576" lon="7.221453"/>
    <trkpt lat="45.5205583" lon="7.2213899"/>
    <trkpt lat="45.5206565" lon="7.2213233"/>
    <trkpt lat="45.5207031" lon="7.2212918"/>
    <trkpt lat="45.5207718" lon="7.2212112"/>
    <trkpt lat="45.520843" lon="7.2210886"/>
    <trkpt lat="45.5209069" lon="7.2209835"/>
    <trkpt lat="45.5209314" lon="7.2208889"/>
    <trkpt lat="45.5209986" lon="7.2206501"/>
    <trkpt lat="45.5210514" lon="7.2205552"/>
    <trkpt lat="45.5210734" lon="7.2204747"/>
    <trkpt lat="45.5210966" lon="7.2203642"/>
    <trkpt lat="45.5211443" lon="7.2202832"/>
    <trkpt lat="45.5211599" lon="7.2201893"/>
    <trkpt lat="45.5212029" lon="7.2200681"/>
    <trkpt lat="45.5211914" lon="7.2199826"/>
    <trkpt lat="45.521195" lon="7.2198624"/>
    <trkpt lat="45.5213463" lon="7.2197852"/>
    <trkpt lat="45.5214396" lon="7.2197361"/>
    <trkpt lat="45.5214862" lon="7.2197396"/>
    <trkpt lat="45.5215548" lon="7.2197093"/>
    <trkpt lat="45.5216286" lon="7.2197186"/>
    <trkpt lat="45.5216973" lon="7.2197186"/>
    <trkpt lat="45.5217661" lon="7.2197256"/>
    <trkpt lat="45.5218446" lon="7.2197396"/>
    <trkpt lat="45.5218913" lon="7.2197501"/>
    <trkpt lat="45.5219306" lon="7.2197046"/>
    <trkpt lat="45.5220165" lon="7.219659"/>
    <trkpt lat="45.5220999" lon="7.219617"/>
    <trkpt lat="45.5221859" lon="7.2195925"/>
    <trkpt lat="45.5222767" lon="7.2195364"/>
    <trkpt lat="45.5223454" lon="7.2194874"/>
    <trkpt lat="45.522397" lon="7.2194838"/>
    <trkpt lat="45.5224731" lon="7.2193998"/>
    <trkpt lat="45.5225222" lon="7.2193472"/>
    <trkpt lat="45.5226106" lon="7.2192841"/>
    <trkpt lat="45.5226719" lon="7.2191615"/>
    <trkpt lat="45.5227186" lon="7.2190354"/>
    <trkpt lat="45.5227603" lon="7.2189162"/>
    <trkpt lat="45.5227922" lon="7.2188462"/>
    <trkpt lat="45.5228217" lon="7.2187375"/>
    <trkpt lat="45.522861" lon="7.2186429"/>
    <trkpt lat="45.5228806" lon="7.2185483"/>
    <trkpt lat="45.5228683" lon="7.2183907"/>
    <trkpt lat="45.5228953" lon="7.2183136"/>
    <trkpt lat="45.522915" lon="7.2182505"/>
    <trkpt lat="45.5229812" lon="7.2181664"/>
    <trkpt lat="45.5230009" lon="7.2180648"/>
    <trkpt lat="45.5230058" lon="7.2179141"/>
    <trkpt lat="45.5230033" lon="7.217788"/>
    <trkpt lat="45.5230205" lon="7.2176128"/>
    <trkpt lat="45.522996" lon="7.2174832"/>
    <trkpt lat="45.5230279" lon="7.2173851"/>
    <trkpt lat="45.5230991" lon="7.2172274"/>
    <trkpt lat="45.5231212" lon="7.2171223"/>
    <trkpt lat="45.5231654" lon="7.2170207"/>
    <trkpt lat="45.5232169" lon="7.2169156"/>
    <trkpt lat="45.5232513" lon="7.2168174"/>
    <trkpt lat="45.5233127" lon="7.2166983"/>
    <trkpt lat="45.523374" lon="7.2166247"/>
    <trkpt lat="45.5234084" lon="7.2165301"/>
    <trkpt lat="45.5234648" lon="7.216439"/>
    <trkpt lat="45.5234919" lon="7.2163199"/>
    <trkpt lat="45.523509" lon="7.2162113"/>
    <trkpt lat="45.5235483" lon="7.2161482"/>
    <trkpt lat="45.5235974" lon="7.2160922"/>
    <trkpt lat="45.5236121" lon="7.215994"/>
    <trkpt lat="45.5236833" lon="7.2158994"/>
    <trkpt lat="45.5237422" lon="7.2158469"/>
    <trkpt lat="45.5238085" lon="7.2157593"/>
    <trkpt lat="45.5238601" lon="7.2156857"/>
    <trkpt lat="45.5239067" lon="7.2156297"/>
    <trkpt lat="45.5239534" lon="7.2155806"/>
    <trkpt lat="45.5240491" lon="7.2155245"/>
    <trkpt lat="45.5240884" lon="7.2154369"/>
    <trkpt lat="45.5241178" lon="7.2153634"/>
    <trkpt lat="45.5241669" lon="7.2152512"/>
    <trkpt lat="45.5241988" lon="7.2151321"/>
    <trkpt lat="45.5242381" lon="7.2150655"/>
    <trkpt lat="45.5242725" lon="7.2149744"/>
    <trkpt lat="45.5243314" lon="7.2149149"/>
    <trkpt lat="45.5244149" lon="7.2148448"/>
    <trkpt lat="45.524459" lon="7.2147747"/>
    <trkpt lat="45.5245204" lon="7.2147257"/>
    <trkpt lat="45.5246039" lon="7.2147222"/>
    <trkpt lat="45.524653" lon="7.2147152"/>
    <trkpt lat="45.5247291" lon="7.2147432"/>
    <trkpt lat="45.5247929" lon="7.2147607"/>
    <trkpt lat="45.5248567" lon="7.2147782"/>
    <trkpt lat="45.5249181" lon="7.2147712"/>
    <trkpt lat="45.5250016" lon="7.2147922"/>
    <trkpt lat="45.5250605" lon="7.2147852"/>
    <trkpt lat="45.5251341" lon="7.2148273"/>
    <trkpt lat="45.5252004" lon="7.2149079"/>
    <trkpt lat="45.5252446" lon="7.2149814"/>
    <trkpt lat="45.5252912" lon="7.2150585"/>
    <trkpt lat="45.5253354" lon="7.2151181"/>
    <trkpt lat="45.5253722" lon="7.2151742"/>
    <trkpt lat="45.5253771" lon="7.2152197"/>
    <trkpt lat="45.525441" lon="7.2152793"/>
    <trkpt lat="45.5254655" lon="7.2153108"/>
    <trkpt lat="45.525522" lon="7.2153809"/>
    <trkpt lat="45.5255809" lon="7.215479"/>
    <trkpt lat="45.5255809" lon="7.2155666"/>
    <trkpt lat="45.5256005" lon="7.2156647"/>
    <trkpt lat="45.5256251" lon="7.2157628"/>
    <trkpt lat="45.5256815" lon="7.2158259"/>
    <trkpt lat="45.5257331" lon="7.2158994"/>
    <trkpt lat="45.5257527" lon="7.2160011"/>
    <trkpt lat="45.5257625" lon="7.2161342"/>
    <trkpt lat="45.5257993" lon="7.2162113"/>
    <trkpt lat="45.5258607" lon="7.2162954"/>
    <trkpt lat="45.5259147" lon="7.2163795"/>
    <trkpt lat="45.5259589" lon="7.216439"/>
    <trkpt lat="45.526008" lon="7.2165091"/>
    <trkpt lat="45.5260473" lon="7.2165687"/>
    <trkpt lat="45.5260767" lon="7.2166493"/>
    <trkpt lat="45.5260105" lon="7.2166773"/>
    <trkpt lat="45.5260424" lon="7.2167649"/>
    <trkpt lat="45.5260792" lon="7.216842"/>
    <trkpt lat="45.5261086" lon="7.2169611"/>
    <trkpt lat="45.5261234" lon="7.2170942"/>
    <trkpt lat="45.5261577" lon="7.2171783"/>
    <trkpt lat="45.526197" lon="7.2172799"/>
    <trkpt lat="45.526224" lon="7.2173535"/>
    <trkpt lat="45.5262756" lon="7.2174516"/>
    <trkpt lat="45.526305" lon="7.2175007"/>
    <trkpt lat="45.5263443" lon="7.2174937"/>
    <trkpt lat="45.5263934" lon="7.2175077"/>
    <trkpt lat="45.5264523" lon="7.2175918"/>
    <trkpt lat="45.5265063" lon="7.2176794"/>
    <trkpt lat="45.5265554" lon="7.2177249"/>
    <trkpt lat="45.5265947" lon="7.2178125"/>
    <trkpt lat="45.5266241" lon="7.2178511"/>
    <trkpt lat="45.5266585" lon="7.2179211"/>
    <trkpt lat="45.5267051" lon="7.2180017"/>
    <trkpt lat="45.5267493" lon="7.2180403"/>
    <trkpt lat="45.526791" lon="7.2181349"/>
    <trkpt lat="45.5268352" lon="7.2181594"/>
    <trkpt lat="45.5269187" lon="7.2182015"/>
    <trkpt lat="45.526985" lon="7.218275"/>
    <trkpt lat="45.5270242" lon="7.2183346"/>
    <trkpt lat="45.5270733" lon="7.2183907"/>
    <trkpt lat="45.52712" lon="7.2185483"/>
    <trkpt lat="45.5271593" lon="7.218706"/>
    <trkpt lat="45.5271666" lon="7.2187901"/>
    <trkpt lat="45.5271789" lon="7.2189127"/>
    <trkpt lat="45.5272133" lon="7.2190108"/>
    <trkpt lat="45.527228" lon="7.219151"/>
    <trkpt lat="45.5272329" lon="7.2192386"/>
    <trkpt lat="45.5272353" lon="7.2193892"/>
    <trkpt lat="45.5272403" lon="7.2195329"/>
    <trkpt lat="45.5272403" lon="7.2196485"/>
    <trkpt lat="45.5272599" lon="7.2197431"/>
    <trkpt lat="45.5272623" lon="7.2198658"/>
    <trkpt lat="45.5272992" lon="7.2199709"/>
    <trkpt lat="45.5273753" lon="7.220048"/>
    <trkpt lat="45.5274342" lon="7.2201636"/>
    <trkpt lat="45.5274955" lon="7.2202547"/>
    <trkpt lat="45.5275545" lon="7.2203668"/>
    <trkpt lat="45.5275864" lon="7.2204299"/>
    <trkpt lat="45.5276232" lon="7.2204194"/>
    <trkpt lat="45.527687" lon="7.2204474"/>
    <trkpt lat="45.5277385" lon="7.2205105"/>
    <trkpt lat="45.5277926" lon="7.220584"/>
    <trkpt lat="45.5278588" lon="7.2207032"/>
    <trkpt lat="45.5278809" lon="7.2207382"/>
    <trkpt lat="45.5279349" lon="7.2208468"/>
    <trkpt lat="45.5279938" lon="7.220959"/>
    <trkpt lat="45.5280282" lon="7.2210746"/>
    <trkpt lat="45.5280699" lon="7.2211517"/>
    <trkpt lat="45.5281092" lon="7.2211517"/>
    <trkpt lat="45.5281681" lon="7.2212077"/>
    <trkpt lat="45.5282565" lon="7.2212603"/>
    <trkpt lat="45.5283178" lon="7.2213233"/>
    <trkpt lat="45.5283669" lon="7.2213934"/>
    <trkpt lat="45.5283939" lon="7.2214285"/>
    <trkpt lat="45.52847" lon="7.221425"/>
    <trkpt lat="45.5285329" lon="7.2213801"/>
    <trkpt lat="45.5286124" lon="7.2214144"/>
    <trkpt lat="45.5286713" lon="7.2214425"/>
    <trkpt lat="45.52874" lon="7.2215126"/>
    <trkpt lat="45.5288063" lon="7.2215896"/>
    <trkpt lat="45.5288701" lon="7.2216842"/>
    <trkpt lat="45.5289069" lon="7.2217543"/>
    <trkpt lat="45.5289581" lon="7.2217993"/>
    <trkpt lat="45.5290119" lon="7.2218103"/>
    <trkpt lat="45.5290658" lon="7.2218871"/>
    <trkpt lat="45.5291247" lon="7.2219128"/>
    <trkpt lat="45.5291683" lon="7.221953"/>
    <trkpt lat="45.5292298" lon="7.2220591"/>
    <trkpt lat="45.5292478" lon="7.2221689"/>
    <trkpt lat="45.5292862" lon="7.2222896"/>
    <trkpt lat="45.5293016" lon="7.2223811"/>
    <trkpt lat="45.5293606" lon="7.2224287"/>
    <trkpt lat="45.5294118" lon="7.2225458"/>
    <trkpt lat="45.5294285" lon="7.2226047"/>
    <trkpt lat="45.5294503" lon="7.2226812"/>
    <trkpt lat="45.5294657" lon="7.2227763"/>
    <trkpt lat="45.5294759" lon="7.2228751"/>
    <trkpt lat="45.5295092" lon="7.2229666"/>
    <trkpt lat="45.5295682" lon="7.2231532"/>
    <trkpt lat="45.5295803" lon="7.2232594"/>
    <trkpt lat="45.5295461" lon="7.2234268"/>
    <trkpt lat="45.5295023" lon="7.2235406"/>
    <trkpt lat="45.5293721" lon="7.2237188"/>
    <trkpt lat="45.529305" lon="7.2238021"/>
    <trkpt lat="45.5292554" lon="7.2240522"/>
    <trkpt lat="45.5291613" lon="7.2241223"/>
    <trkpt lat="45.5291055" lon="7.2242529"/>
    <trkpt lat="45.5290936" lon="7.2243816"/>
    <trkpt lat="45.5290656" lon="7.2244523"/>
    <trkpt lat="45.5290305" lon="7.2246023"/>
    <trkpt lat="45.5289867" lon="7.2246732"/>
    <trkpt lat="45.5289517" lon="7.2247316"/>
    <trkpt lat="45.5288933" lon="7.2249691"/>
    <trkpt lat="45.5288875" lon="7.2251275"/>
    <trkpt lat="45.5288262" lon="7.2252692"/>
    <trkpt lat="45.5286662" lon="7.2254939"/>
    <trkpt lat="45.5287175" lon="7.2256239"/>
    <trkpt lat="45.5287999" lon="7.2257943"/>
    <trkpt lat="45.5288816" lon="7.2258152"/>
    <trkpt lat="45.5289897" lon="7.2258068"/>
    <trkpt lat="45.5290769" lon="7.2258813"/>
    <trkpt lat="45.5291322" lon="7.2259193"/>
    <trkpt lat="45.5291444" lon="7.2259777"/>
    <trkpt lat="45.5291502" lon="7.2261194"/>
    <trkpt lat="45.5290994" lon="7.2263041"/>
    <trkpt lat="45.529118" lon="7.2265072"/>
    <trkpt lat="45.5291149" lon="7.2267176"/>
    <trkpt lat="45.5291348" lon="7.2268654"/>
    <trkpt lat="45.5291801" lon="7.2269635"/>
    <trkpt lat="45.5292182" lon="7.2270258"/>
    <trkpt lat="45.529263" lon="7.2271311"/>
    <trkpt lat="45.5293167" lon="7.2272364"/>
    <trkpt lat="45.5293663" lon="7.2273073"/>
    <trkpt lat="45.5293809" lon="7.2274448"/>
    <trkpt lat="45.5294568" lon="7.2275657"/>
    <trkpt lat="45.5294889" lon="7.2276824"/>
    <trkpt lat="45.5295502" lon="7.227699"/>
    <trkpt lat="45.5295765" lon="7.2278532"/>
    <trkpt lat="45.5295561" lon="7.227995"/>
    <trkpt lat="45.5295707" lon="7.2280825"/>
    <trkpt lat="45.5296437" lon="7.2281075"/>
    <trkpt lat="45.5296904" lon="7.2281325"/>
    <trkpt lat="45.5297167" lon="7.228295"/>
    <trkpt lat="45.5297313" lon="7.2284492"/>
    <trkpt lat="45.5297605" lon="7.2285659"/>
    <trkpt lat="45.5298335" lon="7.228741"/>
    <trkpt lat="45.5299269" lon="7.2288952"/>
    <trkpt lat="45.5300086" lon="7.2290286"/>
    <trkpt lat="45.5300554" lon="7.2291286"/>
    <trkpt lat="45.5301254" lon="7.229262"/>
    <trkpt lat="45.5301926" lon="7.229362"/>
    <trkpt lat="45.5302568" lon="7.2294787"/>
    <trkpt lat="45.5302948" lon="7.2295412"/>
    <trkpt lat="45.5302773" lon="7.2297663"/>
    <trkpt lat="45.5302831" lon="7.229908"/>
    <trkpt lat="45.5303444" lon="7.2300705"/>
    <trkpt lat="45.530397" lon="7.2301914"/>
    <trkpt lat="45.5304466" lon="7.2302956"/>
    <trkpt lat="45.530505" lon="7.2303998"/>
    <trkpt lat="45.5305663" lon="7.2305498"/>
    <trkpt lat="45.5306451" lon="7.230679"/>
    <trkpt lat="45.5306831" lon="7.2307707"/>
    <trkpt lat="45.5307561" lon="7.2307999"/>
    <trkpt lat="45.5308729" lon="7.2307791"/>
    <trkpt lat="45.5310189" lon="7.2307457"/>
    <trkpt lat="45.5311327" lon="7.2307332"/>
    <trkpt lat="45.5312524" lon="7.2307082"/>
    <trkpt lat="45.5313605" lon="7.230654"/>
    <trkpt lat="45.5314188" lon="7.2306665"/>
    <trkpt lat="45.5313751" lon="7.2308207"/>
    <trkpt lat="45.5313634" lon="7.231"/>
    <trkpt lat="45.5313896" lon="7.231175"/>
    <trkpt lat="45.5314013" lon="7.2313709"/>
    <trkpt lat="45.5314626" lon="7.2314584"/>
    <trkpt lat="45.5315531" lon="7.2315168"/>
    <trkpt lat="45.5316583" lon="7.231621"/>
    <trkpt lat="45.53174" lon="7.2316793"/>
    <trkpt lat="45.5318218" lon="7.231696"/>
    <trkpt lat="45.5319006" lon="7.2316918"/>
    <trkpt lat="45.5320028" lon="7.231721"/>
    <trkpt lat="45.5321079" lon="7.2317335"/>
    <trkpt lat="45.5321604" lon="7.2317877"/>
    <trkpt lat="45.5322393" lon="7.2318043"/>
    <trkpt lat="45.5323473" lon="7.231846"/>
    <trkpt lat="45.532429" lon="7.2318293"/>
    <trkpt lat="45.5325487" lon="7.231846"/>
    <trkpt lat="45.532683" lon="7.2318293"/>
    <trkpt lat="45.5328232" lon="7.231821"/>
    <trkpt lat="45.5329283" lon="7.2317893"/>
    <trkpt lat="45.5330451" lon="7.2317585"/>
    <trkpt lat="45.533121" lon="7.2317418"/>
    <trkpt lat="45.5331677" lon="7.2317918"/>
    <trkpt lat="45.5332348" lon="7.231896"/>
    <trkpt lat="45.5332699" lon="7.2320586"/>
    <trkpt lat="45.5333408" lon="7.2321215"/>
    <trkpt lat="45.5333884" lon="7.2322461"/>
    <trkpt lat="45.5334485" lon="7.2323795"/>
    <trkpt lat="45.5334686" lon="7.2324723"/>
    <trkpt lat="45.5335334" lon="7.2325362"/>
    <trkpt lat="45.5335755" lon="7.232544"/>
    <trkpt lat="45.5337136" lon="7.2326212"/>
    <trkpt lat="45.5337866" lon="7.2327171"/>
    <trkpt lat="45.5338064" lon="7.2329164"/>
    <trkpt lat="45.5338225" lon="7.2331039"/>
    <trkpt lat="45.5339082" lon="7.2333196"/>
    <trkpt lat="45.5339238" lon="7.2334631"/>
    <trkpt lat="45.5339501" lon="7.233559"/>
    <trkpt lat="45.5340202" lon="7.2336507"/>
    <trkpt lat="45.534134" lon="7.2336382"/>
    <trkpt lat="45.5342479" lon="7.2335923"/>
    <trkpt lat="45.5343647" lon="7.2335673"/>
    <trkpt lat="45.5344406" lon="7.2335215"/>
    <trkpt lat="45.5345311" lon="7.233509"/>
    <trkpt lat="45.5346712" lon="7.2334923"/>
    <trkpt lat="45.5347763" lon="7.2334715"/>
    <trkpt lat="45.5348931" lon="7.2334965"/>
    <trkpt lat="45.5349894" lon="7.233534"/>
    <trkpt lat="45.5350829" lon="7.2335507"/>
    <trkpt lat="45.5351704" lon="7.2335673"/>
    <trkpt lat="45.5352434" lon="7.2335673"/>
    <trkpt lat="45.5353427" lon="7.233584"/>
    <trkpt lat="45.5354332" lon="7.2335632"/>
    <trkpt lat="45.5355033" lon="7.2334881"/>
    <trkpt lat="45.5355617" lon="7.2334173"/>
    <trkpt lat="45.5356317" lon="7.2333423"/>
    <trkpt lat="45.5356697" lon="7.2332714"/>
    <trkpt lat="45.535731" lon="7.2332131"/>
    <trkpt lat="45.5358069" lon="7.2332006"/>
    <trkpt lat="45.5358682" lon="7.2331922"/>
    <trkpt lat="45.5359259" lon="7.2331722"/>
    <trkpt lat="45.5359587" lon="7.2331964"/>
    <trkpt lat="45.5360258" lon="7.2333339"/>
    <trkpt lat="45.5360988" lon="7.2334215"/>
    <trkpt lat="45.5361718" lon="7.2335131"/>
    <trkpt lat="45.5362565" lon="7.2336173"/>
    <trkpt lat="45.5363353" lon="7.2336924"/>
    <trkpt lat="45.5364491" lon="7.2338216"/>
    <trkpt lat="45.5365134" lon="7.2338966"/>
    <trkpt lat="45.5365601" lon="7.2339883"/>
    <trkpt lat="45.5366156" lon="7.2341258"/>
    <trkpt lat="45.5366623" lon="7.2342425"/>
    <trkpt lat="45.5367119" lon="7.2342842"/>
    <trkpt lat="45.5368374" lon="7.2342713"/>
    <trkpt lat="45.5369425" lon="7.2342673"/>
    <trkpt lat="45.5370067" lon="7.2342509"/>
    <trkpt lat="45.5370736" lon="7.2342098"/>
    <trkpt lat="45.5371206" lon="7.2342015"/>
    <trkpt lat="45.5371449" lon="7.2343153"/>
    <trkpt lat="45.5371559" lon="7.2344542"/>
    <trkpt lat="45.537188" lon="7.234469"/>
    <trkpt lat="45.5372178" lon="7.2344584"/>
    <trkpt lat="45.5372136" lon="7.234628"/>
    <trkpt lat="45.5372403" lon="7.2347552"/>
    <trkpt lat="45.537315" lon="7.2348483"/>
    <trkpt lat="45.5373454" lon="7.2350011"/>
    <trkpt lat="45.5373971" lon="7.2350659"/>
    <trkpt lat="45.5373979" lon="7.2350969"/>
    <trkpt lat="45.5374035" lon="7.2351861"/>
    <trkpt lat="45.5374259" lon="7.2352397"/>
    <trkpt lat="45.5374388" lon="7.2353261"/>
    <trkpt lat="45.5374761" lon="7.2353728"/>
    <trkpt lat="45.5374768" lon="7.2354595"/>
    <trkpt lat="45.5375022" lon="7.2355296"/>
    <trkpt lat="45.537541" lon="7.2356054"/>
    <trkpt lat="45.537594" lon="7.2356579"/>
    <trkpt lat="45.5376052" lon="7.2356929"/>
    <trkpt lat="45.5376373" lon="7.2358173"/>
    <trkpt lat="45.5376678" lon="7.2358743"/>
    <trkpt lat="45.5376853" lon="7.23588"/>
    <trkpt lat="45.5377028" lon="7.2359127"/>
    <trkpt lat="45.5377013" lon="7.2359841"/>
    <trkpt lat="45.5377424" lon="7.2360305"/>
    <trkpt lat="45.5377943" lon="7.2361662"/>
    <trkpt lat="45.5377995" lon="7.2362108"/>
    <trkpt lat="45.5378027" lon="7.2362661"/>
    <trkpt lat="45.5378205" lon="7.2364519"/>
    <trkpt lat="45.5378026" lon="7.2365"/>
    <trkpt lat="45.5378055" lon="7.2365608"/>
    <trkpt lat="45.5377977" lon="7.2366227"/>
    <trkpt lat="45.5377762" lon="7.2367816"/>
    <trkpt lat="45.537757" lon="7.2369561"/>
    <trkpt lat="45.5377547" lon="7.2370385"/>
    <trkpt lat="45.5377777" lon="7.2371298"/>
    <trkpt lat="45.537792" lon="7.2372267"/>
    <trkpt lat="45.53783" lon="7.2373017"/>
    <trkpt lat="45.5379261" lon="7.2374767"/>
    <trkpt lat="45.5380197" lon="7.2376643"/>
    <trkpt lat="45.5380811" lon="7.2377727"/>
    <trkpt lat="45.5381336" lon="7.237906"/>
    <trkpt lat="45.5381831" lon="7.2379399"/>
    <trkpt lat="45.5382129" lon="7.2380278"/>
    <trkpt lat="45.5382798" lon="7.2381493"/>
    <trkpt lat="45.5383259" lon="7.238225"/>
    <trkpt lat="45.5384141" lon="7.2383208"/>
    <trkpt lat="45.5384821" lon="7.2383543"/>
    <trkpt lat="45.5385206" lon="7.2384266"/>
    <trkpt lat="45.5385481" lon="7.2385604"/>
    <trkpt lat="45.5385846" lon="7.2386765"/>
    <trkpt lat="45.5386546" lon="7.2387472"/>
    <trkpt lat="45.5387316" lon="7.2388181"/>
    <trkpt lat="45.538812" lon="7.2388813"/>
    <trkpt lat="45.5388962" lon="7.2389188"/>
    <trkpt lat="45.5389982" lon="7.2389391"/>
    <trkpt lat="45.5391225" lon="7.2390505"/>
    <trkpt lat="45.5391542" lon="7.2389223"/>
    <trkpt lat="45.5391629" lon="7.2387282"/>
    <trkpt lat="45.5391696" lon="7.2385538"/>
    <trkpt lat="45.539167" lon="7.2384142"/>
    <trkpt lat="45.5391802" lon="7.2383005"/>
    <trkpt lat="45.5391897" lon="7.238146"/>
    <trkpt lat="45.5391629" lon="7.2379676"/>
    <trkpt lat="45.5391265" lon="7.2378033"/>
    <trkpt lat="45.5391019" lon="7.2375991"/>
    <trkpt lat="45.539087" lon="7.237465"/>
    <trkpt lat="45.5390766" lon="7.2373408"/>
    <trkpt lat="45.5390982" lon="7.237258"/>
    <trkpt lat="45.5390924" lon="7.2371573"/>
    <trkpt lat="45.5390902" lon="7.2370961"/>
    <trkpt lat="45.5391211" lon="7.2370243"/>
    <trkpt lat="45.5391453" lon="7.2369601"/>
    <trkpt lat="45.5391513" lon="7.2369048"/>
    <trkpt lat="45.5391578" lon="7.2368439"/>
    <trkpt lat="45.539164" lon="7.2367507"/>
    <trkpt lat="45.5391819" lon="7.2365992"/>
    <trkpt lat="45.5391972" lon="7.2364559"/>
    <trkpt lat="45.5392075" lon="7.2363547"/>
    <trkpt lat="45.5392178" lon="7.2362627"/>
    <trkpt lat="45.5392397" lon="7.2362241"/>
    <trkpt lat="45.5392938" lon="7.2361597"/>
    <trkpt lat="45.5393441" lon="7.2360971"/>
    <trkpt lat="45.5393814" lon="7.2360456"/>
    <trkpt lat="45.5394059" lon="7.2360051"/>
    <trkpt lat="45.5394278" lon="7.2359812"/>
    <trkpt lat="45.5394639" lon="7.2359536"/>
    <trkpt lat="45.5395014" lon="7.2358729"/>
    <trkpt lat="45.5395361" lon="7.2356519"/>
    <trkpt lat="45.5395953" lon="7.2354385"/>
    <trkpt lat="45.5396456" lon="7.2352564"/>
    <trkpt lat="45.5397216" lon="7.2350154"/>
    <trkpt lat="45.5397487" lon="7.2349105"/>
    <trkpt lat="45.5397409" lon="7.234859"/>
    <trkpt lat="45.5397783" lon="7.2347652"/>
    <trkpt lat="45.5398182" lon="7.2346806"/>
    <trkpt lat="45.5398479" lon="7.2346438"/>
    <trkpt lat="45.5398762" lon="7.2346622"/>
    <trkpt lat="45.5398994" lon="7.2346493"/>
    <trkpt lat="45.5399316" lon="7.2345683"/>
    <trkpt lat="45.5399819" lon="7.2344138"/>
    <trkpt lat="45.5400218" lon="7.2342574"/>
    <trkpt lat="45.5400553" lon="7.2341379"/>
    <trkpt lat="45.5400553" lon="7.2340624"/>
    <trkpt lat="45.5400837" lon="7.2339631"/>
    <trkpt lat="45.5401417" lon="7.2337865"/>
    <trkpt lat="45.5401881" lon="7.2336338"/>
    <trkpt lat="45.5402486" lon="7.2334535"/>
    <trkpt lat="45.5402937" lon="7.233356"/>
    <trkpt lat="45.5403749" lon="7.2332125"/>
    <trkpt lat="45.5403852" lon="7.2331794"/>
    <trkpt lat="45.5403633" lon="7.2331702"/>
    <trkpt lat="45.5402821" lon="7.2332125"/>
    <trkpt lat="45.5402229" lon="7.2332474"/>
    <trkpt lat="45.5401919" lon="7.2332769"/>
    <trkpt lat="45.5401391" lon="7.2333284"/>
    <trkpt lat="45.5400218" lon="7.2334038"/>
    <trkpt lat="45.5399484" lon="7.2334516"/>
    <trkpt lat="45.5398827" lon="7.2334719"/>
    <trkpt lat="45.5398092" lon="7.2334774"/>
    <trkpt lat="45.5397564" lon="7.2334498"/>
    <trkpt lat="45.5397113" lon="7.2334498"/>
    <trkpt lat="45.539643" lon="7.2334903"/>
    <trkpt lat="45.5395979" lon="7.2335197"/>
    <trkpt lat="45.5395915" lon="7.2334921"/>
    <trkpt lat="45.5396147" lon="7.2334516"/>
    <trkpt lat="45.5396456" lon="7.2334001"/>
    <trkpt lat="45.5396855" lon="7.233356"/>
    <trkpt lat="45.5396958" lon="7.2333137"/>
    <trkpt lat="45.5396714" lon="7.2333137"/>
    <trkpt lat="45.5396147" lon="7.2333505"/>
    <trkpt lat="45.5395609" lon="7.233363"/>
    <trkpt lat="45.5395438" lon="7.233367"/>
    <trkpt lat="45.5394884" lon="7.2333707"/>
    <trkpt lat="45.5394497" lon="7.2333376"/>
    <trkpt lat="45.5394265" lon="7.2332769"/>
    <trkpt lat="45.539402" lon="7.2331738"/>
    <trkpt lat="45.5393763" lon="7.2330377"/>
    <trkpt lat="45.5393557" lon="7.2329476"/>
    <trkpt lat="45.5393538" lon="7.2329381"/>
    <trkpt lat="45.5393389" lon="7.2328629"/>
    <trkpt lat="45.5393312" lon="7.2327746"/>
    <trkpt lat="45.5392938" lon="7.232771"/>
    <trkpt lat="45.5392513" lon="7.2328225"/>
    <trkpt lat="45.5392165" lon="7.2328482"/>
    <trkpt lat="45.539192" lon="7.2328114"/>
    <trkpt lat="45.5391753" lon="7.2327102"/>
    <trkpt lat="45.5391843" lon="7.2325778"/>
    <trkpt lat="45.5391881" lon="7.232495"/>
    <trkpt lat="45.539183" lon="7.2324214"/>
    <trkpt lat="45.5391914" lon="7.2322865"/>
    <trkpt lat="45.5392236" lon="7.2321835"/>
    <trkpt lat="45.5392739" lon="7.2321301"/>
    <trkpt lat="45.53931" lon="7.2321412"/>
    <trkpt lat="45.5393679" lon="7.2321982"/>
    <trkpt lat="45.5394272" lon="7.2322626"/>
    <trkpt lat="45.539462" lon="7.2323031"/>
    <trkpt lat="45.5395071" lon="7.2323325"/>
    <trkpt lat="45.5395731" lon="7.2323395"/>
    <trkpt lat="45.5395934" lon="7.2323417"/>
    <trkpt lat="45.5396643" lon="7.2323307"/>
    <trkpt lat="45.5397416" lon="7.2323049"/>
    <trkpt lat="45.5398228" lon="7.2322608"/>
    <trkpt lat="45.5398911" lon="7.2322405"/>
    <trkpt lat="45.5399207" lon="7.2322093"/>
    <trkpt lat="45.5398988" lon="7.2321688"/>
    <trkpt lat="45.5398331" lon="7.2321246"/>
    <trkpt lat="45.5397545" lon="7.2320786"/>
    <trkpt lat="45.5396836" lon="7.232005"/>
    <trkpt lat="45.5396437" lon="7.2319627"/>
    <trkpt lat="45.5396192" lon="7.2318855"/>
    <trkpt lat="45.5395458" lon="7.2318229"/>
    <trkpt lat="45.5394813" lon="7.2317401"/>
    <trkpt lat="45.5394375" lon="7.2316279"/>
    <trkpt lat="45.5394079" lon="7.2315157"/>
    <trkpt lat="45.5393692" lon="7.2313961"/>
    <trkpt lat="45.5393228" lon="7.2312158"/>
    <trkpt lat="45.53931" lon="7.2311533"/>
    <trkpt lat="45.5392816" lon="7.2310889"/>
    <trkpt lat="45.5392984" lon="7.2310815"/>
    <trkpt lat="45.5393383" lon="7.2311128"/>
    <trkpt lat="45.5393589" lon="7.2311514"/>
    <trkpt lat="45.5393989" lon="7.2311974"/>
    <trkpt lat="45.539453" lon="7.2312048"/>
    <trkpt lat="45.5395458" lon="7.231214"/>
    <trkpt lat="45.539636" lon="7.2312434"/>
    <trkpt lat="45.5397674" lon="7.2312857"/>
    <trkpt lat="45.5398326" lon="7.2313076"/>
    <trkpt lat="45.5399207" lon="7.2313372"/>
    <trkpt lat="45.5400135" lon="7.2313501"/>
    <trkpt lat="45.5400818" lon="7.2313391"/>
    <trkpt lat="45.5401359" lon="7.2312912"/>
    <trkpt lat="45.5401784" lon="7.2312361"/>
    <trkpt lat="45.540257" lon="7.2311882"/>
    <trkpt lat="45.5402738" lon="7.2311385"/>
    <trkpt lat="45.5403137" lon="7.231076"/>
    <trkpt lat="45.540324" lon="7.2310429"/>
    <trkpt lat="45.5402751" lon="7.231065"/>
    <trkpt lat="45.5402184" lon="7.2310631"/>
    <trkpt lat="45.5401256" lon="7.2310429"/>
    <trkpt lat="45.5400702" lon="7.2310153"/>
    <trkpt lat="45.5400096" lon="7.2309086"/>
    <trkpt lat="45.5399761" lon="7.2308571"/>
    <trkpt lat="45.5399091" lon="7.2307927"/>
    <trkpt lat="45.5398897" lon="7.2307685"/>
    <trkpt lat="45.5398383" lon="7.2307044"/>
    <trkpt lat="45.5397893" lon="7.2306271"/>
    <trkpt lat="45.5397738" lon="7.230559"/>
    <trkpt lat="45.5397634" lon="7.2305423"/>
    <trkpt lat="45.5397545" lon="7.2305278"/>
    <trkpt lat="45.5396733" lon="7.2304799"/>
    <trkpt lat="45.5396321" lon="7.2304505"/>
    <trkpt lat="45.5395947" lon="7.2304063"/>
    <trkpt lat="45.5395277" lon="7.2303696"/>
    <trkpt lat="45.5394929" lon="7.2303144"/>
    <trkpt lat="45.5394968" lon="7.2302371"/>
    <trkpt lat="45.539511" lon="7.2302077"/>
    <trkpt lat="45.5395896" lon="7.2302003"/>
    <trkpt lat="45.5396707" lon="7.2301837"/>
    <trkpt lat="45.5397718" lon="7.2301853"/>
    <trkpt lat="45.539788" lon="7.2301856"/>
    <trkpt lat="45.5398756" lon="7.2301543"/>
    <trkpt lat="45.5399478" lon="7.2301451"/>
    <trkpt lat="45.5400225" lon="7.2301985"/>
    <trkpt lat="45.5400648" lon="7.2302139"/>
    <trkpt lat="45.5400882" lon="7.2302224"/>
    <trkpt lat="45.540154" lon="7.2301929"/>
    <trkpt lat="45.5402068" lon="7.2301856"/>
    <trkpt lat="45.5401978" lon="7.2301378"/>
    <trkpt lat="45.5401223" lon="7.2300362"/>
    <trkpt lat="45.5400702" lon="7.229974"/>
    <trkpt lat="45.540029" lon="7.2298986"/>
    <trkpt lat="45.5400096" lon="7.229825"/>
    <trkpt lat="45.5399877" lon="7.2297717"/>
    <trkpt lat="45.5399465" lon="7.2297036"/>
    <trkpt lat="45.5398808" lon="7.2296153"/>
    <trkpt lat="45.53977" lon="7.2295141"/>
    <trkpt lat="45.5397133" lon="7.2294497"/>
    <trkpt lat="45.5396682" lon="7.2293301"/>
    <trkpt lat="45.5396179" lon="7.2292142"/>
    <trkpt lat="45.5395651" lon="7.229067"/>
    <trkpt lat="45.5395148" lon="7.2290045"/>
    <trkpt lat="45.5394568" lon="7.2289401"/>
    <trkpt lat="45.5394259" lon="7.2289493"/>
    <trkpt lat="45.5393808" lon="7.2288647"/>
    <trkpt lat="45.5393873" lon="7.2288334"/>
    <trkpt lat="45.5394208" lon="7.2288242"/>
    <trkpt lat="45.539511" lon="7.2288242"/>
    <trkpt lat="45.5396553" lon="7.2288205"/>
    <trkpt lat="45.539797" lon="7.2287985"/>
    <trkpt lat="45.5398344" lon="7.2287543"/>
    <trkpt lat="45.5398921" lon="7.2287469"/>
    <trkpt lat="45.5399705" lon="7.2287263"/>
    <trkpt lat="45.5400952" lon="7.2287205"/>
    <trkpt lat="45.5401818" lon="7.2286984"/>
    <trkpt lat="45.5402467" lon="7.2286792"/>
    <trkpt lat="45.5403209" lon="7.2286998"/>
    <trkpt lat="45.5403771" lon="7.2286979"/>
    <trkpt lat="45.5404055" lon="7.2286969"/>
    <trkpt lat="45.540455" lon="7.2286645"/>
    <trkpt lat="45.5405653" lon="7.2286527"/>
    <trkpt lat="45.5406085" lon="7.2286469"/>
    <trkpt lat="45.5406137" lon="7.2286174"/>
    <trkpt lat="45.5405817" lon="7.2285806"/>
    <trkpt lat="45.5405271" lon="7.2285335"/>
    <trkpt lat="45.5404828" lon="7.2284923"/>
    <trkpt lat="45.5404684" lon="7.2284599"/>
    <trkpt lat="45.5404055" lon="7.2284173"/>
    <trkpt lat="45.5403756" lon="7.2283643"/>
    <trkpt lat="45.5403849" lon="7.2283496"/>
    <trkpt lat="45.5404395" lon="7.2283378"/>
    <trkpt lat="45.5404818" lon="7.2283098"/>
    <trkpt lat="45.5405653" lon="7.2282701"/>
    <trkpt lat="45.5405981" lon="7.228256"/>
    <trkpt lat="45.5406096" lon="7.228251"/>
    <trkpt lat="45.5406477" lon="7.228276"/>
    <trkpt lat="45.5406879" lon="7.228329"/>
    <trkpt lat="45.5407272" lon="7.2283415"/>
    <trkpt lat="45.5407529" lon="7.2283496"/>
    <trkpt lat="45.5408487" lon="7.228379"/>
    <trkpt lat="45.5409683" lon="7.228429"/>
    <trkpt lat="45.5409992" lon="7.2284364"/>
    <trkpt lat="45.5409992" lon="7.228407"/>
    <trkpt lat="45.5409817" lon="7.2283702"/>
    <trkpt lat="45.5409384" lon="7.2282775"/>
    <trkpt lat="45.5409054" lon="7.2281847"/>
    <trkpt lat="45.5408766" lon="7.2281126"/>
    <trkpt lat="45.5408277" lon="7.2279969"/>
    <trkpt lat="45.5407939" lon="7.2279187"/>
    <trkpt lat="45.5407182" lon="7.2277807"/>
    <trkpt lat="45.5406906" lon="7.227689"/>
    <trkpt lat="45.5406795" lon="7.2276519"/>
    <trkpt lat="45.5406248" lon="7.227514"/>
    <trkpt lat="45.5406183" lon="7.2273967"/>
    <trkpt lat="45.540599" lon="7.2272794"/>
    <trkpt lat="45.5405603" lon="7.2271989"/>
    <trkpt lat="45.5405023" lon="7.2270862"/>
    <trkpt lat="45.5404363" lon="7.2270127"/>
    <trkpt lat="45.5403461" lon="7.2269345"/>
    <trkpt lat="45.540235" lon="7.2268379"/>
    <trkpt lat="45.5401561" lon="7.2267666"/>
    <trkpt lat="45.5402382" lon="7.2267413"/>
    <trkpt lat="45.5403268" lon="7.2267551"/>
    <trkpt lat="45.5404411" lon="7.2267919"/>
    <trkpt lat="45.5406119" lon="7.2268586"/>
    <trkpt lat="45.5406811" lon="7.2268793"/>
    <trkpt lat="45.540708" lon="7.2268886"/>
    <trkpt lat="45.5407472" lon="7.2269023"/>
    <trkpt lat="45.5408148" lon="7.2269368"/>
    <trkpt lat="45.5407729" lon="7.2268356"/>
    <trkpt lat="45.5407638" lon="7.2268273"/>
    <trkpt lat="45.540715" lon="7.2267827"/>
    <trkpt lat="45.5406457" lon="7.2267344"/>
    <trkpt lat="45.5405716" lon="7.2266953"/>
    <trkpt lat="45.5406618" lon="7.2266677"/>
    <trkpt lat="45.5407343" lon="7.2266677"/>
    <trkpt lat="45.5408132" lon="7.2266907"/>
    <trkpt lat="45.5408216" lon="7.2266938"/>
    <trkpt lat="45.5408696" lon="7.2267114"/>
    <trkpt lat="45.5409308" lon="7.2267689"/>
    <trkpt lat="45.5410532" lon="7.2268954"/>
    <trkpt lat="45.5411176" lon="7.2269368"/>
    <trkpt lat="45.5411901" lon="7.2269207"/>
    <trkpt lat="45.5413093" lon="7.2268494"/>
    <trkpt lat="45.5413785" lon="7.2267919"/>
    <trkpt lat="45.5413189" lon="7.2267505"/>
    <trkpt lat="45.5412416" lon="7.2267344"/>
    <trkpt lat="45.5411837" lon="7.2267114"/>
    <trkpt lat="45.5411418" lon="7.2266539"/>
    <trkpt lat="45.5411047" lon="7.2265941"/>
    <trkpt lat="45.54105" lon="7.2264768"/>
    <trkpt lat="45.5410033" lon="7.2263665"/>
    <trkpt lat="45.5409775" lon="7.2263274"/>
    <trkpt lat="45.5409541" lon="7.2262789"/>
    <trkpt lat="45.5409308" lon="7.2262308"/>
    <trkpt lat="45.5409002" lon="7.2261802"/>
    <trkpt lat="45.540818" lon="7.2261066"/>
    <trkpt lat="45.5407649" lon="7.2260744"/>
    <trkpt lat="45.5407085" lon="7.2260353"/>
    <trkpt lat="45.5406103" lon="7.2259709"/>
    <trkpt lat="45.540504" lon="7.2259203"/>
    <trkpt lat="45.5404331" lon="7.2258697"/>
    <trkpt lat="45.5403719" lon="7.2258031"/>
    <trkpt lat="45.540293" lon="7.2257387"/>
    <trkpt lat="45.5401931" lon="7.2256835"/>
    <trkpt lat="45.5401432" lon="7.2256306"/>
    <trkpt lat="45.5400642" lon="7.2255892"/>
    <trkpt lat="45.5400546" lon="7.2255455"/>
    <trkpt lat="45.5401399" lon="7.2255248"/>
    <trkpt lat="45.5402318" lon="7.2255271"/>
    <trkpt lat="45.5403107" lon="7.2254972"/>
    <trkpt lat="45.5404363" lon="7.2254742"/>
    <trkpt lat="45.5405217" lon="7.2254535"/>
    <trkpt lat="45.5406086" lon="7.2254282"/>
    <trkpt lat="45.5407021" lon="7.2253914"/>
    <trkpt lat="45.5407697" lon="7.2253684"/>
    <trkpt lat="45.5409066" lon="7.2253178"/>
    <trkpt lat="45.5410145" lon="7.2252764"/>
    <trkpt lat="45.5410743" lon="7.2252645"/>
    <trkpt lat="45.5411305" lon="7.2252534"/>
    <trkpt lat="45.541203" lon="7.225235"/>
    <trkpt lat="45.5412835" lon="7.2252327"/>
    <trkpt lat="45.5413785" lon="7.2252327"/>
    <trkpt lat="45.5415509" lon="7.2252603"/>
    <trkpt lat="45.5416266" lon="7.2253684"/>
    <trkpt lat="45.5416942" lon="7.2254006"/>
    <trkpt lat="45.5417587" lon="7.2253707"/>
    <trkpt lat="45.5417603" lon="7.2252948"/>
    <trkpt lat="45.5417023" lon="7.2252465"/>
    <trkpt lat="45.5416942" lon="7.2252189"/>
    <trkpt lat="45.541683" lon="7.225081"/>
    <trkpt lat="45.5416636" lon="7.2249545"/>
    <trkpt lat="45.5416298" lon="7.2248855"/>
    <trkpt lat="45.5415702" lon="7.2248142"/>
    <trkpt lat="45.5415042" lon="7.224782"/>
    <trkpt lat="45.5414446" lon="7.2247613"/>
    <trkpt lat="45.5413882" lon="7.2247337"/>
    <trkpt lat="45.5413673" lon="7.2245912"/>
    <trkpt lat="45.5413286" lon="7.2244578"/>
    <trkpt lat="45.5412642" lon="7.2243704"/>
    <trkpt lat="45.5411949" lon="7.2243543"/>
    <trkpt lat="45.5411627" lon="7.2242991"/>
    <trkpt lat="45.5411241" lon="7.2241933"/>
    <trkpt lat="45.541079" lon="7.2241105"/>
    <trkpt lat="45.5410033" lon="7.2240484"/>
    <trkpt lat="45.5410387" lon="7.2239979"/>
    <trkpt lat="45.5411224" lon="7.223945"/>
    <trkpt lat="45.5412078" lon="7.2239473"/>
    <trkpt lat="45.5412674" lon="7.2240002"/>
    <trkpt lat="45.5413495" lon="7.2240507"/>
    <trkpt lat="45.5413805" lon="7.224054"/>
    <trkpt lat="45.541393" lon="7.2240553"/>
    <trkpt lat="45.5414881" lon="7.2240415"/>
    <trkpt lat="45.541604" lon="7.224099"/>
    <trkpt lat="45.5417538" lon="7.2241496"/>
    <trkpt lat="45.5419101" lon="7.2241749"/>
    <trkpt lat="45.5420164" lon="7.2242002"/>
    <trkpt lat="45.5420937" lon="7.2241749"/>
    <trkpt lat="45.5420711" lon="7.2241519"/>
    <trkpt lat="45.541997" lon="7.2240806"/>
    <trkpt lat="45.5419664" lon="7.2240438"/>
    <trkpt lat="45.5419696" lon="7.2239634"/>
    <trkpt lat="45.5420405" lon="7.2239979"/>
    <trkpt lat="45.5420824" lon="7.2239611"/>
    <trkpt lat="45.5421371" lon="7.2239473"/>
    <trkpt lat="45.5421822" lon="7.2239427"/>
    <trkpt lat="45.5421581" lon="7.2238438"/>
    <trkpt lat="45.5420985" lon="7.22383"/>
    <trkpt lat="45.5420486" lon="7.2238024"/>
    <trkpt lat="45.5420051" lon="7.223738"/>
    <trkpt lat="45.5419705" lon="7.2236581"/>
    <trkpt lat="45.5419002" lon="7.2234856"/>
    <trkpt lat="45.5418317" lon="7.2233879"/>
    <trkpt lat="45.5417593" lon="7.2232758"/>
    <trkpt lat="45.5416526" lon="7.2231838"/>
    <trkpt lat="45.5415398" lon="7.2231004"/>
    <trkpt lat="45.5413949" lon="7.2230918"/>
    <trkpt lat="45.5412942" lon="7.2230516"/>
    <trkpt lat="45.5412418" lon="7.222974"/>
    <trkpt lat="45.5412761" lon="7.2229193"/>
    <trkpt lat="45.5414029" lon="7.2228877"/>
    <trkpt lat="45.5415277" lon="7.2228791"/>
    <trkpt lat="45.5416224" lon="7.222813"/>
    <trkpt lat="45.5416405" lon="7.2227124"/>
    <trkpt lat="45.5417371" lon="7.2226463"/>
    <trkpt lat="45.5418539" lon="7.2226118"/>
    <trkpt lat="45.5419988" lon="7.2226146"/>
    <trkpt lat="45.5420673" lon="7.2226003"/>
    <trkpt lat="45.5420311" lon="7.2225169"/>
    <trkpt lat="45.5419827" lon="7.2223876"/>
    <trkpt lat="45.5420552" lon="7.2223387"/>
    <trkpt lat="45.542174" lon="7.2223904"/>
    <trkpt lat="45.5422928" lon="7.2223818"/>
    <trkpt lat="45.5423874" lon="7.2224422"/>
    <trkpt lat="45.542484" lon="7.2225399"/>
    <trkpt lat="45.5425505" lon="7.2226003"/>
    <trkpt lat="45.5426431" lon="7.2226836"/>
    <trkpt lat="45.5427055" lon="7.222729"/>
    <trkpt lat="45.5427506" lon="7.2227819"/>
    <trkpt lat="45.5428408" lon="7.2228049"/>
    <trkpt lat="45.5429503" lon="7.2228302"/>
    <trkpt lat="45.5430453" lon="7.2228532"/>
    <trkpt lat="45.5431806" lon="7.2228371"/>
    <trkpt lat="45.5432933" lon="7.2228413"/>
    <trkpt lat="45.5433798" lon="7.2228586"/>
    <trkpt lat="45.5434906" lon="7.2228615"/>
    <trkpt lat="45.5435731" lon="7.2228471"/>
    <trkpt lat="45.5436738" lon="7.2227954"/>
    <trkpt lat="45.5437905" lon="7.2227724"/>
    <trkpt lat="45.5439093" lon="7.2227609"/>
    <trkpt lat="45.5439919" lon="7.2227781"/>
    <trkpt lat="45.5440422" lon="7.2227177"/>
    <trkpt lat="45.5440945" lon="7.2227149"/>
    <trkpt lat="45.5441408" lon="7.2226315"/>
    <trkpt lat="45.5441388" lon="7.2225596"/>
    <trkpt lat="45.5441086" lon="7.2224648"/>
    <trkpt lat="45.5440801" lon="7.2224124"/>
    <trkpt lat="45.5440422" lon="7.2223814"/>
    <trkpt lat="45.5439999" lon="7.2223268"/>
    <trkpt lat="45.5439693" lon="7.2223357"/>
    <trkpt lat="45.5439308" lon="7.2223302"/>
    <trkpt lat="45.5439051" lon="7.222299"/>
    <trkpt lat="45.5438485" lon="7.2221944"/>
    <trkpt lat="45.5437753" lon="7.2221559"/>
    <trkpt lat="45.5436982" lon="7.2220843"/>
    <trkpt lat="45.543648" lon="7.2220073"/>
    <trkpt lat="45.5435517" lon="7.2219008"/>
    <trkpt lat="45.5434617" lon="7.2218274"/>
    <trkpt lat="45.5433897" lon="7.2217926"/>
    <trkpt lat="45.543364" lon="7.2217504"/>
    <trkpt lat="45.5433833" lon="7.221743"/>
    <trkpt lat="45.5434283" lon="7.2217687"/>
    <trkpt lat="45.543472" lon="7.2217871"/>
    <trkpt lat="45.543499" lon="7.2217687"/>
    <trkpt lat="45.54349" lon="7.2217357"/>
    <trkpt lat="45.5434418" lon="7.2216941"/>
    <trkpt lat="45.5433839" lon="7.221611"/>
    <trkpt lat="45.5433416" lon="7.2215076"/>
    <trkpt lat="45.5433033" lon="7.2214098"/>
    <trkpt lat="45.543255" lon="7.2213437"/>
    <trkpt lat="45.5431805" lon="7.2213006"/>
    <trkpt lat="45.5431262" lon="7.2212086"/>
    <trkpt lat="45.5430799" lon="7.221154"/>
    <trkpt lat="45.5430416" lon="7.2210218"/>
    <trkpt lat="45.5429792" lon="7.2208694"/>
    <trkpt lat="45.542955" lon="7.2207314"/>
    <trkpt lat="45.5428967" lon="7.2206711"/>
    <trkpt lat="45.5428101" lon="7.2206107"/>
    <trkpt lat="45.5427195" lon="7.2205388"/>
    <trkpt lat="45.5426652" lon="7.2205116"/>
    <trkpt lat="45.542645" lon="7.2205015"/>
    <trkpt lat="45.5425524" lon="7.2204756"/>
    <trkpt lat="45.5424799" lon="7.2204699"/>
    <trkpt lat="45.5424215" lon="7.2204267"/>
    <trkpt lat="45.5423511" lon="7.2203721"/>
    <trkpt lat="45.5422564" lon="7.2203233"/>
    <trkpt lat="45.5421981" lon="7.2203175"/>
    <trkpt lat="45.5420732" lon="7.220306"/>
    <trkpt lat="45.5419806" lon="7.2202945"/>
    <trkpt lat="45.5419182" lon="7.220283"/>
    <trkpt lat="45.5419243" lon="7.220237"/>
    <trkpt lat="45.5419484" lon="7.2201623"/>
    <trkpt lat="45.5419102" lon="7.2201307"/>
    <trkpt lat="45.5418659" lon="7.2200875"/>
    <trkpt lat="45.5418478" lon="7.2200473"/>
    <trkpt lat="45.5418135" lon="7.2199898"/>
    <trkpt lat="45.5418035" lon="7.2198892"/>
    <trkpt lat="45.5418155" lon="7.2198001"/>
    <trkpt lat="45.5418618" lon="7.2196966"/>
    <trkpt lat="45.5419082" lon="7.2196621"/>
    <trkpt lat="45.5419826" lon="7.2197225"/>
    <trkpt lat="45.5420551" lon="7.2197915"/>
    <trkpt lat="45.5420974" lon="7.21978"/>
    <trkpt lat="45.5420732" lon="7.2196679"/>
    <trkpt lat="45.5420511" lon="7.2195931"/>
    <trkpt lat="45.5420833" lon="7.2195701"/>
    <trkpt lat="45.5420986" lon="7.2195762"/>
    <trkpt lat="45.5421477" lon="7.219596"/>
    <trkpt lat="45.5422222" lon="7.2196104"/>
    <trkpt lat="45.5422947" lon="7.2195874"/>
    <trkpt lat="45.5423491" lon="7.2195558"/>
    <trkpt lat="45.5423813" lon="7.2195155"/>
    <trkpt lat="45.5424437" lon="7.2194207"/>
    <trkpt lat="45.542492" lon="7.2193488"/>
    <trkpt lat="45.5425685" lon="7.2192741"/>
    <trkpt lat="45.542641" lon="7.2192453"/>
    <trkpt lat="45.5426934" lon="7.219228"/>
    <trkpt lat="45.5427859" lon="7.2191964"/>
    <trkpt lat="45.5428745" lon="7.2191677"/>
    <trkpt lat="45.5429087" lon="7.2191131"/>
    <trkpt lat="45.542941" lon="7.2190642"/>
    <trkpt lat="45.5430195" lon="7.2190498"/>
    <trkpt lat="45.5431342" lon="7.2190556"/>
    <trkpt lat="45.5432034" lon="7.219042"/>
    <trkpt lat="45.5432369" lon="7.2190355"/>
    <trkpt lat="45.5433295" lon="7.2190297"/>
    <trkpt lat="45.5434543" lon="7.2190757"/>
    <trkpt lat="45.5435912" lon="7.2190958"/>
    <trkpt lat="45.5436838" lon="7.2191303"/>
    <trkpt lat="45.5438107" lon="7.2191275"/>
    <trkpt lat="45.5439295" lon="7.2191102"/>
    <trkpt lat="45.544012" lon="7.2191303"/>
    <trkpt lat="45.5440744" lon="7.2190786"/>
    <trkpt lat="45.5441207" lon="7.2190211"/>
    <trkpt lat="45.5441871" lon="7.2189924"/>
    <trkpt lat="45.5442516" lon="7.2189665"/>
    <trkpt lat="45.5442596" lon="7.2189291"/>
    <trkpt lat="45.5442334" lon="7.2188343"/>
    <trkpt lat="45.5441509" lon="7.2187423"/>
    <trkpt lat="45.5440422" lon="7.218656"/>
    <trkpt lat="45.5439315" lon="7.2185957"/>
    <trkpt lat="45.5438127" lon="7.2185181"/>
    <trkpt lat="45.5437301" lon="7.2184634"/>
    <trkpt lat="45.5436134" lon="7.2183858"/>
    <trkpt lat="45.5435665" lon="7.2183364"/>
    <trkpt lat="45.5435098" lon="7.2183235"/>
    <trkpt lat="45.543408" lon="7.2182867"/>
    <trkpt lat="45.5433603" lon="7.218261"/>
    <trkpt lat="45.5433139" lon="7.2182371"/>
    <trkpt lat="45.5432804" lon="7.2182297"/>
    <trkpt lat="45.5432353" lon="7.218204"/>
    <trkpt lat="45.5432083" lon="7.2181764"/>
    <trkpt lat="45.543225" lon="7.2181396"/>
    <trkpt lat="45.5432431" lon="7.2180844"/>
    <trkpt lat="45.5432779" lon="7.2180145"/>
    <trkpt lat="45.543292" lon="7.2179777"/>
    <trkpt lat="45.5432959" lon="7.217939"/>
    <trkpt lat="45.5432933" lon="7.2178949"/>
    <trkpt lat="45.5432804" lon="7.2178415"/>
    <trkpt lat="45.5432405" lon="7.2178139"/>
    <trkpt lat="45.5432031" lon="7.2178195"/>
    <trkpt lat="45.5431464" lon="7.2178047"/>
    <trkpt lat="45.5430691" lon="7.2177496"/>
    <trkpt lat="45.5430047" lon="7.2177201"/>
    <trkpt lat="45.5429428" lon="7.217744"/>
    <trkpt lat="45.5428874" lon="7.2177588"/>
    <trkpt lat="45.5428411" lon="7.2177864"/>
    <trkpt lat="45.5428256" lon="7.2177606"/>
    <trkpt lat="45.5428308" lon="7.2177256"/>
    <trkpt lat="45.5428862" lon="7.2176723"/>
    <trkpt lat="45.5429145" lon="7.2176189"/>
    <trkpt lat="45.5429338" lon="7.2175785"/>
    <trkpt lat="45.542957" lon="7.2175527"/>
    <trkpt lat="45.5429699" lon="7.2174938"/>
    <trkpt lat="45.5429325" lon="7.2174589"/>
    <trkpt lat="45.5428913" lon="7.2174754"/>
    <trkpt lat="45.5428398" lon="7.2174938"/>
    <trkpt lat="45.5427998" lon="7.2175159"/>
    <trkpt lat="45.5427599" lon="7.2175582"/>
    <trkpt lat="45.5427109" lon="7.2175932"/>
    <trkpt lat="45.5426632" lon="7.2176097"/>
    <trkpt lat="45.5426478" lon="7.2175785"/>
    <trkpt lat="45.54268" lon="7.2175306"/>
    <trkpt lat="45.5427277" lon="7.2175122"/>
    <trkpt lat="45.5427638" lon="7.2174736"/>
    <trkpt lat="45.5427689" lon="7.2174295"/>
    <trkpt lat="45.5427547" lon="7.2174019"/>
    <trkpt lat="45.5427019" lon="7.2173669"/>
    <trkpt lat="45.5426517" lon="7.2173356"/>
    <trkpt lat="45.5426104" lon="7.2173246"/>
    <trkpt lat="45.5425537" lon="7.2173154"/>
    <trkpt lat="45.5425009" lon="7.2173154"/>
    <trkpt lat="45.5424829" lon="7.2173301"/>
    <trkpt lat="45.5424313" lon="7.2173669"/>
    <trkpt lat="45.5423914" lon="7.2174"/>
    <trkpt lat="45.5423695" lon="7.2174423"/>
    <trkpt lat="45.5423476" lon="7.2174681"/>
    <trkpt lat="45.5422935" lon="7.2174754"/>
    <trkpt lat="45.5422574" lon="7.2174957"/>
    <trkpt lat="45.5421917" lon="7.2174754"/>
    <trkpt lat="45.5421182" lon="7.2174478"/>
    <trkpt lat="45.5420847" lon="7.2174129"/>
    <trkpt lat="45.5420834" lon="7.2173706"/>
    <trkpt lat="45.5421015" lon="7.2173577"/>
    <trkpt lat="45.5421375" lon="7.2173467"/>
    <trkpt lat="45.5421646" lon="7.2173283"/>
    <trkpt lat="45.5421839" lon="7.2173044"/>
    <trkpt lat="45.5422007" lon="7.2172731"/>
    <trkpt lat="45.5422045" lon="7.2172179"/>
    <trkpt lat="45.5421994" lon="7.2171921"/>
    <trkpt lat="45.5421955" lon="7.2171443"/>
    <trkpt lat="45.5421814" lon="7.2171167"/>
    <trkpt lat="45.5421646" lon="7.2170689"/>
    <trkpt lat="45.5421401" lon="7.2170229"/>
    <trkpt lat="45.5421144" lon="7.2169879"/>
    <trkpt lat="45.5421401" lon="7.2169769"/>
    <trkpt lat="45.5422071" lon="7.216953"/>
    <trkpt lat="45.5422561" lon="7.2169125"/>
    <trkpt lat="45.5422896" lon="7.2168831"/>
    <trkpt lat="45.5423154" lon="7.2168426"/>
    <trkpt lat="45.5423334" lon="7.2168132"/>
    <trkpt lat="45.5423501" lon="7.2167727"/>
    <trkpt lat="45.542336" lon="7.2167469"/>
    <trkpt lat="45.5422947" lon="7.2167028"/>
    <trkpt lat="45.542269" lon="7.2166568"/>
    <trkpt lat="45.5422432" lon="7.2166439"/>
    <trkpt lat="45.5422071" lon="7.2166126"/>
    <trkpt lat="45.5422084" lon="7.2165722"/>
    <trkpt lat="45.5422393" lon="7.2165409"/>
    <trkpt lat="45.5423102" lon="7.2164894"/>
    <trkpt lat="45.5423463" lon="7.2164765"/>
    <trkpt lat="45.5423617" lon="7.2164323"/>
    <trkpt lat="45.5423463" lon="7.2163919"/>
    <trkpt lat="45.5423076" lon="7.2163606"/>
    <trkpt lat="45.5422754" lon="7.2163312"/>
    <trkpt lat="45.5422819" lon="7.2163072"/>
    <trkpt lat="45.5422986" lon="7.2162576"/>
    <trkpt lat="45.5422986" lon="7.2161729"/>
    <trkpt lat="45.5422715" lon="7.2161564"/>
    <trkpt lat="45.5422316" lon="7.216149"/>
    <trkpt lat="45.5421955" lon="7.2161509"/>
    <trkpt lat="45.5421698" lon="7.2161233"/>
    <trkpt lat="45.5421736" lon="7.2160883"/>
    <trkpt lat="45.5421878" lon="7.2160497"/>
    <trkpt lat="45.5422265" lon="7.2160055"/>
    <trkpt lat="45.5422728" lon="7.2159908"/>
    <trkpt lat="45.5423192" lon="7.2160258"/>
    <trkpt lat="45.5423192" lon="7.2159798"/>
    <trkpt lat="45.5423115" lon="7.2159375"/>
    <trkpt lat="45.5423115" lon="7.2158804"/>
    <trkpt lat="45.5423192" lon="7.2158583"/>
    <trkpt lat="45.5423463" lon="7.2158583"/>
    <trkpt lat="45.5423656" lon="7.2158455"/>
    <trkpt lat="45.5423656" lon="7.2158087"/>
    <trkpt lat="45.5423463" lon="7.2157829"/>
    <trkpt lat="45.5423489" lon="7.2157498"/>
    <trkpt lat="45.5423836" lon="7.2157608"/>
    <trkpt lat="45.5424184" lon="7.215759"/>
    <trkpt lat="45.5424519" lon="7.2157645"/>
    <trkpt lat="45.5424816" lon="7.2157811"/>
    <trkpt lat="45.5425344" lon="7.2157884"/>
    <trkpt lat="45.542546" lon="7.215759"/>
    <trkpt lat="45.5425447" lon="7.2157149"/>
    <trkpt lat="45.5425305" lon="7.2156891"/>
    <trkpt lat="45.5424906" lon="7.215656"/>
    <trkpt lat="45.5424687" lon="7.2156394"/>
    <trkpt lat="45.5424674" lon="7.2156118"/>
    <trkpt lat="45.5424945" lon="7.2156192"/>
    <trkpt lat="45.5425383" lon="7.2156284"/>
    <trkpt lat="45.5425795" lon="7.2156265"/>
    <trkpt lat="45.5426182" lon="7.215621"/>
    <trkpt lat="45.5426478" lon="7.215599"/>
    <trkpt lat="45.5426517" lon="7.215564"/>
    <trkpt lat="45.5426336" lon="7.2155364"/>
    <trkpt lat="45.5426014" lon="7.2155125"/>
    <trkpt lat="45.5425834" lon="7.2155033"/>
    <trkpt lat="45.5425769" lon="7.2154702"/>
    <trkpt lat="45.5425847" lon="7.2154463"/>
    <trkpt lat="45.5426091" lon="7.2154389"/>
    <trkpt lat="45.5426349" lon="7.2154315"/>
    <trkpt lat="45.5426581" lon="7.2154205"/>
    <trkpt lat="45.5426594" lon="7.2153929"/>
    <trkpt lat="45.5426491" lon="7.2153727"/>
    <trkpt lat="45.5426233" lon="7.2153506"/>
    <trkpt lat="45.5425847" lon="7.2153267"/>
    <trkpt lat="45.5425576" lon="7.2153064"/>
    <trkpt lat="45.5425215" lon="7.215277"/>
    <trkpt lat="45.5424854" lon="7.2152402"/>
    <trkpt lat="45.5424506" lon="7.2152053"/>
    <trkpt lat="45.542412" lon="7.2151648"/>
    <trkpt lat="45.5423914" lon="7.2151261"/>
    <trkpt lat="45.54243" lon="7.2151298"/>
    <trkpt lat="45.5424867" lon="7.2151537"/>
    <trkpt lat="45.5425447" lon="7.2151777"/>
    <trkpt lat="45.5426001" lon="7.2151979"/>
    <trkpt lat="45.5426632" lon="7.2151979"/>
    <trkpt lat="45.54268" lon="7.2151758"/>
    <trkpt lat="45.5426864" lon="7.2151464"/>
    <trkpt lat="45.5426967" lon="7.2150986"/>
    <trkpt lat="45.5426542" lon="7.2150728"/>
    <trkpt lat="45.542622" lon="7.2150544"/>
    <trkpt lat="45.5426078" lon="7.2150305"/>
    <trkpt lat="45.5426388" lon="7.2150213"/>
    <trkpt lat="45.5426813" lon="7.2149955"/>
    <trkpt lat="45.5427225" lon="7.21499"/>
    <trkpt lat="45.5427277" lon="7.2149311"/>
    <trkpt lat="45.5427045" lon="7.2149017"/>
    <trkpt lat="45.5426413" lon="7.2148576"/>
    <trkpt lat="45.5426774" lon="7.214852"/>
    <trkpt lat="45.5427418" lon="7.214841"/>
    <trkpt lat="45.5427934" lon="7.2148134"/>
    <trkpt lat="45.5428436" lon="7.2147637"/>
    <trkpt lat="45.5428784" lon="7.2147177"/>
    <trkpt lat="45.5429055" lon="7.2146405"/>
    <trkpt lat="45.5428939" lon="7.2145945"/>
    <trkpt lat="45.5428552" lon="7.2145816"/>
    <trkpt lat="45.542823" lon="7.214589"/>
    <trkpt lat="45.5427689" lon="7.2146147"/>
    <trkpt lat="45.5427096" lon="7.2146294"/>
    <trkpt lat="45.542662" lon="7.2146129"/>
    <trkpt lat="45.5426027" lon="7.2145945"/>
    <trkpt lat="45.5425512" lon="7.214589"/>
    <trkpt lat="45.5425048" lon="7.2145595"/>
    <trkpt lat="45.5424687" lon="7.2145172"/>
    <trkpt lat="45.5424481" lon="7.2144859"/>
    <trkpt lat="45.5424777" lon="7.2144565"/>
    <trkpt lat="45.5425447" lon="7.2144363"/>
    <trkpt lat="45.5425911" lon="7.2144215"/>
    <trkpt lat="45.5426349" lon="7.214394"/>
    <trkpt lat="45.5426517" lon="7.2143498"/>
    <trkpt lat="45.5426285" lon="7.2143369"/>
    <trkpt lat="45.5425834" lon="7.2143277"/>
    <trkpt lat="45.5425292" lon="7.2142964"/>
    <trkpt lat="45.5424854" lon="7.2142578"/>
    <trkpt lat="45.542459" lon="7.2142284"/>
    <trkpt lat="45.5424832" lon="7.2141495"/>
    <trkpt lat="45.5425142" lon="7.2141051"/>
    <trkpt lat="45.5425391" lon="7.2140801"/>
    <trkpt lat="45.5424972" lon="7.2140636"/>
    <trkpt lat="45.5424791" lon="7.2140556"/>
    <trkpt lat="45.5425541" lon="7.2140067"/>
    <trkpt lat="45.5426244" lon="7.2139737"/>
    <trkpt lat="45.5426967" lon="7.2139782"/>
    <trkpt lat="45.5427352" lon="7.2139449"/>
    <trkpt lat="45.5428308" lon="7.2139156"/>
    <trkpt lat="45.5428746" lon="7.2138917"/>
    <trkpt lat="45.5429454" lon="7.2138715"/>
    <trkpt lat="45.5429957" lon="7.2138273"/>
    <trkpt lat="45.543073" lon="7.213728"/>
    <trkpt lat="45.5431696" lon="7.2136415"/>
    <trkpt lat="45.5432508" lon="7.2135679"/>
    <trkpt lat="45.5433101" lon="7.213533"/>
    <trkpt lat="45.5433717" lon="7.2135497"/>
    <trkpt lat="45.543436" lon="7.2135471"/>
    <trkpt lat="45.5434904" lon="7.2135336"/>
    <trkpt lat="45.5435422" lon="7.2134808"/>
    <trkpt lat="45.5435813" lon="7.2134399"/>
    <trkpt lat="45.5436146" lon="7.2133827"/>
    <trkpt lat="45.5436529" lon="7.2133494"/>
    <trkpt lat="45.5436894" lon="7.2133375"/>
    <trkpt lat="45.543742" lon="7.2132941"/>
    <trkpt lat="45.5437997" lon="7.2132505"/>
    <trkpt lat="45.5438821" lon="7.2132011"/>
    <trkpt lat="45.5439176" lon="7.2131834"/>
    <trkpt lat="45.543939" lon="7.213194"/>
    <trkpt lat="45.5439695" lon="7.2132058"/>
    <trkpt lat="45.544002" lon="7.213196"/>
    <trkpt lat="45.544133" lon="7.2130891"/>
    <trkpt lat="45.5442512" lon="7.2130422"/>
    <trkpt lat="45.5443868" lon="7.2130184"/>
    <trkpt lat="45.5444978" lon="7.2129394"/>
    <trkpt lat="45.5445483" lon="7.2128761"/>
    <trkpt lat="45.5445901" lon="7.2128389"/>
    <trkpt lat="45.5446089" lon="7.2127958"/>
    <trkpt lat="45.5446398" lon="7.2126138"/>
    <trkpt lat="45.5447" lon="7.21223"/>
  </trkseg></trk></gpx>