<?xml version="1.0" encoding="UTF-8"?>
<gpx version="1.1" creator="GranParadiso-TourDesRefuges"
     xmlns="http://www.topografix.com/GPX/1/1">
  <trk><name>Tour des Refuges de Valsavarenche — Boucle 4 jours</name>
  <desc>Pont→VE2→Savoia→Chabod→Pont · 33.2km · Refuges uniquement · Parco Nazionale Gran Paradiso</desc>
  <trkseg>
    <trkpt lat="45.5124335" lon="7.2295903"/>
    <trkpt lat="45.5125153" lon="7.2293101"/>
    <trkpt lat="45.512578" lon="7.2291652"/>
    <trkpt lat="45.5126747" lon="7.2289417"/>
    <trkpt lat="45.5128081" lon="7.2286969"/>
    <trkpt lat="45.5127974" lon="7.2285235"/>
    <trkpt lat="45.5127266" lon="7.228472"/>
    <trkpt lat="45.5125975" lon="7.2286019"/>
    <trkpt lat="45.512582" lon="7.2285697"/>
    <trkpt lat="45.512577" lon="7.2285195"/>
    <trkpt lat="45.5125578" lon="7.2284449"/>
    <trkpt lat="45.5125206" lon="7.2283631"/>
    <trkpt lat="45.5124895" lon="7.2283243"/>
    <trkpt lat="45.5124378" lon="7.2282692"/>
    <trkpt lat="45.5124202" lon="7.2282244"/>
    <trkpt lat="45.5123989" lon="7.2281759"/>
    <trkpt lat="45.5123863" lon="7.2281149"/>
    <trkpt lat="45.5123813" lon="7.2280109"/>
    <trkpt lat="45.512385" lon="7.227932"/>
    <trkpt lat="45.5123901" lon="7.2278512"/>
    <trkpt lat="45.5123838" lon="7.2277866"/>
    <trkpt lat="45.5123649" lon="7.2277131"/>
    <trkpt lat="45.5123536" lon="7.2276324"/>
    <trkpt lat="45.5123473" lon="7.2275785"/>
    <trkpt lat="45.5123322" lon="7.2275211"/>
    <trkpt lat="45.5123297" lon="7.2274566"/>
    <trkpt lat="45.5123561" lon="7.2273902"/>
    <trkpt lat="45.5123989" lon="7.2273041"/>
    <trkpt lat="45.5124265" lon="7.2272359"/>
    <trkpt lat="45.512429" lon="7.2271641"/>
    <trkpt lat="45.512385" lon="7.2271318"/>
    <trkpt lat="45.5123461" lon="7.2271157"/>
    <trkpt lat="45.5123096" lon="7.2270565"/>
    <trkpt lat="45.512297" lon="7.2269883"/>
    <trkpt lat="45.5122996" lon="7.2269399"/>
    <trkpt lat="45.5123172" lon="7.2268825"/>
    <trkpt lat="45.5123461" lon="7.2268341"/>
    <trkpt lat="45.5123775" lon="7.226791"/>
    <trkpt lat="45.512419" lon="7.2267049"/>
    <trkpt lat="45.5124567" lon="7.2266152"/>
    <trkpt lat="45.5124806" lon="7.2265183"/>
    <trkpt lat="45.5124919" lon="7.2264376"/>
    <trkpt lat="45.5124957" lon="7.2263317"/>
    <trkpt lat="45.5124818" lon="7.226251"/>
    <trkpt lat="45.512463" lon="7.2261757"/>
    <trkpt lat="45.5124756" lon="7.2260788"/>
    <trkpt lat="45.5124781" lon="7.2260519"/>
    <trkpt lat="45.5124881" lon="7.2260035"/>
    <trkpt lat="45.5125145" lon="7.2259819"/>
    <trkpt lat="45.5125648" lon="7.2259676"/>
    <trkpt lat="45.5125975" lon="7.225946"/>
    <trkpt lat="45.5126365" lon="7.2258779"/>
    <trkpt lat="45.5126654" lon="7.2258007"/>
    <trkpt lat="45.5126767" lon="7.2257613"/>
    <trkpt lat="45.5126528" lon="7.2257684"/>
    <trkpt lat="45.512634" lon="7.2258079"/>
    <trkpt lat="45.5126025" lon="7.2258169"/>
    <trkpt lat="45.5125736" lon="7.2258241"/>
    <trkpt lat="45.5125648" lon="7.2257846"/>
    <trkpt lat="45.5125925" lon="7.2257272"/>
    <trkpt lat="45.5126402" lon="7.2256698"/>
    <trkpt lat="45.5126893" lon="7.225598"/>
    <trkpt lat="45.5127219" lon="7.225537"/>
    <trkpt lat="45.5127333" lon="7.225476"/>
    <trkpt lat="45.5127659" lon="7.2253917"/>
    <trkpt lat="45.5127999" lon="7.225311"/>
    <trkpt lat="45.5128414" lon="7.225189"/>
    <trkpt lat="45.5128778" lon="7.2251047"/>
    <trkpt lat="45.5129231" lon="7.2249881"/>
    <trkpt lat="45.5129445" lon="7.2248948"/>
    <trkpt lat="45.5129457" lon="7.2247836"/>
    <trkpt lat="45.512957" lon="7.2246777"/>
    <trkpt lat="45.5129721" lon="7.2245826"/>
    <trkpt lat="45.5129996" lon="7.2244836"/>
    <trkpt lat="45.5130159" lon="7.2243526"/>
    <trkpt lat="45.513036" lon="7.2241732"/>
    <trkpt lat="45.5130486" lon="7.2240727"/>
    <trkpt lat="45.5130675" lon="7.2239525"/>
    <trkpt lat="45.5130825" lon="7.2238557"/>
    <trkpt lat="45.5130926" lon="7.2237714"/>
    <trkpt lat="45.5131215" lon="7.2236081"/>
    <trkpt lat="45.5131429" lon="7.2234879"/>
    <trkpt lat="45.5131693" lon="7.2233605"/>
    <trkpt lat="45.5131944" lon="7.223269"/>
    <trkpt lat="45.5132145" lon="7.2231883"/>
    <trkpt lat="45.5132422" lon="7.223104"/>
    <trkpt lat="45.5132749" lon="7.223034"/>
    <trkpt lat="45.5133" lon="7.2229982"/>
    <trkpt lat="45.513339" lon="7.222939"/>
    <trkpt lat="45.5133641" lon="7.2228995"/>
    <trkpt lat="45.5133943" lon="7.2228367"/>
    <trkpt lat="45.5134282" lon="7.2227721"/>
    <trkpt lat="45.5134484" lon="7.2227327"/>
    <trkpt lat="45.5134697" lon="7.2226788"/>
    <trkpt lat="45.5134848" lon="7.222634"/>
    <trkpt lat="45.5135238" lon="7.2225658"/>
    <trkpt lat="45.5135514" lon="7.2225048"/>
    <trkpt lat="45.5135791" lon="7.2224277"/>
    <trkpt lat="45.5136105" lon="7.2223523"/>
    <trkpt lat="45.5136457" lon="7.2222878"/>
    <trkpt lat="45.5136596" lon="7.2222196"/>
    <trkpt lat="45.5136709" lon="7.2221317"/>
    <trkpt lat="45.5136746" lon="7.2220581"/>
    <trkpt lat="45.513691" lon="7.2219666"/>
    <trkpt lat="45.5137161" lon="7.2218698"/>
    <trkpt lat="45.5137274" lon="7.2218124"/>
    <trkpt lat="45.5137463" lon="7.2217603"/>
    <trkpt lat="45.5137727" lon="7.2216904"/>
    <trkpt lat="45.5138041" lon="7.2216258"/>
    <trkpt lat="45.5137865" lon="7.221615"/>
    <trkpt lat="45.5137563" lon="7.2216455"/>
    <trkpt lat="45.5137211" lon="7.2217101"/>
    <trkpt lat="45.5136872" lon="7.2217657"/>
    <trkpt lat="45.5136621" lon="7.2218285"/>
    <trkpt lat="45.5136332" lon="7.2218769"/>
    <trkpt lat="45.5135929" lon="7.2219469"/>
    <trkpt lat="45.5135527" lon="7.2220079"/>
    <trkpt lat="45.5135125" lon="7.222051"/>
    <trkpt lat="45.5135087" lon="7.2220294"/>
    <trkpt lat="45.5135162" lon="7.2219666"/>
    <trkpt lat="45.5135338" lon="7.2219343"/>
    <trkpt lat="45.5135502" lon="7.2218913"/>
    <trkpt lat="45.513564" lon="7.2218303"/>
    <trkpt lat="45.5135866" lon="7.2217442"/>
    <trkpt lat="45.5135992" lon="7.2216599"/>
    <trkpt lat="45.5136281" lon="7.221572"/>
    <trkpt lat="45.5136495" lon="7.2214966"/>
    <trkpt lat="45.5136646" lon="7.2214356"/>
    <trkpt lat="45.5136482" lon="7.221432"/>
    <trkpt lat="45.5136218" lon="7.221441"/>
    <trkpt lat="45.5135866" lon="7.2214715"/>
    <trkpt lat="45.5135477" lon="7.2215092"/>
    <trkpt lat="45.5135087" lon="7.2215594"/>
    <trkpt lat="45.5134735" lon="7.2216007"/>
    <trkpt lat="45.5134295" lon="7.2216222"/>
    <trkpt lat="45.513427" lon="7.2215881"/>
    <trkpt lat="45.5134345" lon="7.2215253"/>
    <trkpt lat="45.5134446" lon="7.2214554"/>
    <trkpt lat="45.513466" lon="7.2213334"/>
    <trkpt lat="45.513476" lon="7.2212383"/>
    <trkpt lat="45.5135049" lon="7.2211594"/>
    <trkpt lat="45.5135439" lon="7.221084"/>
    <trkpt lat="45.5135728" lon="7.2210051"/>
    <trkpt lat="45.5135841" lon="7.2209333"/>
    <trkpt lat="45.5135338" lon="7.2209566"/>
    <trkpt lat="45.5134949" lon="7.2209764"/>
    <trkpt lat="45.5134421" lon="7.2210248"/>
    <trkpt lat="45.513393" lon="7.2210661"/>
    <trkpt lat="45.5133465" lon="7.2210966"/>
    <trkpt lat="45.5133553" lon="7.2210517"/>
    <trkpt lat="45.5133679" lon="7.2209818"/>
    <trkpt lat="45.5133968" lon="7.2209028"/>
    <trkpt lat="45.5134257" lon="7.2208077"/>
    <trkpt lat="45.5134471" lon="7.2207485"/>
    <trkpt lat="45.5134735" lon="7.2207127"/>
    <trkpt lat="45.5135137" lon="7.2206642"/>
    <trkpt lat="45.513569" lon="7.2206176"/>
    <trkpt lat="45.5135917" lon="7.2205835"/>
    <trkpt lat="45.513608" lon="7.2204777"/>
    <trkpt lat="45.5136168" lon="7.2204095"/>
    <trkpt lat="45.5136382" lon="7.2203521"/>
    <trkpt lat="45.5136482" lon="7.2202534"/>
    <trkpt lat="45.5136596" lon="7.2201494"/>
    <trkpt lat="45.513652" lon="7.2200525"/>
    <trkpt lat="45.5136294" lon="7.2199951"/>
    <trkpt lat="45.5136055" lon="7.2199484"/>
    <trkpt lat="45.513598" lon="7.219891"/>
    <trkpt lat="45.5135929" lon="7.2198247"/>
    <trkpt lat="45.5135816" lon="7.2197278"/>
    <trkpt lat="45.513564" lon="7.2196094"/>
    <trkpt lat="45.5135577" lon="7.2195143"/>
    <trkpt lat="45.5135577" lon="7.2194425"/>
    <trkpt lat="45.5135615" lon="7.2193546"/>
    <trkpt lat="45.5135577" lon="7.2192632"/>
    <trkpt lat="45.513559" lon="7.2191932"/>
    <trkpt lat="45.5135628" lon="7.2191107"/>
    <trkpt lat="45.513569" lon="7.2189994"/>
    <trkpt lat="45.5135426" lon="7.2190407"/>
    <trkpt lat="45.5135225" lon="7.2190999"/>
    <trkpt lat="45.5134848" lon="7.2191699"/>
    <trkpt lat="45.5134496" lon="7.2192632"/>
    <trkpt lat="45.5134245" lon="7.2193313"/>
    <trkpt lat="45.5133893" lon="7.21943"/>
    <trkpt lat="45.5133566" lon="7.2195305"/>
    <trkpt lat="45.5133189" lon="7.2196273"/>
    <trkpt lat="45.5132837" lon="7.2196901"/>
    <trkpt lat="45.5132598" lon="7.2197403"/>
    <trkpt lat="45.5132095" lon="7.2197547"/>
    <trkpt lat="45.5131831" lon="7.2197385"/>
    <trkpt lat="45.5131969" lon="7.2196829"/>
    <trkpt lat="45.5132208" lon="7.2196273"/>
    <trkpt lat="45.5132233" lon="7.2195484"/>
    <trkpt lat="45.5132183" lon="7.2194892"/>
    <trkpt lat="45.5132183" lon="7.2194138"/>
    <trkpt lat="45.5132246" lon="7.2193277"/>
    <trkpt lat="45.5132284" lon="7.2192416"/>
    <trkpt lat="45.5132384" lon="7.2191627"/>
    <trkpt lat="45.51329" lon="7.2189833"/>
    <trkpt lat="45.5133227" lon="7.21889"/>
    <trkpt lat="45.5133729" lon="7.2187913"/>
    <trkpt lat="45.5134157" lon="7.218664"/>
    <trkpt lat="45.5134433" lon="7.218603"/>
    <trkpt lat="45.5134634" lon="7.2185635"/>
    <trkpt lat="45.5134949" lon="7.2184971"/>
    <trkpt lat="45.5135288" lon="7.2183985"/>
    <trkpt lat="45.5135602" lon="7.2183142"/>
    <trkpt lat="45.5135854" lon="7.2182406"/>
    <trkpt lat="45.5136156" lon="7.2181742"/>
    <trkpt lat="45.513657" lon="7.2181007"/>
    <trkpt lat="45.5136973" lon="7.2180451"/>
    <trkpt lat="45.5137551" lon="7.2179464"/>
    <trkpt lat="45.5137991" lon="7.2178782"/>
    <trkpt lat="45.5138406" lon="7.2178065"/>
    <trkpt lat="45.5138909" lon="7.2177329"/>
    <trkpt lat="45.5139336" lon="7.2176594"/>
    <trkpt lat="45.5139713" lon="7.2176217"/>
    <trkpt lat="45.5140053" lon="7.217584"/>
    <trkpt lat="45.5139575" lon="7.217575"/>
    <trkpt lat="45.5139261" lon="7.2175894"/>
    <trkpt lat="45.5138946" lon="7.2176217"/>
    <trkpt lat="45.5138456" lon="7.217654"/>
    <trkpt lat="45.5138117" lon="7.2176845"/>
    <trkpt lat="45.5137727" lon="7.2177114"/>
    <trkpt lat="45.5137211" lon="7.2177401"/>
    <trkpt lat="45.5136759" lon="7.2177688"/>
    <trkpt lat="45.5136357" lon="7.2178154"/>
    <trkpt lat="45.5135942" lon="7.2178693"/>
    <trkpt lat="45.513559" lon="7.2179177"/>
    <trkpt lat="45.5135049" lon="7.2179715"/>
    <trkpt lat="45.5134383" lon="7.2180451"/>
    <trkpt lat="45.5134144" lon="7.2180971"/>
    <trkpt lat="45.5133503" lon="7.218115"/>
    <trkpt lat="45.5133088" lon="7.218194"/>
    <trkpt lat="45.5132686" lon="7.2182334"/>
    <trkpt lat="45.5132749" lon="7.2181742"/>
    <trkpt lat="45.5132975" lon="7.2180827"/>
    <trkpt lat="45.5133151" lon="7.2180199"/>
    <trkpt lat="45.513344" lon="7.2179518"/>
    <trkpt lat="45.5133641" lon="7.21788"/>
    <trkpt lat="45.5134169" lon="7.2177293"/>
    <trkpt lat="45.5134458" lon="7.2176217"/>
    <trkpt lat="45.5134898" lon="7.2175248"/>
    <trkpt lat="45.5135213" lon="7.2174692"/>
    <trkpt lat="45.5135527" lon="7.2173939"/>
    <trkpt lat="45.5135904" lon="7.2173077"/>
    <trkpt lat="45.5136244" lon="7.2172611"/>
    <trkpt lat="45.5136608" lon="7.2172091"/>
    <trkpt lat="45.5136621" lon="7.2171391"/>
    <trkpt lat="45.5136885" lon="7.2170099"/>
    <trkpt lat="45.5137224" lon="7.2169005"/>
    <trkpt lat="45.5137614" lon="7.2168018"/>
    <trkpt lat="45.5137991" lon="7.2167355"/>
    <trkpt lat="45.5138745" lon="7.2166368"/>
    <trkpt lat="45.5139311" lon="7.2165776"/>
    <trkpt lat="45.5139235" lon="7.2165471"/>
    <trkpt lat="45.513877" lon="7.2165561"/>
    <trkpt lat="45.5138255" lon="7.2165633"/>
    <trkpt lat="45.5137752" lon="7.2165722"/>
    <trkpt lat="45.5137237" lon="7.2165991"/>
    <trkpt lat="45.5136357" lon="7.2166278"/>
    <trkpt lat="45.5135791" lon="7.2166386"/>
    <trkpt lat="45.5135313" lon="7.2166781"/>
    <trkpt lat="45.5134559" lon="7.2167283"/>
    <trkpt lat="45.5134345" lon="7.2166888"/>
    <trkpt lat="45.5134106" lon="7.2166189"/>
    <trkpt lat="45.5134157" lon="7.2165345"/>
    <trkpt lat="45.5134396" lon="7.2164449"/>
    <trkpt lat="45.513471" lon="7.2163713"/>
    <trkpt lat="45.513515" lon="7.2163103"/>
    <trkpt lat="45.5136093" lon="7.2161955"/>
    <trkpt lat="45.5136985" lon="7.2161417"/>
    <trkpt lat="45.5137551" lon="7.2161022"/>
    <trkpt lat="45.5138205" lon="7.216052"/>
    <trkpt lat="45.513872" lon="7.2159964"/>
    <trkpt lat="45.5139198" lon="7.2159443"/>
    <trkpt lat="45.5139537" lon="7.2158564"/>
    <trkpt lat="45.5139826" lon="7.2157793"/>
    <trkpt lat="45.5140216" lon="7.2156627"/>
    <trkpt lat="45.5140782" lon="7.2155533"/>
    <trkpt lat="45.5141071" lon="7.2154582"/>
    <trkpt lat="45.5141548" lon="7.2153541"/>
    <trkpt lat="45.5142089" lon="7.2153649"/>
    <trkpt lat="45.5142164" lon="7.2153254"/>
    <trkpt lat="45.5141875" lon="7.2152806"/>
    <trkpt lat="45.5141574" lon="7.2152106"/>
    <trkpt lat="45.5141008" lon="7.2151424"/>
    <trkpt lat="45.5140454" lon="7.2150034"/>
    <trkpt lat="45.514035" lon="7.2149437"/>
    <trkpt lat="45.5139658" lon="7.2148381"/>
    <trkpt lat="45.5140728" lon="7.2148473"/>
    <trkpt lat="45.5140993" lon="7.2148404"/>
    <trkpt lat="45.5141171" lon="7.2147947"/>
    <trkpt lat="45.5141313" lon="7.2146893"/>
    <trkpt lat="45.5141753" lon="7.2146781"/>
    <trkpt lat="45.5142303" lon="7.2147207"/>
    <trkpt lat="45.514279" lon="7.2147835"/>
    <trkpt lat="45.5142743" lon="7.2146826"/>
    <trkpt lat="45.5142271" lon="7.2145099"/>
    <trkpt lat="45.5142098" lon="7.2143866"/>
    <trkpt lat="45.5141674" lon="7.2141646"/>
    <trkpt lat="45.514092" lon="7.2138843"/>
    <trkpt lat="45.5140417" lon="7.2137363"/>
    <trkpt lat="45.5139977" lon="7.2136466"/>
    <trkpt lat="45.5139348" lon="7.2136174"/>
    <trkpt lat="45.5138987" lon="7.2136197"/>
    <trkpt lat="45.5139144" lon="7.2135412"/>
    <trkpt lat="45.513949" lon="7.2134829"/>
    <trkpt lat="45.513982" lon="7.2134649"/>
    <trkpt lat="45.5142538" lon="7.2135681"/>
    <trkpt lat="45.514301" lon="7.2135658"/>
    <trkpt lat="45.5142963" lon="7.2135412"/>
    <trkpt lat="45.514136" lon="7.2133595"/>
    <trkpt lat="45.5140888" lon="7.2132833"/>
    <trkpt lat="45.5140087" lon="7.2131846"/>
    <trkpt lat="45.51407" lon="7.2131779"/>
    <trkpt lat="45.5141721" lon="7.2131981"/>
    <trkpt lat="45.5142963" lon="7.2131891"/>
    <trkpt lat="45.5143355" lon="7.2132026"/>
    <trkpt lat="45.5143308" lon="7.2131779"/>
    <trkpt lat="45.5142633" lon="7.2130703"/>
    <trkpt lat="45.514191" lon="7.2130052"/>
    <trkpt lat="45.51407" lon="7.2129268"/>
    <trkpt lat="45.5139223" lon="7.2128438"/>
    <trkpt lat="45.5139568" lon="7.2127967"/>
    <trkpt lat="45.5140087" lon="7.2128079"/>
    <trkpt lat="45.5141485" lon="7.212772"/>
    <trkpt lat="45.5141957" lon="7.2127788"/>
    <trkpt lat="45.5142915" lon="7.2127317"/>
    <trkpt lat="45.5143811" lon="7.2127272"/>
    <trkpt lat="45.5143701" lon="7.212707"/>
    <trkpt lat="45.5143198" lon="7.2126734"/>
    <trkpt lat="45.5141831" lon="7.2126038"/>
    <trkpt lat="45.5140464" lon="7.212568"/>
    <trkpt lat="45.5140071" lon="7.2125298"/>
    <trkpt lat="45.5139537" lon="7.2124962"/>
    <trkpt lat="45.5139191" lon="7.2124648"/>
    <trkpt lat="45.5138704" lon="7.2124334"/>
    <trkpt lat="45.5138233" lon="7.2124222"/>
    <trkpt lat="45.5138296" lon="7.2123953"/>
    <trkpt lat="45.5138704" lon="7.2123684"/>
    <trkpt lat="45.5139207" lon="7.2123751"/>
    <trkpt lat="45.5139757" lon="7.2124043"/>
    <trkpt lat="45.5140354" lon="7.21242"/>
    <trkpt lat="45.5140888" lon="7.2124267"/>
    <trkpt lat="45.5141454" lon="7.2124043"/>
    <trkpt lat="45.514081" lon="7.2123617"/>
    <trkpt lat="45.5140024" lon="7.2122854"/>
    <trkpt lat="45.5139254" lon="7.2121912"/>
    <trkpt lat="45.5138987" lon="7.2121284"/>
    <trkpt lat="45.513861" lon="7.2120881"/>
    <trkpt lat="45.5138248" lon="7.2120612"/>
    <trkpt lat="45.5137761" lon="7.2120477"/>
    <trkpt lat="45.5137259" lon="7.2120455"/>
    <trkpt lat="45.5136787" lon="7.2120567"/>
    <trkpt lat="45.5136441" lon="7.2120275"/>
    <trkpt lat="45.5136253" lon="7.2119894"/>
    <trkpt lat="45.5136379" lon="7.2119266"/>
    <trkpt lat="45.5136599" lon="7.211884"/>
    <trkpt lat="45.5137526" lon="7.211875"/>
    <trkpt lat="45.5138138" lon="7.2118863"/>
    <trkpt lat="45.5138783" lon="7.2118863"/>
    <trkpt lat="45.5139961" lon="7.211875"/>
    <trkpt lat="45.5141328" lon="7.2119334"/>
    <trkpt lat="45.5141485" lon="7.2119132"/>
    <trkpt lat="45.514081" lon="7.21181"/>
    <trkpt lat="45.5139286" lon="7.2116934"/>
    <trkpt lat="45.5138798" lon="7.211671"/>
    <trkpt lat="45.5138343" lon="7.2116351"/>
    <trkpt lat="45.5137808" lon="7.2116172"/>
    <trkpt lat="45.5136284" lon="7.2114467"/>
    <trkpt lat="45.5135923" lon="7.211458"/>
    <trkpt lat="45.5135719" lon="7.211431"/>
    <trkpt lat="45.5135954" lon="7.211384"/>
    <trkpt lat="45.5136567" lon="7.211357"/>
    <trkpt lat="45.5137023" lon="7.2113593"/>
    <trkpt lat="45.5138358" lon="7.2114243"/>
    <trkpt lat="45.5139003" lon="7.2114243"/>
    <trkpt lat="45.5140087" lon="7.2113907"/>
    <trkpt lat="45.5141313" lon="7.211384"/>
    <trkpt lat="45.5142758" lon="7.2114378"/>
    <trkpt lat="45.514385" lon="7.2115465"/>
    <trkpt lat="45.514411" lon="7.2115723"/>
    <trkpt lat="45.5145744" lon="7.2115925"/>
    <trkpt lat="45.514554" lon="7.2115544"/>
    <trkpt lat="45.5144832" lon="7.2114916"/>
    <trkpt lat="45.514466" lon="7.211449"/>
    <trkpt lat="45.5144157" lon="7.2113705"/>
    <trkpt lat="45.5143418" lon="7.2112875"/>
    <trkpt lat="45.5142365" lon="7.2111306"/>
    <trkpt lat="45.5141784" lon="7.2110655"/>
    <trkpt lat="45.5141313" lon="7.2110296"/>
    <trkpt lat="45.5140291" lon="7.210987"/>
    <trkpt lat="45.514026" lon="7.2109512"/>
    <trkpt lat="45.5140888" lon="7.2108951"/>
    <trkpt lat="45.5142057" lon="7.2108561"/>
    <trkpt lat="45.5143805" lon="7.2108333"/>
    <trkpt lat="45.5144336" lon="7.2108521"/>
    <trkpt lat="45.5144994" lon="7.2108883"/>
    <trkpt lat="45.5146196" lon="7.2110016"/>
    <trkpt lat="45.5146516" lon="7.2110257"/>
    <trkpt lat="45.5146638" lon="7.211013"/>
    <trkpt lat="45.5146511" lon="7.2109949"/>
    <trkpt lat="45.5146149" lon="7.2109164"/>
    <trkpt lat="45.5145792" lon="7.2107629"/>
    <trkpt lat="45.5145802" lon="7.2106536"/>
    <trkpt lat="45.5145839" lon="7.2106435"/>
    <trkpt lat="45.5146051" lon="7.2106522"/>
    <trkpt lat="45.5146915" lon="7.2108453"/>
    <trkpt lat="45.5148367" lon="7.2110475"/>
    <trkpt lat="45.5151021" lon="7.2110409"/>
    <trkpt lat="45.515179" lon="7.2110214"/>
    <trkpt lat="45.5152394" lon="7.21099"/>
    <trkpt lat="45.5151543" lon="7.2108646"/>
    <trkpt lat="45.5152229" lon="7.210845"/>
    <trkpt lat="45.5153795" lon="7.2109195"/>
    <trkpt lat="45.5154289" lon="7.2109116"/>
    <trkpt lat="45.5154152" lon="7.210845"/>
    <trkpt lat="45.5153191" lon="7.2107862"/>
    <trkpt lat="45.5152696" lon="7.210747"/>
    <trkpt lat="45.5152641" lon="7.2107078"/>
    <trkpt lat="45.5152229" lon="7.210602"/>
    <trkpt lat="45.5151433" lon="7.2105864"/>
    <trkpt lat="45.5150252" lon="7.2105041"/>
    <trkpt lat="45.5149648" lon="7.2103591"/>
    <trkpt lat="45.5149157" lon="7.2102725"/>
    <trkpt lat="45.5148808" lon="7.2101761"/>
    <trkpt lat="45.5148901" lon="7.210113"/>
    <trkpt lat="45.5149413" lon="7.2100067"/>
    <trkpt lat="45.5149785" lon="7.2099104"/>
    <trkpt lat="45.5149948" lon="7.2097908"/>
    <trkpt lat="45.5149646" lon="7.2097377"/>
    <trkpt lat="45.51479" lon="7.2096846"/>
    <trkpt lat="45.5146923" lon="7.2096945"/>
    <trkpt lat="45.5146201" lon="7.2097111"/>
    <trkpt lat="45.514548" lon="7.2096547"/>
    <trkpt lat="45.514534" lon="7.2096248"/>
    <trkpt lat="45.5145829" lon="7.2095218"/>
    <trkpt lat="45.5146108" lon="7.2094786"/>
    <trkpt lat="45.5145224" lon="7.2094255"/>
    <trkpt lat="45.5145177" lon="7.2093856"/>
    <trkpt lat="45.5145619" lon="7.2093159"/>
    <trkpt lat="45.5146364" lon="7.209276"/>
    <trkpt lat="45.5146969" lon="7.2092229"/>
    <trkpt lat="45.5146201" lon="7.209193"/>
    <trkpt lat="45.514683" lon="7.2091232"/>
    <trkpt lat="45.5146062" lon="7.2091166"/>
    <trkpt lat="45.5146062" lon="7.2090767"/>
    <trkpt lat="45.5146969" lon="7.2090136"/>
    <trkpt lat="45.5146178" lon="7.2089837"/>
    <trkpt lat="45.5145363" lon="7.2090003"/>
    <trkpt lat="45.5144805" lon="7.2089904"/>
    <trkpt lat="45.5144432" lon="7.2089571"/>
    <trkpt lat="45.5144525" lon="7.2089206"/>
    <trkpt lat="45.5144944" lon="7.2088641"/>
    <trkpt lat="45.514541" lon="7.2088442"/>
    <trkpt lat="45.5145619" lon="7.2087944"/>
    <trkpt lat="45.5145061" lon="7.2087678"/>
    <trkpt lat="45.5143036" lon="7.2087579"/>
    <trkpt lat="45.5141732" lon="7.2087346"/>
    <trkpt lat="45.5140801" lon="7.2087313"/>
    <trkpt lat="45.5140499" lon="7.2086881"/>
    <trkpt lat="45.5140918" lon="7.2086316"/>
    <trkpt lat="45.5142314" lon="7.2085253"/>
    <trkpt lat="45.5144479" lon="7.2084058"/>
    <trkpt lat="45.514527" lon="7.2083526"/>
    <trkpt lat="45.5147109" lon="7.2082729"/>
    <trkpt lat="45.5147737" lon="7.2082297"/>
    <trkpt lat="45.5148017" lon="7.2081666"/>
    <trkpt lat="45.5148831" lon="7.2080703"/>
    <trkpt lat="45.5147668" lon="7.2080172"/>
    <trkpt lat="45.5147076" lon="7.2079985"/>
    <trkpt lat="45.5146727" lon="7.2079876"/>
    <trkpt lat="45.5146085" lon="7.2079673"/>
    <trkpt lat="45.5143967" lon="7.2079208"/>
    <trkpt lat="45.5143199" lon="7.2079208"/>
    <trkpt lat="45.5142524" lon="7.2078345"/>
    <trkpt lat="45.5141616" lon="7.207788"/>
    <trkpt lat="45.5140871" lon="7.2077647"/>
    <trkpt lat="45.513994" lon="7.207778"/>
    <trkpt lat="45.5139513" lon="7.2077581"/>
    <trkpt lat="45.5139306" lon="7.2076709"/>
    <trkpt lat="45.5140105" lon="7.207506"/>
    <trkpt lat="45.5141214" lon="7.2074228"/>
    <trkpt lat="45.5141674" lon="7.2073196"/>
    <trkpt lat="45.5142501" lon="7.2072646"/>
    <trkpt lat="45.5143516" lon="7.2072539"/>
    <trkpt lat="45.5144475" lon="7.2072016"/>
    <trkpt lat="45.5146539" lon="7.206959"/>
    <trkpt lat="45.5147174" lon="7.2068523"/>
    <trkpt lat="45.514757" lon="7.2067885"/>
    <trkpt lat="45.5148967" lon="7.2066101"/>
    <trkpt lat="45.5149615" lon="7.2064935"/>
    <trkpt lat="45.5150132" lon="7.2063634"/>
    <trkpt lat="45.5150527" lon="7.2062547"/>
    <trkpt lat="45.5150649" lon="7.2061635"/>
    <trkpt lat="45.5150621" lon="7.2060683"/>
    <trkpt lat="45.515079" lon="7.2060093"/>
    <trkpt lat="45.5151081" lon="7.2059637"/>
    <trkpt lat="45.5151523" lon="7.2059329"/>
    <trkpt lat="45.515219" lon="7.2058631"/>
    <trkpt lat="45.5152982" lon="7.2057861"/>
    <trkpt lat="45.5153952" lon="7.2057604"/>
    <trkpt lat="45.515477" lon="7.2057364"/>
    <trkpt lat="45.5156616" lon="7.2056823"/>
    <trkpt lat="45.515704" lon="7.2056827"/>
    <trkpt lat="45.515938" lon="7.2056851"/>
    <trkpt lat="45.5163044" lon="7.2056216"/>
    <trkpt lat="45.5165192" lon="7.2055529"/>
    <trkpt lat="45.5166931" lon="7.2054847"/>
    <trkpt lat="45.516821" lon="7.2054975"/>
    <trkpt lat="45.5168909" lon="7.2055406"/>
    <trkpt lat="45.5170665" lon="7.2055746"/>
    <trkpt lat="45.5172299" lon="7.2055478"/>
    <trkpt lat="45.5174365" lon="7.205466"/>
    <trkpt lat="45.5176175" lon="7.2054823"/>
    <trkpt lat="45.5181843" lon="7.2051515"/>
    <trkpt lat="45.5183117" lon="7.2051538"/>
    <trkpt lat="45.5185776" lon="7.2050688"/>
    <trkpt lat="45.5186936" lon="7.2050032"/>
    <trkpt lat="45.5189301" lon="7.2049646"/>
    <trkpt lat="45.5190923" lon="7.2046898"/>
    <trkpt lat="45.5191902" lon="7.2046608"/>
    <trkpt lat="45.5192848" lon="7.2045547"/>
    <trkpt lat="45.5196734" lon="7.2044342"/>
    <trkpt lat="45.519991" lon="7.2042365"/>
    <trkpt lat="45.5203154" lon="7.2039616"/>
    <trkpt lat="45.5205316" lon="7.2038218"/>
    <trkpt lat="45.5208091" lon="7.2034221"/>
    <trkpt lat="45.5208837" lon="7.2033604"/>
    <trkpt lat="45.5211158" lon="7.2032987"/>
    <trkpt lat="45.5212771" lon="7.2031134"/>
    <trkpt lat="45.5214715" lon="7.2030136"/>
    <trkpt lat="45.5217722" lon="7.2030749"/>
    <trkpt lat="45.5219" lon="7.2031232"/>
    <trkpt lat="45.522086" lon="7.2032037"/>
    <trkpt lat="45.5222589" lon="7.2031339"/>
    <trkpt lat="45.522366" lon="7.2030615"/>
    <trkpt lat="45.522507" lon="7.2030079"/>
    <trkpt lat="45.5226855" lon="7.2030025"/>
    <trkpt lat="45.5228208" lon="7.2029328"/>
    <trkpt lat="45.5229223" lon="7.202922"/>
    <trkpt lat="45.5230237" lon="7.2029462"/>
    <trkpt lat="45.5231158" lon="7.2029086"/>
    <trkpt lat="45.5232417" lon="7.2030106"/>
    <trkpt lat="45.5234278" lon="7.2029998"/>
    <trkpt lat="45.5235333" lon="7.2030119"/>
    <trkpt lat="45.5235443" lon="7.2030132"/>
    <trkpt lat="45.5236251" lon="7.2029489"/>
    <trkpt lat="45.5236927" lon="7.202922"/>
    <trkpt lat="45.5237587" lon="7.202927"/>
    <trkpt lat="45.5238694" lon="7.2029355"/>
    <trkpt lat="45.524031" lon="7.2028389"/>
    <trkpt lat="45.524243" lon="7.2026426"/>
    <trkpt lat="45.5244356" lon="7.2025704"/>
    <trkpt lat="45.5244579" lon="7.2022882"/>
    <trkpt lat="45.5244668" lon="7.2021678"/>
    <trkpt lat="45.5244678" lon="7.2016565"/>
    <trkpt lat="45.524479" lon="7.2015383"/>
    <trkpt lat="45.5244918" lon="7.2014031"/>
    <trkpt lat="45.5247097" lon="7.2004637"/>
    <trkpt lat="45.5246319" lon="7.2004044"/>
    <trkpt lat="45.524542" lon="7.2003812"/>
    <trkpt lat="45.5244806" lon="7.2003664"/>
    <trkpt lat="45.5244557" lon="7.2003252"/>
    <trkpt lat="45.5244657" lon="7.2002608"/>
    <trkpt lat="45.5245214" lon="7.2002103"/>
    <trkpt lat="45.5246396" lon="7.2001855"/>
    <trkpt lat="45.5247253" lon="7.2001805"/>
    <trkpt lat="45.5247743" lon="7.2001319"/>
    <trkpt lat="45.5247437" lon="7.2000663"/>
    <trkpt lat="45.5247069" lon="7.2000052"/>
    <trkpt lat="45.5246335" lon="7.1998916"/>
    <trkpt lat="45.5245692" lon="7.1998435"/>
    <trkpt lat="45.524511" lon="7.1998304"/>
    <trkpt lat="45.5244621" lon="7.1997998"/>
    <trkpt lat="45.5244927" lon="7.1996382"/>
    <trkpt lat="45.5245537" lon="7.1995239"/>
    <trkpt lat="45.5246695" lon="7.1994195"/>
    <trkpt lat="45.5247625" lon="7.1993587"/>
    <trkpt lat="45.5248416" lon="7.1992887"/>
    <trkpt lat="45.5248508" lon="7.1992406"/>
    <trkpt lat="45.5247988" lon="7.1990571"/>
    <trkpt lat="45.524759" lon="7.1989479"/>
    <trkpt lat="45.5247232" lon="7.1987223"/>
    <trkpt lat="45.5247155" lon="7.198494"/>
    <trkpt lat="45.5247272" lon="7.1983045"/>
    <trkpt lat="45.5247712" lon="7.1981877"/>
    <trkpt lat="45.5248508" lon="7.1981309"/>
    <trkpt lat="45.5249181" lon="7.1980392"/>
    <trkpt lat="45.5250038" lon="7.1979605"/>
    <trkpt lat="45.525062" lon="7.1977901"/>
    <trkpt lat="45.5250895" lon="7.1976678"/>
    <trkpt lat="45.5250651" lon="7.1975586"/>
    <trkpt lat="45.5250069" lon="7.1974799"/>
    <trkpt lat="45.5249702" lon="7.1973532"/>
    <trkpt lat="45.5249457" lon="7.1971828"/>
    <trkpt lat="45.5248998" lon="7.197126"/>
    <trkpt lat="45.5248018" lon="7.1971654"/>
    <trkpt lat="45.5247284" lon="7.1971479"/>
    <trkpt lat="45.5246182" lon="7.1970911"/>
    <trkpt lat="45.5245416" lon="7.1970867"/>
    <trkpt lat="45.5244682" lon="7.1970518"/>
    <trkpt lat="45.5245019" lon="7.1969207"/>
    <trkpt lat="45.5244406" lon="7.1969163"/>
    <trkpt lat="45.5243702" lon="7.1969513"/>
    <trkpt lat="45.5243427" lon="7.1968595"/>
    <trkpt lat="45.5244253" lon="7.1967503"/>
    <trkpt lat="45.5245447" lon="7.1966717"/>
    <trkpt lat="45.5246396" lon="7.1965275"/>
    <trkpt lat="45.5247743" lon="7.1963615"/>
    <trkpt lat="45.5248447" lon="7.1962566"/>
    <trkpt lat="45.5248569" lon="7.1959333"/>
    <trkpt lat="45.5249181" lon="7.1957367"/>
    <trkpt lat="45.5250559" lon="7.1956756"/>
    <trkpt lat="45.5251355" lon="7.1956144"/>
    <trkpt lat="45.5251569" lon="7.1954921"/>
    <trkpt lat="45.5251599" lon="7.1953217"/>
    <trkpt lat="45.5251967" lon="7.1952081"/>
    <trkpt lat="45.5252763" lon="7.195195"/>
    <trkpt lat="45.5253283" lon="7.1953654"/>
    <trkpt lat="45.5254018" lon="7.1954265"/>
    <trkpt lat="45.5254354" lon="7.1953173"/>
    <trkpt lat="45.5254497" lon="7.1951541"/>
    <trkpt lat="45.5254293" lon="7.1949241"/>
    <trkpt lat="45.5254232" lon="7.19471"/>
    <trkpt lat="45.5254478" lon="7.1944651"/>
    <trkpt lat="45.5254022" lon="7.1943379"/>
    <trkpt lat="45.5253662" lon="7.194224"/>
    <trkpt lat="45.5253548" lon="7.1940797"/>
    <trkpt lat="45.5252637" lon="7.1938956"/>
    <trkpt lat="45.5252303" lon="7.1936571"/>
    <trkpt lat="45.5251783" lon="7.1934474"/>
    <trkpt lat="45.5251722" lon="7.1931459"/>
    <trkpt lat="45.5251997" lon="7.1929275"/>
    <trkpt lat="45.525215" lon="7.1926392"/>
    <trkpt lat="45.5252061" lon="7.1925757"/>
    <trkpt lat="45.5251997" lon="7.1925299"/>
    <trkpt lat="45.5251446" lon="7.1923683"/>
    <trkpt lat="45.5251446" lon="7.1922066"/>
    <trkpt lat="45.525186" lon="7.1920329"/>
    <trkpt lat="45.5251212" lon="7.1918997"/>
    <trkpt lat="45.5250202" lon="7.1917643"/>
    <trkpt lat="45.524959" lon="7.1916594"/>
    <trkpt lat="45.525008" lon="7.1915633"/>
    <trkpt lat="45.5249866" lon="7.191406"/>
    <trkpt lat="45.5250661" lon="7.1913755"/>
    <trkpt lat="45.5251672" lon="7.1914672"/>
    <trkpt lat="45.5253355" lon="7.1914847"/>
    <trkpt lat="45.5253569" lon="7.1913318"/>
    <trkpt lat="45.5253998" lon="7.1913012"/>
    <trkpt lat="45.525461" lon="7.1913929"/>
    <trkpt lat="45.5255491" lon="7.1913495"/>
    <trkpt lat="45.525574" lon="7.1911958"/>
    <trkpt lat="45.5255427" lon="7.1911064"/>
    <trkpt lat="45.5254838" lon="7.1910696"/>
    <trkpt lat="45.5254273" lon="7.1911221"/>
    <trkpt lat="45.525363" lon="7.1909823"/>
    <trkpt lat="45.5252192" lon="7.1909604"/>
    <trkpt lat="45.525109" lon="7.1909255"/>
    <trkpt lat="45.5249979" lon="7.1908433"/>
    <trkpt lat="45.5249505" lon="7.1907199"/>
    <trkpt lat="45.5248404" lon="7.1906003"/>
    <trkpt lat="45.5248043" lon="7.190494"/>
    <trkpt lat="45.52496" lon="7.1905471"/>
    <trkpt lat="45.5250511" lon="7.1904921"/>
    <trkpt lat="45.524996" lon="7.1904256"/>
    <trkpt lat="45.5248794" lon="7.1903619"/>
    <trkpt lat="45.524858" lon="7.1902832"/>
    <trkpt lat="45.5249774" lon="7.1902789"/>
    <trkpt lat="45.5250549" lon="7.1903023"/>
    <trkpt lat="45.5251308" lon="7.1902605"/>
    <trkpt lat="45.5249865" lon="7.1901485"/>
    <trkpt lat="45.5248764" lon="7.1900707"/>
    <trkpt lat="45.5247398" lon="7.1899834"/>
    <trkpt lat="45.5246316" lon="7.1899397"/>
    <trkpt lat="45.5244797" lon="7.1897726"/>
    <trkpt lat="45.5243886" lon="7.1897783"/>
    <trkpt lat="45.5243241" lon="7.1897461"/>
    <trkpt lat="45.5243468" lon="7.1896872"/>
    <trkpt lat="45.5244342" lon="7.1895506"/>
    <trkpt lat="45.5243165" lon="7.1895885"/>
    <trkpt lat="45.5241846" lon="7.1896104"/>
    <trkpt lat="45.5240897" lon="7.1895492"/>
    <trkpt lat="45.5241632" lon="7.1894138"/>
    <trkpt lat="45.5240377" lon="7.1894225"/>
    <trkpt lat="45.523903" lon="7.1893701"/>
    <trkpt lat="45.5237989" lon="7.1893526"/>
    <trkpt lat="45.523753" lon="7.1893133"/>
    <trkpt lat="45.5237469" lon="7.1892478"/>
    <trkpt lat="45.5238571" lon="7.1891648"/>
    <trkpt lat="45.5237744" lon="7.1891124"/>
    <trkpt lat="45.5237653" lon="7.1890162"/>
    <trkpt lat="45.5238571" lon="7.1889158"/>
    <trkpt lat="45.5240346" lon="7.1889725"/>
    <trkpt lat="45.5241846" lon="7.1890162"/>
    <trkpt lat="45.5243009" lon="7.1889463"/>
    <trkpt lat="45.5244264" lon="7.1889988"/>
    <trkpt lat="45.5245427" lon="7.1889813"/>
    <trkpt lat="45.5246009" lon="7.1890119"/>
    <trkpt lat="45.5246739" lon="7.1890137"/>
    <trkpt lat="45.5246838" lon="7.1889065"/>
    <trkpt lat="45.5246807" lon="7.1888081"/>
    <trkpt lat="45.524676" lon="7.1886649"/>
    <trkpt lat="45.524665" lon="7.188524"/>
    <trkpt lat="45.5246493" lon="7.1883898"/>
    <trkpt lat="45.5246258" lon="7.1883048"/>
    <trkpt lat="45.5245569" lon="7.1881795"/>
    <trkpt lat="45.5245234" lon="7.1880737"/>
    <trkpt lat="45.5244892" lon="7.1879541"/>
    <trkpt lat="45.5244362" lon="7.1878306"/>
    <trkpt lat="45.5244174" lon="7.1877836"/>
    <trkpt lat="45.5243124" lon="7.1877299"/>
    <trkpt lat="45.5242356" lon="7.1876897"/>
    <trkpt lat="45.5241369" lon="7.1876315"/>
    <trkpt lat="45.5240836" lon="7.1875689"/>
    <trkpt lat="45.5238238" lon="7.1874876"/>
    <trkpt lat="45.5235866" lon="7.1874439"/>
    <trkpt lat="45.5233073" lon="7.1873838"/>
    <trkpt lat="45.5231542" lon="7.1873401"/>
    <trkpt lat="45.5231062" lon="7.1872571"/>
    <trkpt lat="45.5231045" lon="7.1869524"/>
    <trkpt lat="45.5230919" lon="7.1867869"/>
    <trkpt lat="45.5229782" lon="7.1867449"/>
    <trkpt lat="45.5228635" lon="7.1866575"/>
    <trkpt lat="45.5228137" lon="7.1864882"/>
    <trkpt lat="45.5227066" lon="7.1862807"/>
    <trkpt lat="45.522653" lon="7.1860513"/>
    <trkpt lat="45.52263" lon="7.1859813"/>
    <trkpt lat="45.5226353" lon="7.1858753"/>
    <trkpt lat="45.5226563" lon="7.1857868"/>
    <trkpt lat="45.5226478" lon="7.1856594"/>
    <trkpt lat="45.5226478" lon="7.1855722"/>
    <trkpt lat="45.5226568" lon="7.1854779"/>
    <trkpt lat="45.5226488" lon="7.1854448"/>
    <trkpt lat="45.522629" lon="7.1853952"/>
    <trkpt lat="45.5226005" lon="7.1853495"/>
    <trkpt lat="45.5225745" lon="7.185308"/>
    <trkpt lat="45.5225228" lon="7.1852356"/>
    <trkpt lat="45.5225069" lon="7.1852142"/>
    <trkpt lat="45.5225106" lon="7.1851739"/>
    <trkpt lat="45.5225332" lon="7.1851283"/>
    <trkpt lat="45.5225539" lon="7.185068"/>
    <trkpt lat="45.5225792" lon="7.1849929"/>
    <trkpt lat="45.5226422" lon="7.1849419"/>
    <trkpt lat="45.5226826" lon="7.1849325"/>
    <trkpt lat="45.5227671" lon="7.1849446"/>
    <trkpt lat="45.5228517" lon="7.1849258"/>
    <trkpt lat="45.5228893" lon="7.1848829"/>
    <trkpt lat="45.5229156" lon="7.1848132"/>
    <trkpt lat="45.5229165" lon="7.1847394"/>
    <trkpt lat="45.5229043" lon="7.1846898"/>
    <trkpt lat="45.5228724" lon="7.1846254"/>
    <trkpt lat="45.5228442" lon="7.1845812"/>
    <trkpt lat="45.5228169" lon="7.1845651"/>
    <trkpt lat="45.5227906" lon="7.1845369"/>
    <trkpt lat="45.52277" lon="7.1844833"/>
    <trkpt lat="45.5227493" lon="7.1844457"/>
    <trkpt lat="45.5226995" lon="7.1844242"/>
    <trkpt lat="45.5226568" lon="7.1843966"/>
    <trkpt lat="45.5226253" lon="7.1843424"/>
    <trkpt lat="45.5226215" lon="7.1842486"/>
    <trkpt lat="45.5226196" lon="7.1842003"/>
    <trkpt lat="45.5226318" lon="7.1841775"/>
    <trkpt lat="45.5226375" lon="7.1841426"/>
    <trkpt lat="45.5226093" lon="7.1841118"/>
    <trkpt lat="45.5225943" lon="7.1840823"/>
    <trkpt lat="45.5225896" lon="7.1840367"/>
    <trkpt lat="45.5225839" lon="7.1839777"/>
    <trkpt lat="45.5225614" lon="7.1839133"/>
    <trkpt lat="45.5225267" lon="7.1838668"/>
    <trkpt lat="45.5225116" lon="7.183861"/>
    <trkpt lat="45.5224467" lon="7.1838208"/>
    <trkpt lat="45.5223791" lon="7.1837416"/>
    <trkpt lat="45.5223347" lon="7.183666"/>
    <trkpt lat="45.522302" lon="7.1835431"/>
    <trkpt lat="45.5222851" lon="7.1834144"/>
    <trkpt lat="45.5222835" lon="7.1833092"/>
    <trkpt lat="45.5222757" lon="7.1832816"/>
    <trkpt lat="45.5222461" lon="7.1832729"/>
    <trkpt lat="45.5221818" lon="7.1832447"/>
    <trkpt lat="45.522147" lon="7.1832173"/>
    <trkpt lat="45.5221197" lon="7.1831354"/>
    <trkpt lat="45.5221012" lon="7.1830624"/>
    <trkpt lat="45.5220822" lon="7.1830362"/>
    <trkpt lat="45.5220064" lon="7.1830094"/>
    <trkpt lat="45.5219581" lon="7.1829933"/>
    <trkpt lat="45.5218658" lon="7.1829561"/>
    <trkpt lat="45.5218285" lon="7.1829477"/>
    <trkpt lat="45.5217608" lon="7.1829531"/>
    <trkpt lat="45.5216855" lon="7.1830301"/>
    <trkpt lat="45.5216494" lon="7.1830079"/>
    <trkpt lat="45.5216429" lon="7.1829973"/>
    <trkpt lat="45.5215469" lon="7.1828422"/>
    <trkpt lat="45.5215013" lon="7.1825998"/>
    <trkpt lat="45.5214737" lon="7.1824949"/>
    <trkpt lat="45.5214189" lon="7.1823802"/>
    <trkpt lat="45.5213519" lon="7.1822655"/>
    <trkpt lat="45.5212305" lon="7.1820982"/>
    <trkpt lat="45.5211599" lon="7.1819917"/>
    <trkpt lat="45.5210705" lon="7.1819159"/>
    <trkpt lat="45.5209082" lon="7.1817588"/>
    <trkpt lat="45.5207943" lon="7.1815805"/>
    <trkpt lat="45.5206727" lon="7.181551"/>
    <trkpt lat="45.5206609" lon="7.1814962"/>
    <trkpt lat="45.5207276" lon="7.1813119"/>
    <trkpt lat="45.5208021" lon="7.1811589"/>
    <trkpt lat="45.5206551" lon="7.1809982"/>
    <trkpt lat="45.520646" lon="7.1808543"/>
    <trkpt lat="45.5206011" lon="7.180761"/>
    <trkpt lat="45.5205957" lon="7.1806803"/>
    <trkpt lat="45.5205983" lon="7.1805901"/>
    <trkpt lat="45.5206059" lon="7.1804918"/>
    <trkpt lat="45.5205103" lon="7.1802624"/>
    <trkpt lat="45.5204146" lon="7.1800877"/>
    <trkpt lat="45.520263" lon="7.1799435"/>
    <trkpt lat="45.5200179" lon="7.1798944"/>
    <trkpt lat="45.5199434" lon="7.1798082"/>
    <trkpt lat="45.5199375" lon="7.1796847"/>
    <trkpt lat="45.5198253" lon="7.179629"/>
    <trkpt lat="45.5198258" lon="7.1794788"/>
    <trkpt lat="45.5198062" lon="7.1793533"/>
    <trkpt lat="45.519714" lon="7.1792534"/>
    <trkpt lat="45.5196124" lon="7.1791496"/>
    <trkpt lat="45.5195262" lon="7.1790778"/>
    <trkpt lat="45.5193432" lon="7.1790719"/>
    <trkpt lat="45.5192248" lon="7.1791065"/>
    <trkpt lat="45.5191009" lon="7.1791783"/>
    <trkpt lat="45.5189681" lon="7.1791675"/>
    <trkpt lat="45.518873" lon="7.1790563"/>
    <trkpt lat="45.5188371" lon="7.1789342"/>
    <trkpt lat="45.5187845" lon="7.17899"/>
    <trkpt lat="45.5186936" lon="7.1788948"/>
    <trkpt lat="45.5186009" lon="7.178777"/>
    <trkpt lat="45.5185472" lon="7.1786803"/>
    <trkpt lat="45.5184551" lon="7.1786119"/>
    <trkpt lat="45.5183636" lon="7.1785367"/>
    <trkpt lat="45.5182888" lon="7.1785073"/>
    <trkpt lat="45.5181929" lon="7.1785161"/>
    <trkpt lat="45.517782" lon="7.1787028"/>
    <trkpt lat="45.5174303" lon="7.1788212"/>
    <trkpt lat="45.5170319" lon="7.1788122"/>
    <trkpt lat="45.5168991" lon="7.178875"/>
    <trkpt lat="45.5166909" lon="7.1789414"/>
    <trkpt lat="45.5164523" lon="7.1789719"/>
    <trkpt lat="45.5161393" lon="7.1788459"/>
    <trkpt lat="45.5159731" lon="7.1785861"/>
    <trkpt lat="45.515819" lon="7.178441"/>
    <trkpt lat="45.5156878" lon="7.178238"/>
    <trkpt lat="45.5155479" lon="7.1780998"/>
    <trkpt lat="45.5154456" lon="7.1778845"/>
    <trkpt lat="45.5153487" lon="7.1777983"/>
    <trkpt lat="45.5152392" lon="7.1775991"/>
    <trkpt lat="45.5151746" lon="7.1775794"/>
    <trkpt lat="45.5149934" lon="7.1773695"/>
    <trkpt lat="45.5148354" lon="7.17726"/>
    <trkpt lat="45.5147852" lon="7.1772313"/>
    <trkpt lat="45.5147403" lon="7.1770662"/>
    <trkpt lat="45.5145824" lon="7.176876"/>
    <trkpt lat="45.5142379" lon="7.1765045"/>
    <trkpt lat="45.5140136" lon="7.1763179"/>
    <trkpt lat="45.5138449" lon="7.176203"/>
    <trkpt lat="45.5137408" lon="7.1761079"/>
    <trkpt lat="45.5136331" lon="7.17595"/>
    <trkpt lat="45.5135273" lon="7.1758872"/>
    <trkpt lat="45.5133855" lon="7.1758549"/>
    <trkpt lat="45.5132473" lon="7.1758334"/>
    <trkpt lat="45.5131504" lon="7.175749"/>
    <trkpt lat="45.5129423" lon="7.1757598"/>
    <trkpt lat="45.5128292" lon="7.1757239"/>
    <trkpt lat="45.5127395" lon="7.1757347"/>
    <trkpt lat="45.5126731" lon="7.1756342"/>
    <trkpt lat="45.5124739" lon="7.1756485"/>
    <trkpt lat="45.5123967" lon="7.1757365"/>
    <trkpt lat="45.5121383" lon="7.1757185"/>
    <trkpt lat="45.5120486" lon="7.1756701"/>
    <trkpt lat="45.5120091" lon="7.1755373"/>
    <trkpt lat="45.5119661" lon="7.1753202"/>
    <trkpt lat="45.5118742" lon="7.1752453"/>
    <trkpt lat="45.5118135" lon="7.175103"/>
    <trkpt lat="45.5117059" lon="7.175033"/>
    <trkpt lat="45.5115813" lon="7.1749797"/>
    <trkpt lat="45.5114582" lon="7.17499"/>
    <trkpt lat="45.5113218" lon="7.1749666"/>
    <trkpt lat="45.5111819" lon="7.1748931"/>
    <trkpt lat="45.5110886" lon="7.1749056"/>
    <trkpt lat="45.5109629" lon="7.1749092"/>
    <trkpt lat="45.5108786" lon="7.1748769"/>
    <trkpt lat="45.5107961" lon="7.174798"/>
    <trkpt lat="45.51073" lon="7.1747054"/>
    <trkpt lat="45.5106446" lon="7.1747011"/>
    <trkpt lat="45.5105805" lon="7.174627"/>
    <trkpt lat="45.5104768" lon="7.1745792"/>
    <trkpt lat="45.510367" lon="7.174466"/>
    <trkpt lat="45.5102175" lon="7.1743484"/>
    <trkpt lat="45.5101088" lon="7.1743457"/>
    <trkpt lat="45.5100137" lon="7.1743063"/>
    <trkpt lat="45.5099419" lon="7.1741878"/>
    <trkpt lat="45.5098404" lon="7.1740897"/>
    <trkpt lat="45.5098187" lon="7.1740159"/>
    <trkpt lat="45.5097821" lon="7.1738335"/>
    <trkpt lat="45.5097266" lon="7.1737276"/>
    <trkpt lat="45.5096561" lon="7.1735546"/>
    <trkpt lat="45.5096296" lon="7.1734611"/>
    <trkpt lat="45.5096073" lon="7.1734205"/>
    <trkpt lat="45.5095544" lon="7.1734208"/>
    <trkpt lat="45.5094287" lon="7.1733319"/>
    <trkpt lat="45.5088616" lon="7.1728168"/>
    <trkpt lat="45.5085278" lon="7.1725513"/>
    <trkpt lat="45.5080043" lon="7.1722299"/>
    <trkpt lat="45.507828" lon="7.1720057"/>
    <trkpt lat="45.5077526" lon="7.1718747"/>
    <trkpt lat="45.5076719" lon="7.1718119"/>
    <trkpt lat="45.5075714" lon="7.1717814"/>
    <trkpt lat="45.5073094" lon="7.1715751"/>
    <trkpt lat="45.5071586" lon="7.1715176"/>
    <trkpt lat="45.5069175" lon="7.1713222"/>
    <trkpt lat="45.5068392" lon="7.1712382"/>
    <trkpt lat="45.5067406" lon="7.1711967"/>
    <trkpt lat="45.5066974" lon="7.1711695"/>
    <trkpt lat="45.5065819" lon="7.1709683"/>
    <trkpt lat="45.5064451" lon="7.1706323"/>
    <trkpt lat="45.5063762" lon="7.1705091"/>
    <trkpt lat="45.506186" lon="7.1701754"/>
    <trkpt lat="45.5060335" lon="7.1700605"/>
    <trkpt lat="45.5059491" lon="7.1699116"/>
    <trkpt lat="45.5058289" lon="7.1697178"/>
    <trkpt lat="45.5057535" lon="7.1696532"/>
    <trkpt lat="45.5055705" lon="7.1695168"/>
    <trkpt lat="45.5054032" lon="7.1692604"/>
    <trkpt lat="45.5053534" lon="7.1691866"/>
    <trkpt lat="45.5051901" lon="7.1689982"/>
    <trkpt lat="45.505117" lon="7.168861"/>
    <trkpt lat="45.5050887" lon="7.1687351"/>
    <trkpt lat="45.5050698" lon="7.1686716"/>
    <trkpt lat="45.505016" lon="7.1685872"/>
    <trkpt lat="45.5048299" lon="7.1679609"/>
    <trkpt lat="45.5046175" lon="7.1673533"/>
    <trkpt lat="45.5045855" lon="7.1672447"/>
    <trkpt lat="45.5045479" lon="7.167187"/>
    <trkpt lat="45.5045075" lon="7.1671133"/>
    <trkpt lat="45.504485" lon="7.1670435"/>
    <trkpt lat="45.5044699" lon="7.1669859"/>
    <trkpt lat="45.5044436" lon="7.1669349"/>
    <trkpt lat="45.504406" lon="7.1668893"/>
    <trkpt lat="45.5043599" lon="7.1667793"/>
    <trkpt lat="45.5043148" lon="7.1667056"/>
    <trkpt lat="45.5042697" lon="7.1666774"/>
    <trkpt lat="45.5042237" lon="7.1666452"/>
    <trkpt lat="45.5041701" lon="7.1666412"/>
    <trkpt lat="45.5041015" lon="7.1665728"/>
    <trkpt lat="45.5040827" lon="7.1664897"/>
    <trkpt lat="45.5040789" lon="7.1664548"/>
    <trkpt lat="45.5040451" lon="7.1664347"/>
    <trkpt lat="45.504023" lon="7.1664045"/>
    <trkpt lat="45.5040075" lon="7.1663549"/>
    <trkpt lat="45.5039915" lon="7.1662959"/>
    <trkpt lat="45.5039802" lon="7.1662711"/>
    <trkpt lat="45.5039656" lon="7.166257"/>
    <trkpt lat="45.5039544" lon="7.1662496"/>
    <trkpt lat="45.5039328" lon="7.1662442"/>
    <trkpt lat="45.5039111" lon="7.1662315"/>
    <trkpt lat="45.5038956" lon="7.1662114"/>
    <trkpt lat="45.5038961" lon="7.1661899"/>
    <trkpt lat="45.5039464" lon="7.1661061"/>
    <trkpt lat="45.5038975" lon="7.1660256"/>
    <trkpt lat="45.5038317" lon="7.1658956"/>
    <trkpt lat="45.5037866" lon="7.1657789"/>
    <trkpt lat="45.5037076" lon="7.1656984"/>
    <trkpt lat="45.5036165" lon="7.1656354"/>
    <trkpt lat="45.5035563" lon="7.1656072"/>
    <trkpt lat="45.5034915" lon="7.1656005"/>
    <trkpt lat="45.5034388" lon="7.165563"/>
    <trkpt lat="45.5033457" lon="7.1655106"/>
    <trkpt lat="45.5032734" lon="7.1654651"/>
    <trkpt lat="45.5032226" lon="7.1654034"/>
    <trkpt lat="45.5031991" lon="7.1653779"/>
    <trkpt lat="45.5031437" lon="7.1653752"/>
    <trkpt lat="45.5031352" lon="7.1653524"/>
    <trkpt lat="45.5030957" lon="7.1652961"/>
    <trkpt lat="45.5030102" lon="7.1652639"/>
    <trkpt lat="45.5029745" lon="7.165217"/>
    <trkpt lat="45.5029463" lon="7.1651539"/>
    <trkpt lat="45.5029294" lon="7.1650118"/>
    <trkpt lat="45.5029265" lon="7.1648782"/>
    <trkpt lat="45.5029525" lon="7.1646928"/>
    <trkpt lat="45.502951" lon="7.1645732"/>
    <trkpt lat="45.5029352" lon="7.1644827"/>
    <trkpt lat="45.5028937" lon="7.1644123"/>
    <trkpt lat="45.5027662" lon="7.1643467"/>
    <trkpt lat="45.5027498" lon="7.1642996"/>
    <trkpt lat="45.5027574" lon="7.1641883"/>
    <trkpt lat="45.502748" lon="7.1641132"/>
    <trkpt lat="45.5026972" lon="7.1639577"/>
    <trkpt lat="45.5025572" lon="7.163786"/>
    <trkpt lat="45.502434" lon="7.16368"/>
    <trkpt lat="45.5021646" lon="7.1634478"/>
    <trkpt lat="45.5020168" lon="7.1632837"/>
    <trkpt lat="45.5019277" lon="7.163141"/>
    <trkpt lat="45.5017931" lon="7.1629597"/>
    <trkpt lat="45.5016083" lon="7.1627623"/>
    <trkpt lat="45.5014809" lon="7.1626906"/>
    <trkpt lat="45.5012328" lon="7.1625633"/>
    <trkpt lat="45.5011461" lon="7.1625358"/>
    <trkpt lat="45.5010448" lon="7.1624645"/>
    <trkpt lat="45.5007882" lon="7.1620786"/>
    <trkpt lat="45.5007303" lon="7.1619116"/>
    <trkpt lat="45.5006318" lon="7.1613411"/>
    <trkpt lat="45.5005563" lon="7.1611403"/>
    <trkpt lat="45.5004128" lon="7.1608099"/>
    <trkpt lat="45.5002964" lon="7.1605529"/>
    <trkpt lat="45.5001703" lon="7.1602497"/>
    <trkpt lat="45.499928" lon="7.1598639"/>
    <trkpt lat="45.4998003" lon="7.1597257"/>
    <trkpt lat="45.4995607" lon="7.1594086"/>
    <trkpt lat="45.4993441" lon="7.159149"/>
    <trkpt lat="45.4990495" lon="7.1589018"/>
    <trkpt lat="45.4987945" lon="7.1586673"/>
    <trkpt lat="45.4985864" lon="7.1585148"/>
    <trkpt lat="45.4984214" lon="7.1583888"/>
    <trkpt lat="45.4982329" lon="7.1582959"/>
    <trkpt lat="45.4980929" lon="7.1581846"/>
    <trkpt lat="45.4978183" lon="7.1578024"/>
    <trkpt lat="45.4976373" lon="7.1576471"/>
    <trkpt lat="45.4969552" lon="7.1571151"/>
    <trkpt lat="45.4968457" lon="7.1570648"/>
    <trkpt lat="45.496415" lon="7.1569303"/>
    <trkpt lat="45.4962661" lon="7.1568298"/>
    <trkpt lat="45.4960436" lon="7.1565929"/>
    <trkpt lat="45.4958408" lon="7.1563686"/>
    <trkpt lat="45.4955447" lon="7.1558554"/>
    <trkpt lat="45.4952711" lon="7.1554828"/>
    <trkpt lat="45.495053" lon="7.1550694"/>
    <trkpt lat="45.4949579" lon="7.1549761"/>
    <trkpt lat="45.4947474" lon="7.154775"/>
    <trkpt lat="45.4944447" lon="7.1543893"/>
    <trkpt lat="45.494187" lon="7.153969"/>
    <trkpt lat="45.4939849" lon="7.1536086"/>
    <trkpt lat="45.4938543" lon="7.1532157"/>
    <trkpt lat="45.4934534" lon="7.1523004"/>
    <trkpt lat="45.493307" lon="7.1519793"/>
    <trkpt lat="45.4931602" lon="7.1515779"/>
    <trkpt lat="45.4931141" lon="7.151415"/>
    <trkpt lat="45.4931052" lon="7.1513955"/>
    <trkpt lat="45.4930713" lon="7.1513365"/>
    <trkpt lat="45.493027" lon="7.1512256"/>
    <trkpt lat="45.4928907" lon="7.1508021"/>
    <trkpt lat="45.4927561" lon="7.1503983"/>
    <trkpt lat="45.4927306" lon="7.1502825"/>
    <trkpt lat="45.4926072" lon="7.1501273"/>
    <trkpt lat="45.4925078" lon="7.1499803"/>
    <trkpt lat="45.492338" lon="7.149772"/>
    <trkpt lat="45.4921909" lon="7.1496321"/>
    <trkpt lat="45.4920079" lon="7.1495352"/>
    <trkpt lat="45.4917674" lon="7.1492911"/>
    <trkpt lat="45.4916203" lon="7.1491332"/>
    <trkpt lat="45.4915855" lon="7.1490371"/>
    <trkpt lat="45.4915557" lon="7.148986"/>
    <trkpt lat="45.4913726" lon="7.1488209"/>
    <trkpt lat="45.4913295" lon="7.148742"/>
    <trkpt lat="45.4912729" lon="7.1486717"/>
    <trkpt lat="45.4912146" lon="7.1486744"/>
    <trkpt lat="45.4911716" lon="7.1486487"/>
    <trkpt lat="45.491064" lon="7.1486128"/>
    <trkpt lat="45.490924" lon="7.148419"/>
    <trkpt lat="45.490802" lon="7.14834"/>
    <trkpt lat="45.4907158" lon="7.1482288"/>
    <trkpt lat="45.4907003" lon="7.1481284"/>
    <trkpt lat="45.4902831" lon="7.147833"/>
    <trkpt lat="45.4896978" lon="7.1474343"/>
    <trkpt lat="45.4892106" lon="7.1469199"/>
    <trkpt lat="45.4884832" lon="7.1460995"/>
    <trkpt lat="45.4879094" lon="7.1454715"/>
    <trkpt lat="45.4872618" lon="7.1447198"/>
    <trkpt lat="45.4864353" lon="7.1440843"/>
    <trkpt lat="45.486288" lon="7.1440087"/>
    <trkpt lat="45.4861143" lon="7.1439501"/>
    <trkpt lat="45.4860422" lon="7.1439199"/>
    <trkpt lat="45.4859545" lon="7.1437259"/>
    <trkpt lat="45.4858799" lon="7.1436194"/>
    <trkpt lat="45.4857435" lon="7.1435277"/>
    <trkpt lat="45.4856806" lon="7.1435277"/>
    <trkpt lat="45.4855144" lon="7.1435277"/>
    <trkpt lat="45.4855299" lon="7.1434322"/>
    <trkpt lat="45.4855196" lon="7.1433551"/>
    <trkpt lat="45.485481" lon="7.1432854"/>
    <trkpt lat="45.4854141" lon="7.143212"/>
    <trkpt lat="45.4853614" lon="7.1431424"/>
    <trkpt lat="45.4853021" lon="7.143094"/>
    <trkpt lat="45.4852319" lon="7.1430724"/>
    <trkpt lat="45.485266" lon="7.142938"/>
    <trkpt lat="45.4852111" lon="7.1428468"/>
    <trkpt lat="45.4850601" lon="7.1427414"/>
    <trkpt lat="45.4849698" lon="7.1426824"/>
    <trkpt lat="45.4847715" lon="7.1426693"/>
    <trkpt lat="45.4844544" lon="7.142678"/>
    <trkpt lat="45.4844219" lon="7.1426013"/>
    <trkpt lat="45.4844613" lon="7.1424613"/>
    <trkpt lat="45.484472" lon="7.1421853"/>
    <trkpt lat="45.4844941" lon="7.1420708"/>
    <trkpt lat="45.4844339" lon="7.1418107"/>
    <trkpt lat="45.4844288" lon="7.1416386"/>
    <trkpt lat="45.4843817" lon="7.1413971"/>
    <trkpt lat="45.4843388" lon="7.1412902"/>
    <trkpt lat="45.4842381" lon="7.1411496"/>
    <trkpt lat="45.484176" lon="7.1409754"/>
    <trkpt lat="45.4841605" lon="7.1406137"/>
    <trkpt lat="45.4840389" lon="7.1408366"/>
    <trkpt lat="45.483894" lon="7.1409515"/>
    <trkpt lat="45.4838392" lon="7.1410224"/>
    <trkpt lat="45.4837709" lon="7.1411269"/>
    <trkpt lat="45.483694" lon="7.1411782"/>
    <trkpt lat="45.4835388" lon="7.1412403"/>
    <trkpt lat="45.4834992" lon="7.1412684"/>
    <trkpt lat="45.4834472" lon="7.141371"/>
    <trkpt lat="45.4833665" lon="7.1414436"/>
    <trkpt lat="45.4833007" lon="7.141548"/>
    <trkpt lat="45.4831159" lon="7.1416984"/>
    <trkpt lat="45.4830414" lon="7.1417267"/>
    <trkpt lat="45.4830203" lon="7.1417958"/>
    <trkpt lat="45.4830116" lon="7.1418807"/>
    <trkpt lat="45.4829781" lon="7.1419621"/>
    <trkpt lat="45.482936" lon="7.1419886"/>
    <trkpt lat="45.4828367" lon="7.1418648"/>
    <trkpt lat="45.4827412" lon="7.1418542"/>
    <trkpt lat="45.4826565" lon="7.1418582"/>
    <trkpt lat="45.4825897" lon="7.1418679"/>
    <trkpt lat="45.4824585" lon="7.1418663"/>
    <trkpt lat="45.4823913" lon="7.1418807"/>
    <trkpt lat="45.4823081" lon="7.1419179"/>
    <trkpt lat="45.4822889" lon="7.1419163"/>
    <trkpt lat="45.4822515" lon="7.1418857"/>
    <trkpt lat="45.4821282" lon="7.1418066"/>
    <trkpt lat="45.4820773" lon="7.141805"/>
    <trkpt lat="45.481988" lon="7.1418276"/>
    <trkpt lat="45.4818354" lon="7.1417975"/>
    <trkpt lat="45.481721" lon="7.1418163"/>
    <trkpt lat="45.4815892" lon="7.1419259"/>
    <trkpt lat="45.481467" lon="7.1420276"/>
    <trkpt lat="45.4812359" lon="7.1420983"/>
    <trkpt lat="45.4813698" lon="7.1423411"/>
    <trkpt lat="45.4813122" lon="7.1424115"/>
    <trkpt lat="45.481204" lon="7.1424718"/>
    <trkpt lat="45.4811326" lon="7.1425255"/>
    <trkpt lat="45.4810254" lon="7.1425724"/>
    <trkpt lat="45.4809323" lon="7.1426649"/>
    <trkpt lat="45.4807404" lon="7.1427414"/>
    <trkpt lat="45.4806887" lon="7.1427856"/>
    <trkpt lat="45.4806314" lon="7.1428138"/>
    <trkpt lat="45.480511" lon="7.142913"/>
    <trkpt lat="45.4804807" lon="7.1429059"/>
    <trkpt lat="45.480433" lon="7.1429493"/>
    <trkpt lat="45.4803577" lon="7.1429989"/>
    <trkpt lat="45.4802665" lon="7.143086"/>
    <trkpt lat="45.4802393" lon="7.1430954"/>
    <trkpt lat="45.480212" lon="7.1430914"/>
    <trkpt lat="45.4801885" lon="7.1430753"/>
    <trkpt lat="45.4801687" lon="7.1430485"/>
    <trkpt lat="45.4801461" lon="7.1430422"/>
    <trkpt lat="45.4801068" lon="7.1430957"/>
    <trkpt lat="45.4800318" lon="7.1430502"/>
    <trkpt lat="45.4799886" lon="7.1430101"/>
    <trkpt lat="45.4799436" lon="7.1430342"/>
    <trkpt lat="45.4799118" lon="7.1431091"/>
    <trkpt lat="45.4799061" lon="7.1432107"/>
    <trkpt lat="45.4798705" lon="7.1432374"/>
    <trkpt lat="45.4798124" lon="7.1432107"/>
    <trkpt lat="45.4798105" lon="7.1431331"/>
    <trkpt lat="45.479833" lon="7.1429754"/>
    <trkpt lat="45.479833" lon="7.1429754"/>
    <trkpt lat="45.4798105" lon="7.1431331"/>
    <trkpt lat="45.4798124" lon="7.1432107"/>
    <trkpt lat="45.4798705" lon="7.1432374"/>
    <trkpt lat="45.4799061" lon="7.1432107"/>
    <trkpt lat="45.4799118" lon="7.1431091"/>
    <trkpt lat="45.4799436" lon="7.1430342"/>
    <trkpt lat="45.4799886" lon="7.1430101"/>
    <trkpt lat="45.4800318" lon="7.1430502"/>
    <trkpt lat="45.4801068" lon="7.1430957"/>
    <trkpt lat="45.4801461" lon="7.1430422"/>
    <trkpt lat="45.4801687" lon="7.1430485"/>
    <trkpt lat="45.4801885" lon="7.1430753"/>
    <trkpt lat="45.480212" lon="7.1430914"/>
    <trkpt lat="45.4802393" lon="7.1430954"/>
    <trkpt lat="45.4802665" lon="7.143086"/>
    <trkpt lat="45.4803577" lon="7.1429989"/>
    <trkpt lat="45.480433" lon="7.1429493"/>
    <trkpt lat="45.4804807" lon="7.1429059"/>
    <trkpt lat="45.480511" lon="7.142913"/>
    <trkpt lat="45.4806314" lon="7.1428138"/>
    <trkpt lat="45.4806887" lon="7.1427856"/>
    <trkpt lat="45.4807404" lon="7.1427414"/>
    <trkpt lat="45.4809323" lon="7.1426649"/>
    <trkpt lat="45.4810254" lon="7.1425724"/>
    <trkpt lat="45.4811326" lon="7.1425255"/>
    <trkpt lat="45.481204" lon="7.1424718"/>
    <trkpt lat="45.4813122" lon="7.1424115"/>
    <trkpt lat="45.4813698" lon="7.1423411"/>
    <trkpt lat="45.4812359" lon="7.1420983"/>
    <trkpt lat="45.481467" lon="7.1420276"/>
    <trkpt lat="45.4815892" lon="7.1419259"/>
    <trkpt lat="45.481721" lon="7.1418163"/>
    <trkpt lat="45.4818354" lon="7.1417975"/>
    <trkpt lat="45.481988" lon="7.1418276"/>
    <trkpt lat="45.4820773" lon="7.141805"/>
    <trkpt lat="45.4821282" lon="7.1418066"/>
    <trkpt lat="45.4822515" lon="7.1418857"/>
    <trkpt lat="45.4822889" lon="7.1419163"/>
    <trkpt lat="45.4823081" lon="7.1419179"/>
    <trkpt lat="45.4823913" lon="7.1418807"/>
    <trkpt lat="45.4824585" lon="7.1418663"/>
    <trkpt lat="45.4825897" lon="7.1418679"/>
    <trkpt lat="45.4826565" lon="7.1418582"/>
    <trkpt lat="45.4827412" lon="7.1418542"/>
    <trkpt lat="45.4828367" lon="7.1418648"/>
    <trkpt lat="45.482936" lon="7.1419886"/>
    <trkpt lat="45.4829781" lon="7.1419621"/>
    <trkpt lat="45.4830116" lon="7.1418807"/>
    <trkpt lat="45.4830203" lon="7.1417958"/>
    <trkpt lat="45.4830414" lon="7.1417267"/>
    <trkpt lat="45.4831159" lon="7.1416984"/>
    <trkpt lat="45.4833007" lon="7.141548"/>
    <trkpt lat="45.4833665" lon="7.1414436"/>
    <trkpt lat="45.4834472" lon="7.141371"/>
    <trkpt lat="45.4834992" lon="7.1412684"/>
    <trkpt lat="45.4835388" lon="7.1412403"/>
    <trkpt lat="45.483694" lon="7.1411782"/>
    <trkpt lat="45.4837709" lon="7.1411269"/>
    <trkpt lat="45.4838392" lon="7.1410224"/>
    <trkpt lat="45.483894" lon="7.1409515"/>
    <trkpt lat="45.4840389" lon="7.1408366"/>
    <trkpt lat="45.4841605" lon="7.1406137"/>
    <trkpt lat="45.484176" lon="7.1409754"/>
    <trkpt lat="45.4842381" lon="7.1411496"/>
    <trkpt lat="45.4843388" lon="7.1412902"/>
    <trkpt lat="45.4843817" lon="7.1413971"/>
    <trkpt lat="45.4844288" lon="7.1416386"/>
    <trkpt lat="45.4844339" lon="7.1418107"/>
    <trkpt lat="45.4844941" lon="7.1420708"/>
    <trkpt lat="45.484472" lon="7.1421853"/>
    <trkpt lat="45.4844613" lon="7.1424613"/>
    <trkpt lat="45.4844219" lon="7.1426013"/>
    <trkpt lat="45.4844544" lon="7.142678"/>
    <trkpt lat="45.4847715" lon="7.1426693"/>
    <trkpt lat="45.4849698" lon="7.1426824"/>
    <trkpt lat="45.4850601" lon="7.1427414"/>
    <trkpt lat="45.4852111" lon="7.1428468"/>
    <trkpt lat="45.485266" lon="7.142938"/>
    <trkpt lat="45.4852319" lon="7.1430724"/>
    <trkpt lat="45.4853021" lon="7.143094"/>
    <trkpt lat="45.4853614" lon="7.1431424"/>
    <trkpt lat="45.4854141" lon="7.143212"/>
    <trkpt lat="45.485481" lon="7.1432854"/>
    <trkpt lat="45.4855196" lon="7.1433551"/>
    <trkpt lat="45.4855299" lon="7.1434322"/>
    <trkpt lat="45.4855144" lon="7.1435277"/>
    <trkpt lat="45.4856806" lon="7.1435277"/>
    <trkpt lat="45.4857435" lon="7.1435277"/>
    <trkpt lat="45.4858799" lon="7.1436194"/>
    <trkpt lat="45.4859545" lon="7.1437259"/>
    <trkpt lat="45.4860422" lon="7.1439199"/>
    <trkpt lat="45.4861143" lon="7.1439501"/>
    <trkpt lat="45.486288" lon="7.1440087"/>
    <trkpt lat="45.4864353" lon="7.1440843"/>
    <trkpt lat="45.4872618" lon="7.1447198"/>
    <trkpt lat="45.4879094" lon="7.1454715"/>
    <trkpt lat="45.4884832" lon="7.1460995"/>
    <trkpt lat="45.4892106" lon="7.1469199"/>
    <trkpt lat="45.4896978" lon="7.1474343"/>
    <trkpt lat="45.4902831" lon="7.147833"/>
    <trkpt lat="45.4907003" lon="7.1481284"/>
    <trkpt lat="45.4907158" lon="7.1482288"/>
    <trkpt lat="45.490802" lon="7.14834"/>
    <trkpt lat="45.490924" lon="7.148419"/>
    <trkpt lat="45.491064" lon="7.1486128"/>
    <trkpt lat="45.4911716" lon="7.1486487"/>
    <trkpt lat="45.4912146" lon="7.1486744"/>
    <trkpt lat="45.4912729" lon="7.1486717"/>
    <trkpt lat="45.4913295" lon="7.148742"/>
    <trkpt lat="45.4913726" lon="7.1488209"/>
    <trkpt lat="45.4915557" lon="7.148986"/>
    <trkpt lat="45.4915855" lon="7.1490371"/>
    <trkpt lat="45.4916203" lon="7.1491332"/>
    <trkpt lat="45.4917674" lon="7.1492911"/>
    <trkpt lat="45.4920079" lon="7.1495352"/>
    <trkpt lat="45.4921909" lon="7.1496321"/>
    <trkpt lat="45.492338" lon="7.149772"/>
    <trkpt lat="45.4925078" lon="7.1499803"/>
    <trkpt lat="45.4926072" lon="7.1501273"/>
    <trkpt lat="45.4927306" lon="7.1502825"/>
    <trkpt lat="45.4927561" lon="7.1503983"/>
    <trkpt lat="45.4928907" lon="7.1508021"/>
    <trkpt lat="45.493027" lon="7.1512256"/>
    <trkpt lat="45.4930713" lon="7.1513365"/>
    <trkpt lat="45.4931052" lon="7.1513955"/>
    <trkpt lat="45.4931141" lon="7.151415"/>
    <trkpt lat="45.4931602" lon="7.1515779"/>
    <trkpt lat="45.493307" lon="7.1519793"/>
    <trkpt lat="45.4934534" lon="7.1523004"/>
    <trkpt lat="45.4938543" lon="7.1532157"/>
    <trkpt lat="45.4939849" lon="7.1536086"/>
    <trkpt lat="45.494187" lon="7.153969"/>
    <trkpt lat="45.4944447" lon="7.1543893"/>
    <trkpt lat="45.4947474" lon="7.154775"/>
    <trkpt lat="45.4949579" lon="7.1549761"/>
    <trkpt lat="45.495053" lon="7.1550694"/>
    <trkpt lat="45.4952711" lon="7.1554828"/>
    <trkpt lat="45.4955447" lon="7.1558554"/>
    <trkpt lat="45.4958408" lon="7.1563686"/>
    <trkpt lat="45.4960436" lon="7.1565929"/>
    <trkpt lat="45.4962661" lon="7.1568298"/>
    <trkpt lat="45.496415" lon="7.1569303"/>
    <trkpt lat="45.4968457" lon="7.1570648"/>
    <trkpt lat="45.4969552" lon="7.1571151"/>
    <trkpt lat="45.4976373" lon="7.1576471"/>
    <trkpt lat="45.4978183" lon="7.1578024"/>
    <trkpt lat="45.4980929" lon="7.1581846"/>
    <trkpt lat="45.4982329" lon="7.1582959"/>
    <trkpt lat="45.4984214" lon="7.1583888"/>
    <trkpt lat="45.4985864" lon="7.1585148"/>
    <trkpt lat="45.4987945" lon="7.1586673"/>
    <trkpt lat="45.4990495" lon="7.1589018"/>
    <trkpt lat="45.4993441" lon="7.159149"/>
    <trkpt lat="45.4995607" lon="7.1594086"/>
    <trkpt lat="45.4998003" lon="7.1597257"/>
    <trkpt lat="45.499928" lon="7.1598639"/>
    <trkpt lat="45.5001703" lon="7.1602497"/>
    <trkpt lat="45.5002964" lon="7.1605529"/>
    <trkpt lat="45.5004128" lon="7.1608099"/>
    <trkpt lat="45.5005563" lon="7.1611403"/>
    <trkpt lat="45.5006318" lon="7.1613411"/>
    <trkpt lat="45.5007303" lon="7.1619116"/>
    <trkpt lat="45.5007882" lon="7.1620786"/>
    <trkpt lat="45.5010448" lon="7.1624645"/>
    <trkpt lat="45.5011461" lon="7.1625358"/>
    <trkpt lat="45.5012328" lon="7.1625633"/>
    <trkpt lat="45.5014809" lon="7.1626906"/>
    <trkpt lat="45.5016083" lon="7.1627623"/>
    <trkpt lat="45.5017931" lon="7.1629597"/>
    <trkpt lat="45.5019277" lon="7.163141"/>
    <trkpt lat="45.5020168" lon="7.1632837"/>
    <trkpt lat="45.5021646" lon="7.1634478"/>
    <trkpt lat="45.502434" lon="7.16368"/>
    <trkpt lat="45.5025572" lon="7.163786"/>
    <trkpt lat="45.5026972" lon="7.1639577"/>
    <trkpt lat="45.502748" lon="7.1641132"/>
    <trkpt lat="45.5027574" lon="7.1641883"/>
    <trkpt lat="45.5027498" lon="7.1642996"/>
    <trkpt lat="45.5027662" lon="7.1643467"/>
    <trkpt lat="45.5028937" lon="7.1644123"/>
    <trkpt lat="45.5029352" lon="7.1644827"/>
    <trkpt lat="45.502951" lon="7.1645732"/>
    <trkpt lat="45.5029525" lon="7.1646928"/>
    <trkpt lat="45.5029265" lon="7.1648782"/>
    <trkpt lat="45.5029294" lon="7.1650118"/>
    <trkpt lat="45.5029463" lon="7.1651539"/>
    <trkpt lat="45.5029745" lon="7.165217"/>
    <trkpt lat="45.5030102" lon="7.1652639"/>
    <trkpt lat="45.5030957" lon="7.1652961"/>
    <trkpt lat="45.5031352" lon="7.1653524"/>
    <trkpt lat="45.5031437" lon="7.1653752"/>
    <trkpt lat="45.5031991" lon="7.1653779"/>
    <trkpt lat="45.5032226" lon="7.1654034"/>
    <trkpt lat="45.5032734" lon="7.1654651"/>
    <trkpt lat="45.5033457" lon="7.1655106"/>
    <trkpt lat="45.5034388" lon="7.165563"/>
    <trkpt lat="45.5034915" lon="7.1656005"/>
    <trkpt lat="45.5035563" lon="7.1656072"/>
    <trkpt lat="45.5036165" lon="7.1656354"/>
    <trkpt lat="45.5037076" lon="7.1656984"/>
    <trkpt lat="45.5037866" lon="7.1657789"/>
    <trkpt lat="45.5038317" lon="7.1658956"/>
    <trkpt lat="45.5038975" lon="7.1660256"/>
    <trkpt lat="45.5039464" lon="7.1661061"/>
    <trkpt lat="45.5038961" lon="7.1661899"/>
    <trkpt lat="45.5038956" lon="7.1662114"/>
    <trkpt lat="45.5039111" lon="7.1662315"/>
    <trkpt lat="45.5039328" lon="7.1662442"/>
    <trkpt lat="45.5039544" lon="7.1662496"/>
    <trkpt lat="45.5039656" lon="7.166257"/>
    <trkpt lat="45.5039802" lon="7.1662711"/>
    <trkpt lat="45.5039915" lon="7.1662959"/>
    <trkpt lat="45.5040075" lon="7.1663549"/>
    <trkpt lat="45.504023" lon="7.1664045"/>
    <trkpt lat="45.5040451" lon="7.1664347"/>
    <trkpt lat="45.5040789" lon="7.1664548"/>
    <trkpt lat="45.5040827" lon="7.1664897"/>
    <trkpt lat="45.5041015" lon="7.1665728"/>
    <trkpt lat="45.5041701" lon="7.1666412"/>
    <trkpt lat="45.5042237" lon="7.1666452"/>
    <trkpt lat="45.5042697" lon="7.1666774"/>
    <trkpt lat="45.5043148" lon="7.1667056"/>
    <trkpt lat="45.5043599" lon="7.1667793"/>
    <trkpt lat="45.504406" lon="7.1668893"/>
    <trkpt lat="45.5044436" lon="7.1669349"/>
    <trkpt lat="45.5044699" lon="7.1669859"/>
    <trkpt lat="45.504485" lon="7.1670435"/>
    <trkpt lat="45.5045075" lon="7.1671133"/>
    <trkpt lat="45.5045479" lon="7.167187"/>
    <trkpt lat="45.5045855" lon="7.1672447"/>
    <trkpt lat="45.5046175" lon="7.1673533"/>
    <trkpt lat="45.5048299" lon="7.1679609"/>
    <trkpt lat="45.505016" lon="7.1685872"/>
    <trkpt lat="45.5050698" lon="7.1686716"/>
    <trkpt lat="45.5050887" lon="7.1687351"/>
    <trkpt lat="45.505117" lon="7.168861"/>
    <trkpt lat="45.5051901" lon="7.1689982"/>
    <trkpt lat="45.5053534" lon="7.1691866"/>
    <trkpt lat="45.5054032" lon="7.1692604"/>
    <trkpt lat="45.5055705" lon="7.1695168"/>
    <trkpt lat="45.5057535" lon="7.1696532"/>
    <trkpt lat="45.5058289" lon="7.1697178"/>
    <trkpt lat="45.5059491" lon="7.1699116"/>
    <trkpt lat="45.5060335" lon="7.1700605"/>
    <trkpt lat="45.506186" lon="7.1701754"/>
    <trkpt lat="45.5063762" lon="7.1705091"/>
    <trkpt lat="45.5064451" lon="7.1706323"/>
    <trkpt lat="45.5065819" lon="7.1709683"/>
    <trkpt lat="45.5066974" lon="7.1711695"/>
    <trkpt lat="45.5067406" lon="7.1711967"/>
    <trkpt lat="45.5068392" lon="7.1712382"/>
    <trkpt lat="45.5069175" lon="7.1713222"/>
    <trkpt lat="45.5071586" lon="7.1715176"/>
    <trkpt lat="45.5073094" lon="7.1715751"/>
    <trkpt lat="45.5075714" lon="7.1717814"/>
    <trkpt lat="45.5076719" lon="7.1718119"/>
    <trkpt lat="45.5077526" lon="7.1718747"/>
    <trkpt lat="45.507828" lon="7.1720057"/>
    <trkpt lat="45.5080043" lon="7.1722299"/>
    <trkpt lat="45.5085278" lon="7.1725513"/>
    <trkpt lat="45.5088616" lon="7.1728168"/>
    <trkpt lat="45.5094287" lon="7.1733319"/>
    <trkpt lat="45.5095544" lon="7.1734208"/>
    <trkpt lat="45.5096073" lon="7.1734205"/>
    <trkpt lat="45.5096296" lon="7.1734611"/>
    <trkpt lat="45.5096561" lon="7.1735546"/>
    <trkpt lat="45.5097266" lon="7.1737276"/>
    <trkpt lat="45.5097821" lon="7.1738335"/>
    <trkpt lat="45.5098187" lon="7.1740159"/>
    <trkpt lat="45.5098404" lon="7.1740897"/>
    <trkpt lat="45.5099419" lon="7.1741878"/>
    <trkpt lat="45.5100137" lon="7.1743063"/>
    <trkpt lat="45.5101088" lon="7.1743457"/>
    <trkpt lat="45.5102175" lon="7.1743484"/>
    <trkpt lat="45.510367" lon="7.174466"/>
    <trkpt lat="45.5104768" lon="7.1745792"/>
    <trkpt lat="45.5105805" lon="7.174627"/>
    <trkpt lat="45.5106446" lon="7.1747011"/>
    <trkpt lat="45.51073" lon="7.1747054"/>
    <trkpt lat="45.5107961" lon="7.174798"/>
    <trkpt lat="45.5108786" lon="7.1748769"/>
    <trkpt lat="45.5109629" lon="7.1749092"/>
    <trkpt lat="45.5110886" lon="7.1749056"/>
    <trkpt lat="45.5111819" lon="7.1748931"/>
    <trkpt lat="45.5113218" lon="7.1749666"/>
    <trkpt lat="45.5114582" lon="7.17499"/>
    <trkpt lat="45.5115813" lon="7.1749797"/>
    <trkpt lat="45.5117059" lon="7.175033"/>
    <trkpt lat="45.5118135" lon="7.175103"/>
    <trkpt lat="45.5118742" lon="7.1752453"/>
    <trkpt lat="45.5119661" lon="7.1753202"/>
    <trkpt lat="45.5120091" lon="7.1755373"/>
    <trkpt lat="45.5120486" lon="7.1756701"/>
    <trkpt lat="45.5121383" lon="7.1757185"/>
    <trkpt lat="45.5123967" lon="7.1757365"/>
    <trkpt lat="45.5124739" lon="7.1756485"/>
    <trkpt lat="45.5126731" lon="7.1756342"/>
    <trkpt lat="45.5127395" lon="7.1757347"/>
    <trkpt lat="45.5128292" lon="7.1757239"/>
    <trkpt lat="45.5129423" lon="7.1757598"/>
    <trkpt lat="45.5131504" lon="7.175749"/>
    <trkpt lat="45.5132473" lon="7.1758334"/>
    <trkpt lat="45.5133855" lon="7.1758549"/>
    <trkpt lat="45.5135273" lon="7.1758872"/>
    <trkpt lat="45.5136331" lon="7.17595"/>
    <trkpt lat="45.5137408" lon="7.1761079"/>
    <trkpt lat="45.5138449" lon="7.176203"/>
    <trkpt lat="45.5140136" lon="7.1763179"/>
    <trkpt lat="45.5142379" lon="7.1765045"/>
    <trkpt lat="45.5145824" lon="7.176876"/>
    <trkpt lat="45.5147403" lon="7.1770662"/>
    <trkpt lat="45.5147852" lon="7.1772313"/>
    <trkpt lat="45.5148354" lon="7.17726"/>
    <trkpt lat="45.5149934" lon="7.1773695"/>
    <trkpt lat="45.5151746" lon="7.1775794"/>
    <trkpt lat="45.5152392" lon="7.1775991"/>
    <trkpt lat="45.5153487" lon="7.1777983"/>
    <trkpt lat="45.5154456" lon="7.1778845"/>
    <trkpt lat="45.5155479" lon="7.1780998"/>
    <trkpt lat="45.5156878" lon="7.178238"/>
    <trkpt lat="45.515819" lon="7.178441"/>
    <trkpt lat="45.5159731" lon="7.1785861"/>
    <trkpt lat="45.5161393" lon="7.1788459"/>
    <trkpt lat="45.5164523" lon="7.1789719"/>
    <trkpt lat="45.5166909" lon="7.1789414"/>
    <trkpt lat="45.5168991" lon="7.178875"/>
    <trkpt lat="45.5170319" lon="7.1788122"/>
    <trkpt lat="45.5174303" lon="7.1788212"/>
    <trkpt lat="45.517782" lon="7.1787028"/>
    <trkpt lat="45.5181929" lon="7.1785161"/>
    <trkpt lat="45.5182888" lon="7.1785073"/>
    <trkpt lat="45.5183636" lon="7.1785367"/>
    <trkpt lat="45.5184551" lon="7.1786119"/>
    <trkpt lat="45.5185472" lon="7.1786803"/>
    <trkpt lat="45.5186009" lon="7.178777"/>
    <trkpt lat="45.5186936" lon="7.1788948"/>
    <trkpt lat="45.5187845" lon="7.17899"/>
    <trkpt lat="45.5188371" lon="7.1789342"/>
    <trkpt lat="45.518873" lon="7.1790563"/>
    <trkpt lat="45.5189681" lon="7.1791675"/>
    <trkpt lat="45.5191009" lon="7.1791783"/>
    <trkpt lat="45.5192248" lon="7.1791065"/>
    <trkpt lat="45.5193432" lon="7.1790719"/>
    <trkpt lat="45.5195262" lon="7.1790778"/>
    <trkpt lat="45.5196124" lon="7.1791496"/>
    <trkpt lat="45.519714" lon="7.1792534"/>
    <trkpt lat="45.5198062" lon="7.1793533"/>
    <trkpt lat="45.5198258" lon="7.1794788"/>
    <trkpt lat="45.5198253" lon="7.179629"/>
    <trkpt lat="45.5199375" lon="7.1796847"/>
    <trkpt lat="45.5199434" lon="7.1798082"/>
    <trkpt lat="45.5200179" lon="7.1798944"/>
    <trkpt lat="45.520263" lon="7.1799435"/>
    <trkpt lat="45.5204146" lon="7.1800877"/>
    <trkpt lat="45.5205103" lon="7.1802624"/>
    <trkpt lat="45.5206059" lon="7.1804918"/>
    <trkpt lat="45.5205983" lon="7.1805901"/>
    <trkpt lat="45.5205957" lon="7.1806803"/>
    <trkpt lat="45.5206011" lon="7.180761"/>
    <trkpt lat="45.520646" lon="7.1808543"/>
    <trkpt lat="45.5206551" lon="7.1809982"/>
    <trkpt lat="45.5208021" lon="7.1811589"/>
    <trkpt lat="45.5207276" lon="7.1813119"/>
    <trkpt lat="45.5206609" lon="7.1814962"/>
    <trkpt lat="45.5206727" lon="7.181551"/>
    <trkpt lat="45.5207943" lon="7.1815805"/>
    <trkpt lat="45.5209082" lon="7.1817588"/>
    <trkpt lat="45.5210705" lon="7.1819159"/>
    <trkpt lat="45.5211599" lon="7.1819917"/>
    <trkpt lat="45.5212305" lon="7.1820982"/>
    <trkpt lat="45.5213519" lon="7.1822655"/>
    <trkpt lat="45.5214189" lon="7.1823802"/>
    <trkpt lat="45.5214737" lon="7.1824949"/>
    <trkpt lat="45.5215013" lon="7.1825998"/>
    <trkpt lat="45.5215469" lon="7.1828422"/>
    <trkpt lat="45.5216429" lon="7.1829973"/>
    <trkpt lat="45.5216494" lon="7.1830079"/>
    <trkpt lat="45.5216855" lon="7.1830301"/>
    <trkpt lat="45.5217608" lon="7.1829531"/>
    <trkpt lat="45.5218285" lon="7.1829477"/>
    <trkpt lat="45.5218658" lon="7.1829561"/>
    <trkpt lat="45.5219581" lon="7.1829933"/>
    <trkpt lat="45.5220064" lon="7.1830094"/>
    <trkpt lat="45.5220822" lon="7.1830362"/>
    <trkpt lat="45.5221012" lon="7.1830624"/>
    <trkpt lat="45.5221197" lon="7.1831354"/>
    <trkpt lat="45.522147" lon="7.1832173"/>
    <trkpt lat="45.5221818" lon="7.1832447"/>
    <trkpt lat="45.5222461" lon="7.1832729"/>
    <trkpt lat="45.5222757" lon="7.1832816"/>
    <trkpt lat="45.5222835" lon="7.1833092"/>
    <trkpt lat="45.5222851" lon="7.1834144"/>
    <trkpt lat="45.522302" lon="7.1835431"/>
    <trkpt lat="45.5223347" lon="7.183666"/>
    <trkpt lat="45.5223791" lon="7.1837416"/>
    <trkpt lat="45.5224467" lon="7.1838208"/>
    <trkpt lat="45.5225116" lon="7.183861"/>
    <trkpt lat="45.5225267" lon="7.1838668"/>
    <trkpt lat="45.5225614" lon="7.1839133"/>
    <trkpt lat="45.5225839" lon="7.1839777"/>
    <trkpt lat="45.5225896" lon="7.1840367"/>
    <trkpt lat="45.5225943" lon="7.1840823"/>
    <trkpt lat="45.5226093" lon="7.1841118"/>
    <trkpt lat="45.5226375" lon="7.1841426"/>
    <trkpt lat="45.5226318" lon="7.1841775"/>
    <trkpt lat="45.5226196" lon="7.1842003"/>
    <trkpt lat="45.5226215" lon="7.1842486"/>
    <trkpt lat="45.5226253" lon="7.1843424"/>
    <trkpt lat="45.5226568" lon="7.1843966"/>
    <trkpt lat="45.5226995" lon="7.1844242"/>
    <trkpt lat="45.5227493" lon="7.1844457"/>
    <trkpt lat="45.52277" lon="7.1844833"/>
    <trkpt lat="45.5227906" lon="7.1845369"/>
    <trkpt lat="45.5228169" lon="7.1845651"/>
    <trkpt lat="45.5228442" lon="7.1845812"/>
    <trkpt lat="45.5228724" lon="7.1846254"/>
    <trkpt lat="45.5229043" lon="7.1846898"/>
    <trkpt lat="45.5229165" lon="7.1847394"/>
    <trkpt lat="45.5229156" lon="7.1848132"/>
    <trkpt lat="45.5228893" lon="7.1848829"/>
    <trkpt lat="45.5228517" lon="7.1849258"/>
    <trkpt lat="45.5227671" lon="7.1849446"/>
    <trkpt lat="45.5226826" lon="7.1849325"/>
    <trkpt lat="45.5226422" lon="7.1849419"/>
    <trkpt lat="45.5225792" lon="7.1849929"/>
    <trkpt lat="45.5225539" lon="7.185068"/>
    <trkpt lat="45.5225332" lon="7.1851283"/>
    <trkpt lat="45.5225106" lon="7.1851739"/>
    <trkpt lat="45.5225069" lon="7.1852142"/>
    <trkpt lat="45.5225228" lon="7.1852356"/>
    <trkpt lat="45.5225745" lon="7.185308"/>
    <trkpt lat="45.5226005" lon="7.1853495"/>
    <trkpt lat="45.522629" lon="7.1853952"/>
    <trkpt lat="45.5226488" lon="7.1854448"/>
    <trkpt lat="45.5226568" lon="7.1854779"/>
    <trkpt lat="45.5226478" lon="7.1855722"/>
    <trkpt lat="45.5226478" lon="7.1856594"/>
    <trkpt lat="45.5226563" lon="7.1857868"/>
    <trkpt lat="45.5226353" lon="7.1858753"/>
    <trkpt lat="45.52263" lon="7.1859813"/>
    <trkpt lat="45.522653" lon="7.1860513"/>
    <trkpt lat="45.5227066" lon="7.1862807"/>
    <trkpt lat="45.5228137" lon="7.1864882"/>
    <trkpt lat="45.5228635" lon="7.1866575"/>
    <trkpt lat="45.5229782" lon="7.1867449"/>
    <trkpt lat="45.5230919" lon="7.1867869"/>
    <trkpt lat="45.5231045" lon="7.1869524"/>
    <trkpt lat="45.5231062" lon="7.1872571"/>
    <trkpt lat="45.5231542" lon="7.1873401"/>
    <trkpt lat="45.5233073" lon="7.1873838"/>
    <trkpt lat="45.5235866" lon="7.1874439"/>
    <trkpt lat="45.5238238" lon="7.1874876"/>
    <trkpt lat="45.5240836" lon="7.1875689"/>
    <trkpt lat="45.5241369" lon="7.1876315"/>
    <trkpt lat="45.5242356" lon="7.1876897"/>
    <trkpt lat="45.5243124" lon="7.1877299"/>
    <trkpt lat="45.5244174" lon="7.1877836"/>
    <trkpt lat="45.5244362" lon="7.1878306"/>
    <trkpt lat="45.5244892" lon="7.1879541"/>
    <trkpt lat="45.5245234" lon="7.1880737"/>
    <trkpt lat="45.5245569" lon="7.1881795"/>
    <trkpt lat="45.5246258" lon="7.1883048"/>
    <trkpt lat="45.5246493" lon="7.1883898"/>
    <trkpt lat="45.524665" lon="7.188524"/>
    <trkpt lat="45.524676" lon="7.1886649"/>
    <trkpt lat="45.5246807" lon="7.1888081"/>
    <trkpt lat="45.5246838" lon="7.1889065"/>
    <trkpt lat="45.5246739" lon="7.1890137"/>
    <trkpt lat="45.5246009" lon="7.1890119"/>
    <trkpt lat="45.5245427" lon="7.1889813"/>
    <trkpt lat="45.5244264" lon="7.1889988"/>
    <trkpt lat="45.5243009" lon="7.1889463"/>
    <trkpt lat="45.5241846" lon="7.1890162"/>
    <trkpt lat="45.5240346" lon="7.1889725"/>
    <trkpt lat="45.5238571" lon="7.1889158"/>
    <trkpt lat="45.5237653" lon="7.1890162"/>
    <trkpt lat="45.5237744" lon="7.1891124"/>
    <trkpt lat="45.5238571" lon="7.1891648"/>
    <trkpt lat="45.5237469" lon="7.1892478"/>
    <trkpt lat="45.523753" lon="7.1893133"/>
    <trkpt lat="45.5237989" lon="7.1893526"/>
    <trkpt lat="45.523903" lon="7.1893701"/>
    <trkpt lat="45.5240377" lon="7.1894225"/>
    <trkpt lat="45.5241632" lon="7.1894138"/>
    <trkpt lat="45.5240897" lon="7.1895492"/>
    <trkpt lat="45.5241846" lon="7.1896104"/>
    <trkpt lat="45.5243165" lon="7.1895885"/>
    <trkpt lat="45.5244342" lon="7.1895506"/>
    <trkpt lat="45.5243468" lon="7.1896872"/>
    <trkpt lat="45.5243241" lon="7.1897461"/>
    <trkpt lat="45.5243886" lon="7.1897783"/>
    <trkpt lat="45.5244797" lon="7.1897726"/>
    <trkpt lat="45.5246316" lon="7.1899397"/>
    <trkpt lat="45.5247398" lon="7.1899834"/>
    <trkpt lat="45.5248764" lon="7.1900707"/>
    <trkpt lat="45.5249865" lon="7.1901485"/>
    <trkpt lat="45.5251308" lon="7.1902605"/>
    <trkpt lat="45.5250549" lon="7.1903023"/>
    <trkpt lat="45.5249774" lon="7.1902789"/>
    <trkpt lat="45.524858" lon="7.1902832"/>
    <trkpt lat="45.5248794" lon="7.1903619"/>
    <trkpt lat="45.524996" lon="7.1904256"/>
    <trkpt lat="45.5250511" lon="7.1904921"/>
    <trkpt lat="45.52496" lon="7.1905471"/>
    <trkpt lat="45.5248043" lon="7.190494"/>
    <trkpt lat="45.5248404" lon="7.1906003"/>
    <trkpt lat="45.5249505" lon="7.1907199"/>
    <trkpt lat="45.5249979" lon="7.1908433"/>
    <trkpt lat="45.525109" lon="7.1909255"/>
    <trkpt lat="45.5252192" lon="7.1909604"/>
    <trkpt lat="45.525363" lon="7.1909823"/>
    <trkpt lat="45.5254273" lon="7.1911221"/>
    <trkpt lat="45.5254838" lon="7.1910696"/>
    <trkpt lat="45.5255427" lon="7.1911064"/>
    <trkpt lat="45.525574" lon="7.1911958"/>
    <trkpt lat="45.5255491" lon="7.1913495"/>
    <trkpt lat="45.525461" lon="7.1913929"/>
    <trkpt lat="45.5253998" lon="7.1913012"/>
    <trkpt lat="45.5253569" lon="7.1913318"/>
    <trkpt lat="45.5253355" lon="7.1914847"/>
    <trkpt lat="45.5251672" lon="7.1914672"/>
    <trkpt lat="45.5250661" lon="7.1913755"/>
    <trkpt lat="45.5249866" lon="7.191406"/>
    <trkpt lat="45.525008" lon="7.1915633"/>
    <trkpt lat="45.524959" lon="7.1916594"/>
    <trkpt lat="45.5250202" lon="7.1917643"/>
    <trkpt lat="45.5251212" lon="7.1918997"/>
    <trkpt lat="45.525186" lon="7.1920329"/>
    <trkpt lat="45.5251446" lon="7.1922066"/>
    <trkpt lat="45.5251446" lon="7.1923683"/>
    <trkpt lat="45.5251997" lon="7.1925299"/>
    <trkpt lat="45.5252061" lon="7.1925757"/>
    <trkpt lat="45.525215" lon="7.1926392"/>
    <trkpt lat="45.5251997" lon="7.1929275"/>
    <trkpt lat="45.5251722" lon="7.1931459"/>
    <trkpt lat="45.5251783" lon="7.1934474"/>
    <trkpt lat="45.5252303" lon="7.1936571"/>
    <trkpt lat="45.5252637" lon="7.1938956"/>
    <trkpt lat="45.5253548" lon="7.1940797"/>
    <trkpt lat="45.5253662" lon="7.194224"/>
    <trkpt lat="45.5254022" lon="7.1943379"/>
    <trkpt lat="45.5254478" lon="7.1944651"/>
    <trkpt lat="45.5254232" lon="7.19471"/>
    <trkpt lat="45.5254293" lon="7.1949241"/>
    <trkpt lat="45.5254497" lon="7.1951541"/>
    <trkpt lat="45.5254354" lon="7.1953173"/>
    <trkpt lat="45.5254018" lon="7.1954265"/>
    <trkpt lat="45.5253283" lon="7.1953654"/>
    <trkpt lat="45.5252763" lon="7.195195"/>
    <trkpt lat="45.5251967" lon="7.1952081"/>
    <trkpt lat="45.5251599" lon="7.1953217"/>
    <trkpt lat="45.5251569" lon="7.1954921"/>
    <trkpt lat="45.5251355" lon="7.1956144"/>
    <trkpt lat="45.5250559" lon="7.1956756"/>
    <trkpt lat="45.5249181" lon="7.1957367"/>
    <trkpt lat="45.5248569" lon="7.1959333"/>
    <trkpt lat="45.5248447" lon="7.1962566"/>
    <trkpt lat="45.5247743" lon="7.1963615"/>
    <trkpt lat="45.5246396" lon="7.1965275"/>
    <trkpt lat="45.5245447" lon="7.1966717"/>
    <trkpt lat="45.5244253" lon="7.1967503"/>
    <trkpt lat="45.5243427" lon="7.1968595"/>
    <trkpt lat="45.5243702" lon="7.1969513"/>
    <trkpt lat="45.5244406" lon="7.1969163"/>
    <trkpt lat="45.5245019" lon="7.1969207"/>
    <trkpt lat="45.5244682" lon="7.1970518"/>
    <trkpt lat="45.5245416" lon="7.1970867"/>
    <trkpt lat="45.5246182" lon="7.1970911"/>
    <trkpt lat="45.5247284" lon="7.1971479"/>
    <trkpt lat="45.5248018" lon="7.1971654"/>
    <trkpt lat="45.5248998" lon="7.197126"/>
    <trkpt lat="45.5249457" lon="7.1971828"/>
    <trkpt lat="45.5249702" lon="7.1973532"/>
    <trkpt lat="45.5250069" lon="7.1974799"/>
    <trkpt lat="45.5250651" lon="7.1975586"/>
    <trkpt lat="45.5250895" lon="7.1976678"/>
    <trkpt lat="45.525062" lon="7.1977901"/>
    <trkpt lat="45.5250038" lon="7.1979605"/>
    <trkpt lat="45.5249181" lon="7.1980392"/>
    <trkpt lat="45.5248508" lon="7.1981309"/>
    <trkpt lat="45.5247712" lon="7.1981877"/>
    <trkpt lat="45.5247272" lon="7.1983045"/>
    <trkpt lat="45.5247155" lon="7.198494"/>
    <trkpt lat="45.5247232" lon="7.1987223"/>
    <trkpt lat="45.524759" lon="7.1989479"/>
    <trkpt lat="45.5247988" lon="7.1990571"/>
    <trkpt lat="45.5248508" lon="7.1992406"/>
    <trkpt lat="45.5248416" lon="7.1992887"/>
    <trkpt lat="45.5247625" lon="7.1993587"/>
    <trkpt lat="45.5246695" lon="7.1994195"/>
    <trkpt lat="45.5245537" lon="7.1995239"/>
    <trkpt lat="45.5244927" lon="7.1996382"/>
    <trkpt lat="45.5244621" lon="7.1997998"/>
    <trkpt lat="45.524511" lon="7.1998304"/>
    <trkpt lat="45.5245692" lon="7.1998435"/>
    <trkpt lat="45.5246335" lon="7.1998916"/>
    <trkpt lat="45.5247069" lon="7.2000052"/>
    <trkpt lat="45.5247437" lon="7.2000663"/>
    <trkpt lat="45.5247743" lon="7.2001319"/>
    <trkpt lat="45.5247253" lon="7.2001805"/>
    <trkpt lat="45.5246396" lon="7.2001855"/>
    <trkpt lat="45.5245214" lon="7.2002103"/>
    <trkpt lat="45.5244657" lon="7.2002608"/>
    <trkpt lat="45.5244557" lon="7.2003252"/>
    <trkpt lat="45.5244806" lon="7.2003664"/>
    <trkpt lat="45.524542" lon="7.2003812"/>
    <trkpt lat="45.5246319" lon="7.2004044"/>
    <trkpt lat="45.5247097" lon="7.2004637"/>
    <trkpt lat="45.5247291" lon="7.2147432"/>
    <trkpt lat="45.5247929" lon="7.2147607"/>
    <trkpt lat="45.5248567" lon="7.2147782"/>
    <trkpt lat="45.5249181" lon="7.2147712"/>
    <trkpt lat="45.5250016" lon="7.2147922"/>
    <trkpt lat="45.5250605" lon="7.2147852"/>
    <trkpt lat="45.5251341" lon="7.2148273"/>
    <trkpt lat="45.5252004" lon="7.2149079"/>
    <trkpt lat="45.5252446" lon="7.2149814"/>
    <trkpt lat="45.5252912" lon="7.2150585"/>
    <trkpt lat="45.5253354" lon="7.2151181"/>
    <trkpt lat="45.5253722" lon="7.2151742"/>
    <trkpt lat="45.5253771" lon="7.2152197"/>
    <trkpt lat="45.525441" lon="7.2152793"/>
    <trkpt lat="45.5254655" lon="7.2153108"/>
    <trkpt lat="45.525522" lon="7.2153809"/>
    <trkpt lat="45.5255809" lon="7.215479"/>
    <trkpt lat="45.5255809" lon="7.2155666"/>
    <trkpt lat="45.5256005" lon="7.2156647"/>
    <trkpt lat="45.5256251" lon="7.2157628"/>
    <trkpt lat="45.5256815" lon="7.2158259"/>
    <trkpt lat="45.5257331" lon="7.2158994"/>
    <trkpt lat="45.5257527" lon="7.2160011"/>
    <trkpt lat="45.5257625" lon="7.2161342"/>
    <trkpt lat="45.5257993" lon="7.2162113"/>
    <trkpt lat="45.5258607" lon="7.2162954"/>
    <trkpt lat="45.5259147" lon="7.2163795"/>
    <trkpt lat="45.5259589" lon="7.216439"/>
    <trkpt lat="45.526008" lon="7.2165091"/>
    <trkpt lat="45.5260473" lon="7.2165687"/>
    <trkpt lat="45.5260767" lon="7.2166493"/>
    <trkpt lat="45.5260105" lon="7.2166773"/>
    <trkpt lat="45.5260424" lon="7.2167649"/>
    <trkpt lat="45.5260792" lon="7.216842"/>
    <trkpt lat="45.5261086" lon="7.2169611"/>
    <trkpt lat="45.5261234" lon="7.2170942"/>
    <trkpt lat="45.5261577" lon="7.2171783"/>
    <trkpt lat="45.526197" lon="7.2172799"/>
    <trkpt lat="45.526224" lon="7.2173535"/>
    <trkpt lat="45.5262756" lon="7.2174516"/>
    <trkpt lat="45.526305" lon="7.2175007"/>
    <trkpt lat="45.5263443" lon="7.2174937"/>
    <trkpt lat="45.5263934" lon="7.2175077"/>
    <trkpt lat="45.5264523" lon="7.2175918"/>
    <trkpt lat="45.5265063" lon="7.2176794"/>
    <trkpt lat="45.5265554" lon="7.2177249"/>
    <trkpt lat="45.5265947" lon="7.2178125"/>
    <trkpt lat="45.5266241" lon="7.2178511"/>
    <trkpt lat="45.5266585" lon="7.2179211"/>
    <trkpt lat="45.5267051" lon="7.2180017"/>
    <trkpt lat="45.5267493" lon="7.2180403"/>
    <trkpt lat="45.526791" lon="7.2181349"/>
    <trkpt lat="45.5268352" lon="7.2181594"/>
    <trkpt lat="45.5269187" lon="7.2182015"/>
    <trkpt lat="45.526985" lon="7.218275"/>
    <trkpt lat="45.5270242" lon="7.2183346"/>
    <trkpt lat="45.5270733" lon="7.2183907"/>
    <trkpt lat="45.52712" lon="7.2185483"/>
    <trkpt lat="45.5271593" lon="7.218706"/>
    <trkpt lat="45.5271666" lon="7.2187901"/>
    <trkpt lat="45.5271789" lon="7.2189127"/>
    <trkpt lat="45.5272133" lon="7.2190108"/>
    <trkpt lat="45.527228" lon="7.219151"/>
    <trkpt lat="45.5272329" lon="7.2192386"/>
    <trkpt lat="45.5272353" lon="7.2193892"/>
    <trkpt lat="45.5272403" lon="7.2195329"/>
    <trkpt lat="45.5272403" lon="7.2196485"/>
    <trkpt lat="45.5272599" lon="7.2197431"/>
    <trkpt lat="45.5272623" lon="7.2198658"/>
    <trkpt lat="45.5272992" lon="7.2199709"/>
    <trkpt lat="45.5273753" lon="7.220048"/>
    <trkpt lat="45.5274342" lon="7.2201636"/>
    <trkpt lat="45.5274955" lon="7.2202547"/>
    <trkpt lat="45.5275545" lon="7.2203668"/>
    <trkpt lat="45.5275864" lon="7.2204299"/>
    <trkpt lat="45.5276232" lon="7.2204194"/>
    <trkpt lat="45.527687" lon="7.2204474"/>
    <trkpt lat="45.5277385" lon="7.2205105"/>
    <trkpt lat="45.5277926" lon="7.220584"/>
    <trkpt lat="45.5278588" lon="7.2207032"/>
    <trkpt lat="45.5278809" lon="7.2207382"/>
    <trkpt lat="45.5279349" lon="7.2208468"/>
    <trkpt lat="45.5279938" lon="7.220959"/>
    <trkpt lat="45.5280282" lon="7.2210746"/>
    <trkpt lat="45.5280699" lon="7.2211517"/>
    <trkpt lat="45.5281092" lon="7.2211517"/>
    <trkpt lat="45.5281681" lon="7.2212077"/>
    <trkpt lat="45.5282565" lon="7.2212603"/>
    <trkpt lat="45.5283178" lon="7.2213233"/>
    <trkpt lat="45.5283669" lon="7.2213934"/>
    <trkpt lat="45.5283939" lon="7.2214285"/>
    <trkpt lat="45.52847" lon="7.221425"/>
    <trkpt lat="45.5285329" lon="7.2213801"/>
    <trkpt lat="45.5286124" lon="7.2214144"/>
    <trkpt lat="45.5286713" lon="7.2214425"/>
    <trkpt lat="45.52874" lon="7.2215126"/>
    <trkpt lat="45.5288063" lon="7.2215896"/>
    <trkpt lat="45.5288701" lon="7.2216842"/>
    <trkpt lat="45.5289069" lon="7.2217543"/>
    <trkpt lat="45.5289581" lon="7.2217993"/>
    <trkpt lat="45.5290119" lon="7.2218103"/>
    <trkpt lat="45.5290658" lon="7.2218871"/>
    <trkpt lat="45.5291247" lon="7.2219128"/>
    <trkpt lat="45.5291683" lon="7.221953"/>
    <trkpt lat="45.5292298" lon="7.2220591"/>
    <trkpt lat="45.5292478" lon="7.2221689"/>
    <trkpt lat="45.5292862" lon="7.2222896"/>
    <trkpt lat="45.5293016" lon="7.2223811"/>
    <trkpt lat="45.5293606" lon="7.2224287"/>
    <trkpt lat="45.5294118" lon="7.2225458"/>
    <trkpt lat="45.5294285" lon="7.2226047"/>
    <trkpt lat="45.5294503" lon="7.2226812"/>
    <trkpt lat="45.5294657" lon="7.2227763"/>
    <trkpt lat="45.5294759" lon="7.2228751"/>
    <trkpt lat="45.5295092" lon="7.2229666"/>
    <trkpt lat="45.5295682" lon="7.2231532"/>
    <trkpt lat="45.5295803" lon="7.2232594"/>
    <trkpt lat="45.5295461" lon="7.2234268"/>
    <trkpt lat="45.5295023" lon="7.2235406"/>
    <trkpt lat="45.5293721" lon="7.2237188"/>
    <trkpt lat="45.529305" lon="7.2238021"/>
    <trkpt lat="45.5292554" lon="7.2240522"/>
    <trkpt lat="45.5291613" lon="7.2241223"/>
    <trkpt lat="45.5291055" lon="7.2242529"/>
    <trkpt lat="45.5290936" lon="7.2243816"/>
    <trkpt lat="45.5290656" lon="7.2244523"/>
    <trkpt lat="45.5290305" lon="7.2246023"/>
    <trkpt lat="45.5289867" lon="7.2246732"/>
    <trkpt lat="45.5289517" lon="7.2247316"/>
    <trkpt lat="45.5288933" lon="7.2249691"/>
    <trkpt lat="45.5288875" lon="7.2251275"/>
    <trkpt lat="45.5288262" lon="7.2252692"/>
    <trkpt lat="45.5286662" lon="7.2254939"/>
    <trkpt lat="45.5287175" lon="7.2256239"/>
    <trkpt lat="45.5287999" lon="7.2257943"/>
    <trkpt lat="45.5288816" lon="7.2258152"/>
    <trkpt lat="45.5289897" lon="7.2258068"/>
    <trkpt lat="45.5290769" lon="7.2258813"/>
    <trkpt lat="45.5291322" lon="7.2259193"/>
    <trkpt lat="45.5291444" lon="7.2259777"/>
    <trkpt lat="45.5291502" lon="7.2261194"/>
    <trkpt lat="45.5290994" lon="7.2263041"/>
    <trkpt lat="45.529118" lon="7.2265072"/>
    <trkpt lat="45.5291149" lon="7.2267176"/>
    <trkpt lat="45.5291348" lon="7.2268654"/>
    <trkpt lat="45.5291801" lon="7.2269635"/>
    <trkpt lat="45.5292182" lon="7.2270258"/>
    <trkpt lat="45.529263" lon="7.2271311"/>
    <trkpt lat="45.5293167" lon="7.2272364"/>
    <trkpt lat="45.5293663" lon="7.2273073"/>
    <trkpt lat="45.5293809" lon="7.2274448"/>
    <trkpt lat="45.5294568" lon="7.2275657"/>
    <trkpt lat="45.5294889" lon="7.2276824"/>
    <trkpt lat="45.5295502" lon="7.227699"/>
    <trkpt lat="45.5295765" lon="7.2278532"/>
    <trkpt lat="45.5295561" lon="7.227995"/>
    <trkpt lat="45.5295707" lon="7.2280825"/>
    <trkpt lat="45.5296437" lon="7.2281075"/>
    <trkpt lat="45.5296904" lon="7.2281325"/>
    <trkpt lat="45.5297167" lon="7.228295"/>
    <trkpt lat="45.5297313" lon="7.2284492"/>
    <trkpt lat="45.5297605" lon="7.2285659"/>
    <trkpt lat="45.5298335" lon="7.228741"/>
    <trkpt lat="45.5299269" lon="7.2288952"/>
    <trkpt lat="45.5300086" lon="7.2290286"/>
    <trkpt lat="45.5300554" lon="7.2291286"/>
    <trkpt lat="45.5301254" lon="7.229262"/>
    <trkpt lat="45.5301926" lon="7.229362"/>
    <trkpt lat="45.5302568" lon="7.2294787"/>
    <trkpt lat="45.5302948" lon="7.2295412"/>
    <trkpt lat="45.5302773" lon="7.2297663"/>
    <trkpt lat="45.5302831" lon="7.229908"/>
    <trkpt lat="45.5303444" lon="7.2300705"/>
    <trkpt lat="45.530397" lon="7.2301914"/>
    <trkpt lat="45.5304466" lon="7.2302956"/>
    <trkpt lat="45.530505" lon="7.2303998"/>
    <trkpt lat="45.5305663" lon="7.2305498"/>
    <trkpt lat="45.5306451" lon="7.230679"/>
    <trkpt lat="45.5306831" lon="7.2307707"/>
    <trkpt lat="45.5307561" lon="7.2307999"/>
    <trkpt lat="45.5308729" lon="7.2307791"/>
    <trkpt lat="45.5310189" lon="7.2307457"/>
    <trkpt lat="45.5311327" lon="7.2307332"/>
    <trkpt lat="45.5312524" lon="7.2307082"/>
    <trkpt lat="45.5313605" lon="7.230654"/>
    <trkpt lat="45.5314188" lon="7.2306665"/>
    <trkpt lat="45.5313751" lon="7.2308207"/>
    <trkpt lat="45.5313634" lon="7.231"/>
    <trkpt lat="45.5313896" lon="7.231175"/>
    <trkpt lat="45.5314013" lon="7.2313709"/>
    <trkpt lat="45.5314626" lon="7.2314584"/>
    <trkpt lat="45.5315531" lon="7.2315168"/>
    <trkpt lat="45.5316583" lon="7.231621"/>
    <trkpt lat="45.53174" lon="7.2316793"/>
    <trkpt lat="45.5318218" lon="7.231696"/>
    <trkpt lat="45.5319006" lon="7.2316918"/>
    <trkpt lat="45.5320028" lon="7.231721"/>
    <trkpt lat="45.5321079" lon="7.2317335"/>
    <trkpt lat="45.5321604" lon="7.2317877"/>
    <trkpt lat="45.5322393" lon="7.2318043"/>
    <trkpt lat="45.5323473" lon="7.231846"/>
    <trkpt lat="45.532429" lon="7.2318293"/>
    <trkpt lat="45.5325487" lon="7.231846"/>
    <trkpt lat="45.532683" lon="7.2318293"/>
    <trkpt lat="45.5328232" lon="7.231821"/>
    <trkpt lat="45.5329283" lon="7.2317893"/>
    <trkpt lat="45.5330451" lon="7.2317585"/>
    <trkpt lat="45.533121" lon="7.2317418"/>
    <trkpt lat="45.5331677" lon="7.2317918"/>
    <trkpt lat="45.5332348" lon="7.231896"/>
    <trkpt lat="45.5332699" lon="7.2320586"/>
    <trkpt lat="45.5333408" lon="7.2321215"/>
    <trkpt lat="45.5333884" lon="7.2322461"/>
    <trkpt lat="45.5334485" lon="7.2323795"/>
    <trkpt lat="45.5334686" lon="7.2324723"/>
    <trkpt lat="45.5335334" lon="7.2325362"/>
    <trkpt lat="45.5335755" lon="7.232544"/>
    <trkpt lat="45.5337136" lon="7.2326212"/>
    <trkpt lat="45.5337866" lon="7.2327171"/>
    <trkpt lat="45.5338064" lon="7.2329164"/>
    <trkpt lat="45.5338225" lon="7.2331039"/>
    <trkpt lat="45.5339082" lon="7.2333196"/>
    <trkpt lat="45.5339238" lon="7.2334631"/>
    <trkpt lat="45.5339501" lon="7.233559"/>
    <trkpt lat="45.5340202" lon="7.2336507"/>
    <trkpt lat="45.534134" lon="7.2336382"/>
    <trkpt lat="45.5342479" lon="7.2335923"/>
    <trkpt lat="45.5343647" lon="7.2335673"/>
    <trkpt lat="45.5344406" lon="7.2335215"/>
    <trkpt lat="45.5345311" lon="7.233509"/>
    <trkpt lat="45.5346712" lon="7.2334923"/>
    <trkpt lat="45.5347763" lon="7.2334715"/>
    <trkpt lat="45.5348931" lon="7.2334965"/>
    <trkpt lat="45.5349894" lon="7.233534"/>
    <trkpt lat="45.5350829" lon="7.2335507"/>
    <trkpt lat="45.5351704" lon="7.2335673"/>
    <trkpt lat="45.5352434" lon="7.2335673"/>
    <trkpt lat="45.5353427" lon="7.233584"/>
    <trkpt lat="45.5354332" lon="7.2335632"/>
    <trkpt lat="45.5355033" lon="7.2334881"/>
    <trkpt lat="45.5355617" lon="7.2334173"/>
    <trkpt lat="45.5356317" lon="7.2333423"/>
    <trkpt lat="45.5356697" lon="7.2332714"/>
    <trkpt lat="45.535731" lon="7.2332131"/>
    <trkpt lat="45.5358069" lon="7.2332006"/>
    <trkpt lat="45.5358682" lon="7.2331922"/>
    <trkpt lat="45.5359259" lon="7.2331722"/>
    <trkpt lat="45.5359587" lon="7.2331964"/>
    <trkpt lat="45.5360258" lon="7.2333339"/>
    <trkpt lat="45.5360988" lon="7.2334215"/>
    <trkpt lat="45.5361718" lon="7.2335131"/>
    <trkpt lat="45.5362565" lon="7.2336173"/>
    <trkpt lat="45.5363353" lon="7.2336924"/>
    <trkpt lat="45.5364491" lon="7.2338216"/>
    <trkpt lat="45.5365134" lon="7.2338966"/>
    <trkpt lat="45.5365601" lon="7.2339883"/>
    <trkpt lat="45.5366156" lon="7.2341258"/>
    <trkpt lat="45.5366623" lon="7.2342425"/>
    <trkpt lat="45.5367119" lon="7.2342842"/>
    <trkpt lat="45.5368374" lon="7.2342713"/>
    <trkpt lat="45.5369425" lon="7.2342673"/>
    <trkpt lat="45.5370067" lon="7.2342509"/>
    <trkpt lat="45.5370736" lon="7.2342098"/>
    <trkpt lat="45.5371206" lon="7.2342015"/>
    <trkpt lat="45.5371449" lon="7.2343153"/>
    <trkpt lat="45.5371559" lon="7.2344542"/>
    <trkpt lat="45.537188" lon="7.234469"/>
    <trkpt lat="45.5372178" lon="7.2344584"/>
    <trkpt lat="45.5372136" lon="7.234628"/>
    <trkpt lat="45.5372403" lon="7.2347552"/>
    <trkpt lat="45.537315" lon="7.2348483"/>
    <trkpt lat="45.5373454" lon="7.2350011"/>
    <trkpt lat="45.5373971" lon="7.2350659"/>
    <trkpt lat="45.5373979" lon="7.2350969"/>
    <trkpt lat="45.5374035" lon="7.2351861"/>
    <trkpt lat="45.5374259" lon="7.2352397"/>
    <trkpt lat="45.5374388" lon="7.2353261"/>
    <trkpt lat="45.5374761" lon="7.2353728"/>
    <trkpt lat="45.5374768" lon="7.2354595"/>
    <trkpt lat="45.5375022" lon="7.2355296"/>
    <trkpt lat="45.537541" lon="7.2356054"/>
    <trkpt lat="45.537594" lon="7.2356579"/>
    <trkpt lat="45.5376052" lon="7.2356929"/>
    <trkpt lat="45.5376373" lon="7.2358173"/>
    <trkpt lat="45.5376678" lon="7.2358743"/>
    <trkpt lat="45.5376853" lon="7.23588"/>
    <trkpt lat="45.5377028" lon="7.2359127"/>
    <trkpt lat="45.5377013" lon="7.2359841"/>
    <trkpt lat="45.5377424" lon="7.2360305"/>
    <trkpt lat="45.5377943" lon="7.2361662"/>
    <trkpt lat="45.5377995" lon="7.2362108"/>
    <trkpt lat="45.5378027" lon="7.2362661"/>
    <trkpt lat="45.5378205" lon="7.2364519"/>
    <trkpt lat="45.5378026" lon="7.2365"/>
    <trkpt lat="45.5378055" lon="7.2365608"/>
    <trkpt lat="45.5377977" lon="7.2366227"/>
    <trkpt lat="45.5377762" lon="7.2367816"/>
    <trkpt lat="45.537757" lon="7.2369561"/>
    <trkpt lat="45.5377547" lon="7.2370385"/>
    <trkpt lat="45.5377777" lon="7.2371298"/>
    <trkpt lat="45.537792" lon="7.2372267"/>
    <trkpt lat="45.53783" lon="7.2373017"/>
    <trkpt lat="45.5379261" lon="7.2374767"/>
    <trkpt lat="45.5380197" lon="7.2376643"/>
    <trkpt lat="45.5380811" lon="7.2377727"/>
    <trkpt lat="45.5381336" lon="7.237906"/>
    <trkpt lat="45.5381831" lon="7.2379399"/>
    <trkpt lat="45.5382129" lon="7.2380278"/>
    <trkpt lat="45.5382798" lon="7.2381493"/>
    <trkpt lat="45.5383259" lon="7.238225"/>
    <trkpt lat="45.5384141" lon="7.2383208"/>
    <trkpt lat="45.5384821" lon="7.2383543"/>
    <trkpt lat="45.5385206" lon="7.2384266"/>
    <trkpt lat="45.5385481" lon="7.2385604"/>
    <trkpt lat="45.5385846" lon="7.2386765"/>
    <trkpt lat="45.5386546" lon="7.2387472"/>
    <trkpt lat="45.5387316" lon="7.2388181"/>
    <trkpt lat="45.538812" lon="7.2388813"/>
    <trkpt lat="45.5388962" lon="7.2389188"/>
    <trkpt lat="45.5389982" lon="7.2389391"/>
    <trkpt lat="45.5391225" lon="7.2390505"/>
    <trkpt lat="45.5391403" lon="7.2392466"/>
    <trkpt lat="45.5391542" lon="7.239387"/>
    <trkpt lat="45.5392159" lon="7.2395055"/>
    <trkpt lat="45.5392312" lon="7.2395768"/>
    <trkpt lat="45.5392662" lon="7.2396477"/>
    <trkpt lat="45.5392468" lon="7.239805"/>
    <trkpt lat="45.5393028" lon="7.2399101"/>
    <trkpt lat="45.5393043" lon="7.2400174"/>
    <trkpt lat="45.5393217" lon="7.2401314"/>
    <trkpt lat="45.5393368" lon="7.2402626"/>
    <trkpt lat="45.5393609" lon="7.2403603"/>
    <trkpt lat="45.5393562" lon="7.2404742"/>
    <trkpt lat="45.5393845" lon="7.2405551"/>
    <trkpt lat="45.5393935" lon="7.2406434"/>
    <trkpt lat="45.5393742" lon="7.2407556"/>
    <trkpt lat="45.5393355" lon="7.2408347"/>
    <trkpt lat="45.5393317" lon="7.2408954"/>
    <trkpt lat="45.5393652" lon="7.2409028"/>
    <trkpt lat="45.539436" lon="7.2407943"/>
    <trkpt lat="45.5394902" lon="7.240671"/>
    <trkpt lat="45.5395585" lon="7.2405698"/>
    <trkpt lat="45.5396358" lon="7.2405017"/>
    <trkpt lat="45.5396783" lon="7.2404502"/>
    <trkpt lat="45.5397079" lon="7.240292"/>
    <trkpt lat="45.5397856" lon="7.2400944"/>
    <trkpt lat="45.5398335" lon="7.2398398"/>
    <trkpt lat="45.5398381" lon="7.2395506"/>
    <trkpt lat="45.5398729" lon="7.2393252"/>
    <trkpt lat="45.539862" lon="7.239199"/>
    <trkpt lat="45.5398502" lon="7.2391325"/>
    <trkpt lat="45.5398406" lon="7.2390487"/>
    <trkpt lat="45.53986" lon="7.2389748"/>
    <trkpt lat="45.5398767" lon="7.2388755"/>
    <trkpt lat="45.5398712" lon="7.2387193"/>
    <trkpt lat="45.5398659" lon="7.2385432"/>
    <trkpt lat="45.5398797" lon="7.2383995"/>
    <trkpt lat="45.5399027" lon="7.2382662"/>
    <trkpt lat="45.5399229" lon="7.2382038"/>
    <trkpt lat="45.5399519" lon="7.238161"/>
    <trkpt lat="45.5399796" lon="7.2380991"/>
    <trkpt lat="45.5400209" lon="7.2380885"/>
    <trkpt lat="45.5400614" lon="7.2381186"/>
    <trkpt lat="45.5400847" lon="7.2381757"/>
    <trkpt lat="45.5401075" lon="7.2384088"/>
    <trkpt lat="45.5401177" lon="7.2385845"/>
    <trkpt lat="45.5401478" lon="7.2387774"/>
    <trkpt lat="45.5401664" lon="7.2389654"/>
    <trkpt lat="45.5401644" lon="7.2392265"/>
    <trkpt lat="45.5401844" lon="7.2393332"/>
    <trkpt lat="45.5401844" lon="7.2393332"/>
    <trkpt lat="45.5401644" lon="7.2392265"/>
    <trkpt lat="45.5401664" lon="7.2389654"/>
    <trkpt lat="45.5401478" lon="7.2387774"/>
    <trkpt lat="45.5401177" lon="7.2385845"/>
    <trkpt lat="45.5401075" lon="7.2384088"/>
    <trkpt lat="45.5400847" lon="7.2381757"/>
    <trkpt lat="45.5400614" lon="7.2381186"/>
    <trkpt lat="45.5400209" lon="7.2380885"/>
    <trkpt lat="45.5399796" lon="7.2380991"/>
    <trkpt lat="45.5399519" lon="7.238161"/>
    <trkpt lat="45.5399229" lon="7.2382038"/>
    <trkpt lat="45.5399027" lon="7.2382662"/>
    <trkpt lat="45.5398797" lon="7.2383995"/>
    <trkpt lat="45.5398659" lon="7.2385432"/>
    <trkpt lat="45.5398712" lon="7.2387193"/>
    <trkpt lat="45.5398767" lon="7.2388755"/>
    <trkpt lat="45.53986" lon="7.2389748"/>
    <trkpt lat="45.5398406" lon="7.2390487"/>
    <trkpt lat="45.5398502" lon="7.2391325"/>
    <trkpt lat="45.539862" lon="7.239199"/>
    <trkpt lat="45.5398729" lon="7.2393252"/>
    <trkpt lat="45.5398381" lon="7.2395506"/>
    <trkpt lat="45.5398335" lon="7.2398398"/>
    <trkpt lat="45.5397856" lon="7.2400944"/>
    <trkpt lat="45.5397079" lon="7.240292"/>
    <trkpt lat="45.5396783" lon="7.2404502"/>
    <trkpt lat="45.5396358" lon="7.2405017"/>
    <trkpt lat="45.5395585" lon="7.2405698"/>
    <trkpt lat="45.5394902" lon="7.240671"/>
    <trkpt lat="45.539436" lon="7.2407943"/>
    <trkpt lat="45.5393652" lon="7.2409028"/>
    <trkpt lat="45.5393317" lon="7.2408954"/>
    <trkpt lat="45.5393355" lon="7.2408347"/>
    <trkpt lat="45.5393742" lon="7.2407556"/>
    <trkpt lat="45.5393935" lon="7.2406434"/>
    <trkpt lat="45.5393845" lon="7.2405551"/>
    <trkpt lat="45.5393562" lon="7.2404742"/>
    <trkpt lat="45.5393609" lon="7.2403603"/>
    <trkpt lat="45.5393368" lon="7.2402626"/>
    <trkpt lat="45.5393217" lon="7.2401314"/>
    <trkpt lat="45.5393043" lon="7.2400174"/>
    <trkpt lat="45.5393028" lon="7.2399101"/>
    <trkpt lat="45.5392468" lon="7.239805"/>
    <trkpt lat="45.5392662" lon="7.2396477"/>
    <trkpt lat="45.5392312" lon="7.2395768"/>
    <trkpt lat="45.5392159" lon="7.2395055"/>
    <trkpt lat="45.5391542" lon="7.239387"/>
    <trkpt lat="45.5391403" lon="7.2392466"/>
    <trkpt lat="45.5391225" lon="7.2390505"/>
    <trkpt lat="45.5389982" lon="7.2389391"/>
    <trkpt lat="45.5388962" lon="7.2389188"/>
    <trkpt lat="45.538812" lon="7.2388813"/>
    <trkpt lat="45.5387316" lon="7.2388181"/>
    <trkpt lat="45.5386546" lon="7.2387472"/>
    <trkpt lat="45.5385846" lon="7.2386765"/>
    <trkpt lat="45.5385481" lon="7.2385604"/>
    <trkpt lat="45.5385206" lon="7.2384266"/>
    <trkpt lat="45.5384821" lon="7.2383543"/>
    <trkpt lat="45.5384141" lon="7.2383208"/>
    <trkpt lat="45.5383259" lon="7.238225"/>
    <trkpt lat="45.5382798" lon="7.2381493"/>
    <trkpt lat="45.5382129" lon="7.2380278"/>
    <trkpt lat="45.5381831" lon="7.2379399"/>
    <trkpt lat="45.5381336" lon="7.237906"/>
    <trkpt lat="45.5380811" lon="7.2377727"/>
    <trkpt lat="45.5380197" lon="7.2376643"/>
    <trkpt lat="45.5379261" lon="7.2374767"/>
    <trkpt lat="45.53783" lon="7.2373017"/>
    <trkpt lat="45.537792" lon="7.2372267"/>
    <trkpt lat="45.5377777" lon="7.2371298"/>
    <trkpt lat="45.5377547" lon="7.2370385"/>
    <trkpt lat="45.537757" lon="7.2369561"/>
    <trkpt lat="45.5377762" lon="7.2367816"/>
    <trkpt lat="45.5377977" lon="7.2366227"/>
    <trkpt lat="45.5378055" lon="7.2365608"/>
    <trkpt lat="45.5378026" lon="7.2365"/>
    <trkpt lat="45.5378205" lon="7.2364519"/>
    <trkpt lat="45.5378027" lon="7.2362661"/>
    <trkpt lat="45.5377995" lon="7.2362108"/>
    <trkpt lat="45.5377943" lon="7.2361662"/>
    <trkpt lat="45.5377424" lon="7.2360305"/>
    <trkpt lat="45.5377013" lon="7.2359841"/>
    <trkpt lat="45.5377028" lon="7.2359127"/>
    <trkpt lat="45.5376853" lon="7.23588"/>
    <trkpt lat="45.5376678" lon="7.2358743"/>
    <trkpt lat="45.5376373" lon="7.2358173"/>
    <trkpt lat="45.5376052" lon="7.2356929"/>
    <trkpt lat="45.537594" lon="7.2356579"/>
    <trkpt lat="45.537541" lon="7.2356054"/>
    <trkpt lat="45.5375022" lon="7.2355296"/>
    <trkpt lat="45.5374768" lon="7.2354595"/>
    <trkpt lat="45.5374761" lon="7.2353728"/>
    <trkpt lat="45.5374388" lon="7.2353261"/>
    <trkpt lat="45.5374259" lon="7.2352397"/>
    <trkpt lat="45.5374035" lon="7.2351861"/>
    <trkpt lat="45.5373979" lon="7.2350969"/>
    <trkpt lat="45.5373971" lon="7.2350659"/>
    <trkpt lat="45.5373454" lon="7.2350011"/>
    <trkpt lat="45.537315" lon="7.2348483"/>
    <trkpt lat="45.5372403" lon="7.2347552"/>
    <trkpt lat="45.5372136" lon="7.234628"/>
    <trkpt lat="45.5372178" lon="7.2344584"/>
    <trkpt lat="45.537188" lon="7.234469"/>
    <trkpt lat="45.5371559" lon="7.2344542"/>
    <trkpt lat="45.5371449" lon="7.2343153"/>
    <trkpt lat="45.5371206" lon="7.2342015"/>
    <trkpt lat="45.5370736" lon="7.2342098"/>
    <trkpt lat="45.5370067" lon="7.2342509"/>
    <trkpt lat="45.5369425" lon="7.2342673"/>
    <trkpt lat="45.5368374" lon="7.2342713"/>
    <trkpt lat="45.5367119" lon="7.2342842"/>
    <trkpt lat="45.5366623" lon="7.2342425"/>
    <trkpt lat="45.5366156" lon="7.2341258"/>
    <trkpt lat="45.5365601" lon="7.2339883"/>
    <trkpt lat="45.5365134" lon="7.2338966"/>
    <trkpt lat="45.5364491" lon="7.2338216"/>
    <trkpt lat="45.5363353" lon="7.2336924"/>
    <trkpt lat="45.5362565" lon="7.2336173"/>
    <trkpt lat="45.5361718" lon="7.2335131"/>
    <trkpt lat="45.5360988" lon="7.2334215"/>
    <trkpt lat="45.5360258" lon="7.2333339"/>
    <trkpt lat="45.5359587" lon="7.2331964"/>
    <trkpt lat="45.5359259" lon="7.2331722"/>
    <trkpt lat="45.5358682" lon="7.2331922"/>
    <trkpt lat="45.5358069" lon="7.2332006"/>
    <trkpt lat="45.535731" lon="7.2332131"/>
    <trkpt lat="45.5356697" lon="7.2332714"/>
    <trkpt lat="45.5356317" lon="7.2333423"/>
    <trkpt lat="45.5355617" lon="7.2334173"/>
    <trkpt lat="45.5355033" lon="7.2334881"/>
    <trkpt lat="45.5354332" lon="7.2335632"/>
    <trkpt lat="45.5353427" lon="7.233584"/>
    <trkpt lat="45.5352434" lon="7.2335673"/>
    <trkpt lat="45.5351704" lon="7.2335673"/>
    <trkpt lat="45.5350829" lon="7.2335507"/>
    <trkpt lat="45.5349894" lon="7.233534"/>
    <trkpt lat="45.5348931" lon="7.2334965"/>
    <trkpt lat="45.5347763" lon="7.2334715"/>
    <trkpt lat="45.5346712" lon="7.2334923"/>
    <trkpt lat="45.5345311" lon="7.233509"/>
    <trkpt lat="45.5344406" lon="7.2335215"/>
    <trkpt lat="45.5343647" lon="7.2335673"/>
    <trkpt lat="45.5342479" lon="7.2335923"/>
    <trkpt lat="45.534134" lon="7.2336382"/>
    <trkpt lat="45.5340202" lon="7.2336507"/>
    <trkpt lat="45.5339501" lon="7.233559"/>
    <trkpt lat="45.5339238" lon="7.2334631"/>
    <trkpt lat="45.5339082" lon="7.2333196"/>
    <trkpt lat="45.5338225" lon="7.2331039"/>
    <trkpt lat="45.5338064" lon="7.2329164"/>
    <trkpt lat="45.5337866" lon="7.2327171"/>
    <trkpt lat="45.5337136" lon="7.2326212"/>
    <trkpt lat="45.5335755" lon="7.232544"/>
    <trkpt lat="45.5335334" lon="7.2325362"/>
    <trkpt lat="45.5334686" lon="7.2324723"/>
    <trkpt lat="45.5334485" lon="7.2323795"/>
    <trkpt lat="45.5333884" lon="7.2322461"/>
    <trkpt lat="45.5333408" lon="7.2321215"/>
    <trkpt lat="45.5332699" lon="7.2320586"/>
    <trkpt lat="45.5332348" lon="7.231896"/>
    <trkpt lat="45.5331677" lon="7.2317918"/>
    <trkpt lat="45.533121" lon="7.2317418"/>
    <trkpt lat="45.5330451" lon="7.2317585"/>
    <trkpt lat="45.5329283" lon="7.2317893"/>
    <trkpt lat="45.5328232" lon="7.231821"/>
    <trkpt lat="45.532683" lon="7.2318293"/>
    <trkpt lat="45.5325487" lon="7.231846"/>
    <trkpt lat="45.532429" lon="7.2318293"/>
    <trkpt lat="45.5323473" lon="7.231846"/>
    <trkpt lat="45.5322393" lon="7.2318043"/>
    <trkpt lat="45.5321604" lon="7.2317877"/>
    <trkpt lat="45.5321079" lon="7.2317335"/>
    <trkpt lat="45.5320028" lon="7.231721"/>
    <trkpt lat="45.5319006" lon="7.2316918"/>
    <trkpt lat="45.5318218" lon="7.231696"/>
    <trkpt lat="45.53174" lon="7.2316793"/>
    <trkpt lat="45.5316583" lon="7.231621"/>
    <trkpt lat="45.5315531" lon="7.2315168"/>
    <trkpt lat="45.5314626" lon="7.2314584"/>
    <trkpt lat="45.5314013" lon="7.2313709"/>
    <trkpt lat="45.5313896" lon="7.231175"/>
    <trkpt lat="45.5313634" lon="7.231"/>
    <trkpt lat="45.5313751" lon="7.2308207"/>
    <trkpt lat="45.5314188" lon="7.2306665"/>
    <trkpt lat="45.5313605" lon="7.230654"/>
    <trkpt lat="45.5312524" lon="7.2307082"/>
    <trkpt lat="45.5311327" lon="7.2307332"/>
    <trkpt lat="45.5310189" lon="7.2307457"/>
    <trkpt lat="45.5308729" lon="7.2307791"/>
    <trkpt lat="45.5307561" lon="7.2307999"/>
    <trkpt lat="45.5306831" lon="7.2307707"/>
    <trkpt lat="45.5306451" lon="7.230679"/>
    <trkpt lat="45.5305663" lon="7.2305498"/>
    <trkpt lat="45.530505" lon="7.2303998"/>
    <trkpt lat="45.5304466" lon="7.2302956"/>
    <trkpt lat="45.530397" lon="7.2301914"/>
    <trkpt lat="45.5303444" lon="7.2300705"/>
    <trkpt lat="45.5302831" lon="7.229908"/>
    <trkpt lat="45.5302773" lon="7.2297663"/>
    <trkpt lat="45.5302948" lon="7.2295412"/>
    <trkpt lat="45.5302568" lon="7.2294787"/>
    <trkpt lat="45.5301926" lon="7.229362"/>
    <trkpt lat="45.5301254" lon="7.229262"/>
    <trkpt lat="45.5300554" lon="7.2291286"/>
    <trkpt lat="45.5300086" lon="7.2290286"/>
    <trkpt lat="45.5299269" lon="7.2288952"/>
    <trkpt lat="45.5298335" lon="7.228741"/>
    <trkpt lat="45.5297605" lon="7.2285659"/>
    <trkpt lat="45.5297313" lon="7.2284492"/>
    <trkpt lat="45.5297167" lon="7.228295"/>
    <trkpt lat="45.5296904" lon="7.2281325"/>
    <trkpt lat="45.5296437" lon="7.2281075"/>
    <trkpt lat="45.5295707" lon="7.2280825"/>
    <trkpt lat="45.5295561" lon="7.227995"/>
    <trkpt lat="45.5295765" lon="7.2278532"/>
    <trkpt lat="45.5295502" lon="7.227699"/>
    <trkpt lat="45.5294889" lon="7.2276824"/>
    <trkpt lat="45.5294568" lon="7.2275657"/>
    <trkpt lat="45.5293809" lon="7.2274448"/>
    <trkpt lat="45.5293663" lon="7.2273073"/>
    <trkpt lat="45.5293167" lon="7.2272364"/>
    <trkpt lat="45.529263" lon="7.2271311"/>
    <trkpt lat="45.5292182" lon="7.2270258"/>
    <trkpt lat="45.5291801" lon="7.2269635"/>
    <trkpt lat="45.5291348" lon="7.2268654"/>
    <trkpt lat="45.5291149" lon="7.2267176"/>
    <trkpt lat="45.529118" lon="7.2265072"/>
    <trkpt lat="45.5290994" lon="7.2263041"/>
    <trkpt lat="45.5291502" lon="7.2261194"/>
    <trkpt lat="45.5291444" lon="7.2259777"/>
    <trkpt lat="45.5291322" lon="7.2259193"/>
    <trkpt lat="45.5290769" lon="7.2258813"/>
    <trkpt lat="45.5289897" lon="7.2258068"/>
    <trkpt lat="45.5288816" lon="7.2258152"/>
    <trkpt lat="45.5287999" lon="7.2257943"/>
    <trkpt lat="45.5287175" lon="7.2256239"/>
    <trkpt lat="45.5286662" lon="7.2254939"/>
    <trkpt lat="45.5288262" lon="7.2252692"/>
    <trkpt lat="45.5288875" lon="7.2251275"/>
    <trkpt lat="45.5288933" lon="7.2249691"/>
    <trkpt lat="45.5289517" lon="7.2247316"/>
    <trkpt lat="45.5289867" lon="7.2246732"/>
    <trkpt lat="45.5290305" lon="7.2246023"/>
    <trkpt lat="45.5290656" lon="7.2244523"/>
    <trkpt lat="45.5290936" lon="7.2243816"/>
    <trkpt lat="45.5291055" lon="7.2242529"/>
    <trkpt lat="45.5291613" lon="7.2241223"/>
    <trkpt lat="45.5292554" lon="7.2240522"/>
    <trkpt lat="45.529305" lon="7.2238021"/>
    <trkpt lat="45.5293721" lon="7.2237188"/>
    <trkpt lat="45.5295023" lon="7.2235406"/>
    <trkpt lat="45.5295461" lon="7.2234268"/>
    <trkpt lat="45.5295803" lon="7.2232594"/>
    <trkpt lat="45.5295682" lon="7.2231532"/>
    <trkpt lat="45.5295092" lon="7.2229666"/>
    <trkpt lat="45.5294759" lon="7.2228751"/>
    <trkpt lat="45.5294657" lon="7.2227763"/>
    <trkpt lat="45.5294503" lon="7.2226812"/>
    <trkpt lat="45.5294285" lon="7.2226047"/>
    <trkpt lat="45.5294118" lon="7.2225458"/>
    <trkpt lat="45.5293606" lon="7.2224287"/>
    <trkpt lat="45.5293016" lon="7.2223811"/>
    <trkpt lat="45.5292862" lon="7.2222896"/>
    <trkpt lat="45.5292478" lon="7.2221689"/>
    <trkpt lat="45.5292298" lon="7.2220591"/>
    <trkpt lat="45.5291683" lon="7.221953"/>
    <trkpt lat="45.5291247" lon="7.2219128"/>
    <trkpt lat="45.5290658" lon="7.2218871"/>
    <trkpt lat="45.5290119" lon="7.2218103"/>
    <trkpt lat="45.5289581" lon="7.2217993"/>
    <trkpt lat="45.5289069" lon="7.2217543"/>
    <trkpt lat="45.5288701" lon="7.2216842"/>
    <trkpt lat="45.5288063" lon="7.2215896"/>
    <trkpt lat="45.52874" lon="7.2215126"/>
    <trkpt lat="45.5286713" lon="7.2214425"/>
    <trkpt lat="45.5286124" lon="7.2214144"/>
    <trkpt lat="45.5285329" lon="7.2213801"/>
    <trkpt lat="45.52847" lon="7.221425"/>
    <trkpt lat="45.5283939" lon="7.2214285"/>
    <trkpt lat="45.5283669" lon="7.2213934"/>
    <trkpt lat="45.5283178" lon="7.2213233"/>
    <trkpt lat="45.5282565" lon="7.2212603"/>
    <trkpt lat="45.5281681" lon="7.2212077"/>
    <trkpt lat="45.5281092" lon="7.2211517"/>
    <trkpt lat="45.5280699" lon="7.2211517"/>
    <trkpt lat="45.5280282" lon="7.2210746"/>
    <trkpt lat="45.5279938" lon="7.220959"/>
    <trkpt lat="45.5279349" lon="7.2208468"/>
    <trkpt lat="45.5278809" lon="7.2207382"/>
    <trkpt lat="45.5278588" lon="7.2207032"/>
    <trkpt lat="45.5277926" lon="7.220584"/>
    <trkpt lat="45.5277385" lon="7.2205105"/>
    <trkpt lat="45.527687" lon="7.2204474"/>
    <trkpt lat="45.5276232" lon="7.2204194"/>
    <trkpt lat="45.5275864" lon="7.2204299"/>
    <trkpt lat="45.5275545" lon="7.2203668"/>
    <trkpt lat="45.5274955" lon="7.2202547"/>
    <trkpt lat="45.5274342" lon="7.2201636"/>
    <trkpt lat="45.5273753" lon="7.220048"/>
    <trkpt lat="45.5272992" lon="7.2199709"/>
    <trkpt lat="45.5272623" lon="7.2198658"/>
    <trkpt lat="45.5272599" lon="7.2197431"/>
    <trkpt lat="45.5272403" lon="7.2196485"/>
    <trkpt lat="45.5272403" lon="7.2195329"/>
    <trkpt lat="45.5272353" lon="7.2193892"/>
    <trkpt lat="45.5272329" lon="7.2192386"/>
    <trkpt lat="45.527228" lon="7.219151"/>
    <trkpt lat="45.5272133" lon="7.2190108"/>
    <trkpt lat="45.5271789" lon="7.2189127"/>
    <trkpt lat="45.5271666" lon="7.2187901"/>
    <trkpt lat="45.5271593" lon="7.218706"/>
    <trkpt lat="45.52712" lon="7.2185483"/>
    <trkpt lat="45.5270733" lon="7.2183907"/>
    <trkpt lat="45.5270242" lon="7.2183346"/>
    <trkpt lat="45.526985" lon="7.218275"/>
    <trkpt lat="45.5269187" lon="7.2182015"/>
    <trkpt lat="45.5268352" lon="7.2181594"/>
    <trkpt lat="45.526791" lon="7.2181349"/>
    <trkpt lat="45.5267493" lon="7.2180403"/>
    <trkpt lat="45.5267051" lon="7.2180017"/>
    <trkpt lat="45.5266585" lon="7.2179211"/>
    <trkpt lat="45.5266241" lon="7.2178511"/>
    <trkpt lat="45.5265947" lon="7.2178125"/>
    <trkpt lat="45.5265554" lon="7.2177249"/>
    <trkpt lat="45.5265063" lon="7.2176794"/>
    <trkpt lat="45.5264523" lon="7.2175918"/>
    <trkpt lat="45.5263934" lon="7.2175077"/>
    <trkpt lat="45.5263443" lon="7.2174937"/>
    <trkpt lat="45.526305" lon="7.2175007"/>
    <trkpt lat="45.5262756" lon="7.2174516"/>
    <trkpt lat="45.526224" lon="7.2173535"/>
    <trkpt lat="45.526197" lon="7.2172799"/>
    <trkpt lat="45.5261577" lon="7.2171783"/>
    <trkpt lat="45.5261234" lon="7.2170942"/>
    <trkpt lat="45.5261086" lon="7.2169611"/>
    <trkpt lat="45.5260792" lon="7.216842"/>
    <trkpt lat="45.5260424" lon="7.2167649"/>
    <trkpt lat="45.5260105" lon="7.2166773"/>
    <trkpt lat="45.5260767" lon="7.2166493"/>
    <trkpt lat="45.5260473" lon="7.2165687"/>
    <trkpt lat="45.526008" lon="7.2165091"/>
    <trkpt lat="45.5259589" lon="7.216439"/>
    <trkpt lat="45.5259147" lon="7.2163795"/>
    <trkpt lat="45.5258607" lon="7.2162954"/>
    <trkpt lat="45.5257993" lon="7.2162113"/>
    <trkpt lat="45.5257625" lon="7.2161342"/>
    <trkpt lat="45.5257527" lon="7.2160011"/>
    <trkpt lat="45.5257331" lon="7.2158994"/>
    <trkpt lat="45.5256815" lon="7.2158259"/>
    <trkpt lat="45.5256251" lon="7.2157628"/>
    <trkpt lat="45.5256005" lon="7.2156647"/>
    <trkpt lat="45.5255809" lon="7.2155666"/>
    <trkpt lat="45.5255809" lon="7.215479"/>
    <trkpt lat="45.525522" lon="7.2153809"/>
    <trkpt lat="45.5254655" lon="7.2153108"/>
    <trkpt lat="45.525441" lon="7.2152793"/>
    <trkpt lat="45.5253771" lon="7.2152197"/>
    <trkpt lat="45.5253722" lon="7.2151742"/>
    <trkpt lat="45.5253354" lon="7.2151181"/>
    <trkpt lat="45.5252912" lon="7.2150585"/>
    <trkpt lat="45.5252446" lon="7.2149814"/>
    <trkpt lat="45.5252004" lon="7.2149079"/>
    <trkpt lat="45.5251341" lon="7.2148273"/>
    <trkpt lat="45.5250605" lon="7.2147852"/>
    <trkpt lat="45.5250016" lon="7.2147922"/>
    <trkpt lat="45.5249181" lon="7.2147712"/>
    <trkpt lat="45.5248567" lon="7.2147782"/>
    <trkpt lat="45.5247929" lon="7.2147607"/>
    <trkpt lat="45.5247291" lon="7.2147432"/>
    <trkpt lat="45.524653" lon="7.2147152"/>
    <trkpt lat="45.5246039" lon="7.2147222"/>
    <trkpt lat="45.5245204" lon="7.2147257"/>
    <trkpt lat="45.524459" lon="7.2147747"/>
    <trkpt lat="45.5244149" lon="7.2148448"/>
    <trkpt lat="45.5243314" lon="7.2149149"/>
    <trkpt lat="45.5242725" lon="7.2149744"/>
    <trkpt lat="45.5242381" lon="7.2150655"/>
    <trkpt lat="45.5241988" lon="7.2151321"/>
    <trkpt lat="45.5241669" lon="7.2152512"/>
    <trkpt lat="45.5241178" lon="7.2153634"/>
    <trkpt lat="45.5240884" lon="7.2154369"/>
    <trkpt lat="45.5240491" lon="7.2155245"/>
    <trkpt lat="45.5239534" lon="7.2155806"/>
    <trkpt lat="45.5239067" lon="7.2156297"/>
    <trkpt lat="45.5238601" lon="7.2156857"/>
    <trkpt lat="45.5238085" lon="7.2157593"/>
    <trkpt lat="45.5237422" lon="7.2158469"/>
    <trkpt lat="45.5236833" lon="7.2158994"/>
    <trkpt lat="45.5236121" lon="7.215994"/>
    <trkpt lat="45.5235974" lon="7.2160922"/>
    <trkpt lat="45.5235483" lon="7.2161482"/>
    <trkpt lat="45.523509" lon="7.2162113"/>
    <trkpt lat="45.5234919" lon="7.2163199"/>
    <trkpt lat="45.5234648" lon="7.216439"/>
    <trkpt lat="45.5234084" lon="7.2165301"/>
    <trkpt lat="45.523374" lon="7.2166247"/>
    <trkpt lat="45.5233127" lon="7.2166983"/>
    <trkpt lat="45.5232513" lon="7.2168174"/>
    <trkpt lat="45.5232169" lon="7.2169156"/>
    <trkpt lat="45.5231654" lon="7.2170207"/>
    <trkpt lat="45.5231212" lon="7.2171223"/>
    <trkpt lat="45.5230991" lon="7.2172274"/>
    <trkpt lat="45.5230279" lon="7.2173851"/>
    <trkpt lat="45.522996" lon="7.2174832"/>
    <trkpt lat="45.5230205" lon="7.2176128"/>
    <trkpt lat="45.5230033" lon="7.217788"/>
    <trkpt lat="45.5230058" lon="7.2179141"/>
    <trkpt lat="45.5230009" lon="7.2180648"/>
    <trkpt lat="45.5229812" lon="7.2181664"/>
    <trkpt lat="45.522915" lon="7.2182505"/>
    <trkpt lat="45.5228953" lon="7.2183136"/>
    <trkpt lat="45.5228683" lon="7.2183907"/>
    <trkpt lat="45.5228806" lon="7.2185483"/>
    <trkpt lat="45.522861" lon="7.2186429"/>
    <trkpt lat="45.5228217" lon="7.2187375"/>
    <trkpt lat="45.5227922" lon="7.2188462"/>
    <trkpt lat="45.5227603" lon="7.2189162"/>
    <trkpt lat="45.5227186" lon="7.2190354"/>
    <trkpt lat="45.5226719" lon="7.2191615"/>
    <trkpt lat="45.5226106" lon="7.2192841"/>
    <trkpt lat="45.5225222" lon="7.2193472"/>
    <trkpt lat="45.5224731" lon="7.2193998"/>
    <trkpt lat="45.522397" lon="7.2194838"/>
    <trkpt lat="45.5223454" lon="7.2194874"/>
    <trkpt lat="45.5222767" lon="7.2195364"/>
    <trkpt lat="45.5221859" lon="7.2195925"/>
    <trkpt lat="45.5220999" lon="7.219617"/>
    <trkpt lat="45.5220165" lon="7.219659"/>
    <trkpt lat="45.5219306" lon="7.2197046"/>
    <trkpt lat="45.5218913" lon="7.2197501"/>
    <trkpt lat="45.5218446" lon="7.2197396"/>
    <trkpt lat="45.5217661" lon="7.2197256"/>
    <trkpt lat="45.5216973" lon="7.2197186"/>
    <trkpt lat="45.5216286" lon="7.2197186"/>
    <trkpt lat="45.5215548" lon="7.2197093"/>
    <trkpt lat="45.5214862" lon="7.2197396"/>
    <trkpt lat="45.5214396" lon="7.2197361"/>
    <trkpt lat="45.5213463" lon="7.2197852"/>
    <trkpt lat="45.521195" lon="7.2198624"/>
    <trkpt lat="45.5211914" lon="7.2199826"/>
    <trkpt lat="45.5212029" lon="7.2200681"/>
    <trkpt lat="45.5211599" lon="7.2201893"/>
    <trkpt lat="45.5211443" lon="7.2202832"/>
    <trkpt lat="45.5210966" lon="7.2203642"/>
    <trkpt lat="45.5210734" lon="7.2204747"/>
    <trkpt lat="45.5210514" lon="7.2205552"/>
    <trkpt lat="45.5209986" lon="7.2206501"/>
    <trkpt lat="45.5209314" lon="7.2208889"/>
    <trkpt lat="45.5209069" lon="7.2209835"/>
    <trkpt lat="45.520843" lon="7.2210886"/>
    <trkpt lat="45.5207718" lon="7.2212112"/>
    <trkpt lat="45.5207031" lon="7.2212918"/>
    <trkpt lat="45.5206565" lon="7.2213233"/>
    <trkpt lat="45.5205583" lon="7.2213899"/>
    <trkpt lat="45.5204576" lon="7.221453"/>
    <trkpt lat="45.5203545" lon="7.2214845"/>
    <trkpt lat="45.5202612" lon="7.2215406"/>
    <trkpt lat="45.5201826" lon="7.2216247"/>
    <trkpt lat="45.5201186" lon="7.2217038"/>
    <trkpt lat="45.5200832" lon="7.2217907"/>
    <trkpt lat="45.5200341" lon="7.2219056"/>
    <trkpt lat="45.5199733" lon="7.2220065"/>
    <trkpt lat="45.5199355" lon="7.2220684"/>
    <trkpt lat="45.5199202" lon="7.2220934"/>
    <trkpt lat="45.5198751" lon="7.2221635"/>
    <trkpt lat="45.5198181" lon="7.2222672"/>
    <trkpt lat="45.5197631" lon="7.2223653"/>
    <trkpt lat="45.5196944" lon="7.2224662"/>
    <trkpt lat="45.519659" lon="7.2225138"/>
    <trkpt lat="45.5196197" lon="7.2225951"/>
    <trkpt lat="45.5195805" lon="7.2226848"/>
    <trkpt lat="45.5195098" lon="7.2227773"/>
    <trkpt lat="45.5194351" lon="7.2228502"/>
    <trkpt lat="45.5193428" lon="7.2228951"/>
    <trkpt lat="45.519276" lon="7.2229511"/>
    <trkpt lat="45.5192289" lon="7.2230128"/>
    <trkpt lat="45.5191503" lon="7.2230885"/>
    <trkpt lat="45.5190875" lon="7.2231361"/>
    <trkpt lat="45.5190089" lon="7.2232286"/>
    <trkpt lat="45.5189539" lon="7.2232735"/>
    <trkpt lat="45.5188852" lon="7.2233351"/>
    <trkpt lat="45.5188538" lon="7.2233548"/>
    <trkpt lat="45.5188047" lon="7.2233884"/>
    <trkpt lat="45.5187654" lon="7.2234445"/>
    <trkpt lat="45.5187163" lon="7.2234949"/>
    <trkpt lat="45.5186692" lon="7.2235538"/>
    <trkpt lat="45.5186161" lon="7.2236042"/>
    <trkpt lat="45.5185454" lon="7.2236631"/>
    <trkpt lat="45.5184767" lon="7.2237388"/>
    <trkpt lat="45.5184511" lon="7.2238032"/>
    <trkpt lat="45.518406" lon="7.2238537"/>
    <trkpt lat="45.5183667" lon="7.2239042"/>
    <trkpt lat="45.5183333" lon="7.2239602"/>
    <trkpt lat="45.5182881" lon="7.2240247"/>
    <trkpt lat="45.5182351" lon="7.2241116"/>
    <trkpt lat="45.5181605" lon="7.2242153"/>
    <trkpt lat="45.5181094" lon="7.224291"/>
    <trkpt lat="45.5180799" lon="7.2243582"/>
    <trkpt lat="45.5180191" lon="7.2243919"/>
    <trkpt lat="45.5179582" lon="7.2244031"/>
    <trkpt lat="45.5178894" lon="7.2244536"/>
    <trkpt lat="45.5178403" lon="7.2245208"/>
    <trkpt lat="45.517803" lon="7.2245713"/>
    <trkpt lat="45.5177696" lon="7.2246133"/>
    <trkpt lat="45.5177087" lon="7.224675"/>
    <trkpt lat="45.5176675" lon="7.2247283"/>
    <trkpt lat="45.5176262" lon="7.2247955"/>
    <trkpt lat="45.5175791" lon="7.2248852"/>
    <trkpt lat="45.5175457" lon="7.2249833"/>
    <trkpt lat="45.5174966" lon="7.2250282"/>
    <trkpt lat="45.5174613" lon="7.2250983"/>
    <trkpt lat="45.517418" lon="7.2251515"/>
    <trkpt lat="45.5173709" lon="7.225202"/>
    <trkpt lat="45.517312" lon="7.2252328"/>
    <trkpt lat="45.5172688" lon="7.2252552"/>
    <trkpt lat="45.5171941" lon="7.2253225"/>
    <trkpt lat="45.5171156" lon="7.2253645"/>
    <trkpt lat="45.5170547" lon="7.2254178"/>
    <trkpt lat="45.5170351" lon="7.2254458"/>
    <trkpt lat="45.5169683" lon="7.2255047"/>
    <trkpt lat="45.5169113" lon="7.225572"/>
    <trkpt lat="45.5168681" lon="7.2256252"/>
    <trkpt lat="45.5168386" lon="7.2256729"/>
    <trkpt lat="45.5167797" lon="7.2256841"/>
    <trkpt lat="45.5167561" lon="7.2257486"/>
    <trkpt lat="45.5167228" lon="7.2258158"/>
    <trkpt lat="45.5166619" lon="7.2258383"/>
    <trkpt lat="45.5165951" lon="7.2258607"/>
    <trkpt lat="45.5165263" lon="7.2258887"/>
    <trkpt lat="45.5164792" lon="7.2259224"/>
    <trkpt lat="45.5163928" lon="7.22597"/>
    <trkpt lat="45.516326" lon="7.226012"/>
    <trkpt lat="45.5162337" lon="7.2260499"/>
    <trkpt lat="45.5161669" lon="7.2261017"/>
    <trkpt lat="45.5160825" lon="7.2261242"/>
    <trkpt lat="45.5159941" lon="7.2261634"/>
    <trkpt lat="45.5159391" lon="7.2261634"/>
    <trkpt lat="45.5158487" lon="7.2262027"/>
    <trkpt lat="45.5157996" lon="7.2262139"/>
    <trkpt lat="45.5157289" lon="7.2262167"/>
    <trkpt lat="45.5156562" lon="7.2261914"/>
    <trkpt lat="45.515617" lon="7.2261718"/>
    <trkpt lat="45.5155345" lon="7.2260793"/>
    <trkpt lat="45.5154991" lon="7.2260765"/>
    <trkpt lat="45.5154048" lon="7.225998"/>
    <trkpt lat="45.5153439" lon="7.2259364"/>
    <trkpt lat="45.5152948" lon="7.2258747"/>
    <trkpt lat="45.5151397" lon="7.2257682"/>
    <trkpt lat="45.5150611" lon="7.2256813"/>
    <trkpt lat="45.5150336" lon="7.2256168"/>
    <trkpt lat="45.5149118" lon="7.2254935"/>
    <trkpt lat="45.5148745" lon="7.2254683"/>
    <trkpt lat="45.5148392" lon="7.2253898"/>
    <trkpt lat="45.5148215" lon="7.2253169"/>
    <trkpt lat="45.5147881" lon="7.2253141"/>
    <trkpt lat="45.5146997" lon="7.2253449"/>
    <trkpt lat="45.5146015" lon="7.2253533"/>
    <trkpt lat="45.5145642" lon="7.2253702"/>
    <trkpt lat="45.5145602" lon="7.2254402"/>
    <trkpt lat="45.514519" lon="7.2254823"/>
    <trkpt lat="45.5144601" lon="7.2255075"/>
    <trkpt lat="45.514462" lon="7.2255916"/>
    <trkpt lat="45.5144856" lon="7.2256841"/>
    <trkpt lat="45.5144876" lon="7.2257514"/>
    <trkpt lat="45.514466" lon="7.2258355"/>
    <trkpt lat="45.5144522" lon="7.2259448"/>
    <trkpt lat="45.5144188" lon="7.2259952"/>
    <trkpt lat="45.5143815" lon="7.2260345"/>
    <trkpt lat="45.5143599" lon="7.226169"/>
    <trkpt lat="45.5143285" lon="7.2262223"/>
    <trkpt lat="45.5142676" lon="7.2262671"/>
    <trkpt lat="45.5142499" lon="7.2263288"/>
    <trkpt lat="45.5142519" lon="7.226511"/>
    <trkpt lat="45.5142774" lon="7.2265867"/>
    <trkpt lat="45.5142912" lon="7.2266511"/>
    <trkpt lat="45.5142185" lon="7.2267829"/>
    <trkpt lat="45.5142224" lon="7.2268502"/>
    <trkpt lat="45.5142145" lon="7.226909"/>
    <trkpt lat="45.5140947" lon="7.2270155"/>
    <trkpt lat="45.5139985" lon="7.22708"/>
    <trkpt lat="45.5140005" lon="7.2271921"/>
    <trkpt lat="45.514026" lon="7.2273435"/>
    <trkpt lat="45.5140201" lon="7.2274052"/>
    <trkpt lat="45.5139926" lon="7.2274752"/>
    <trkpt lat="45.5139965" lon="7.2275369"/>
    <trkpt lat="45.5140181" lon="7.2275649"/>
    <trkpt lat="45.5139769" lon="7.2276771"/>
    <trkpt lat="45.5139651" lon="7.2277892"/>
    <trkpt lat="45.5139455" lon="7.2278677"/>
    <trkpt lat="45.5138944" lon="7.2279209"/>
    <trkpt lat="45.5138139" lon="7.2279714"/>
    <trkpt lat="45.5137333" lon="7.2280667"/>
    <trkpt lat="45.5137039" lon="7.2281284"/>
    <trkpt lat="45.5135389" lon="7.2282769"/>
    <trkpt lat="45.5134898" lon="7.2283414"/>
    <trkpt lat="45.5133837" lon="7.2284395"/>
    <trkpt lat="45.5133169" lon="7.2285152"/>
    <trkpt lat="45.5132207" lon="7.2286413"/>
    <trkpt lat="45.5131598" lon="7.2286946"/>
    <trkpt lat="45.5131087" lon="7.2286946"/>
    <trkpt lat="45.5130085" lon="7.2286413"/>
    <trkpt lat="45.5129221" lon="7.2286385"/>
    <trkpt lat="45.5128514" lon="7.2286749"/>
    <trkpt lat="45.5128081" lon="7.2286969"/>
    <trkpt lat="45.5126747" lon="7.2289417"/>
    <trkpt lat="45.512578" lon="7.2291652"/>
    <trkpt lat="45.5125153" lon="7.2293101"/>
    <trkpt lat="45.5124335" lon="7.2295903"/>
    <trkpt lat="45.512447" lon="7.2296253"/>
    <trkpt lat="45.5124526" lon="7.229669"/>
    <trkpt lat="45.5124437" lon="7.2297265"/>
    <trkpt lat="45.5124461" lon="7.2297862"/>
    <trkpt lat="45.5124617" lon="7.2298147"/>
    <trkpt lat="45.5125277" lon="7.229794"/>
    <trkpt lat="45.5125342" lon="7.2298722"/>
    <trkpt lat="45.5125535" lon="7.2298929"/>
    <trkpt lat="45.512597" lon="7.2299273"/>
    <trkpt lat="45.5125928" lon="7.2300147"/>
    <trkpt lat="45.5125688" lon="7.2303272"/>
    <trkpt lat="45.5125454" lon="7.230438"/>
    <trkpt lat="45.5124667" lon="7.2307857"/>
  </trkseg></trk></gpx>